master_record_number,agency,agency_tracking_number,county,city,collision_date,vehicles_involved,number_injured,number_dead,latitude,longitude,roadway_name,roadway_suffix,roadway_number,roadway_local_id,distance_from_reference,miles-feet_indicator,direction_from_reference,intersection_road_name,intersection_road_name_suffix,intersection_road_number,intersection_local_id,mile_marker,intersection_indicator,intersect_type,interchange_related_indicator,relation_to_junction,work_zone_type,construction_maintenance_zone,construction_maintenance_zone_location,fatal_case_number,officer_first_name,officer_last_name,weather_condition(s),manner_of_crash,pedestrian,bicycle,scooter,parking,hitrun,mou
103024925,METROPOLITAN NASHVILLE POLICE DEPT,20210363216,Davidson,Nashville,7/4/2021 11:14:00 PM,2,0,0,36.161640,-86.779880,COMMERCE ST,,,,194.00,Feet,West,5TH AVN,,,,0.00,N,Not at Intersection,N,Non-Junction,None,,,         ,Nathaniel,Jones,Clear,"Sideswipe, Same Direction",no,no,no,yes,yes,False
103024927,METROPOLITAN NASHVILLE POLICE DEPT,20210363369,Davidson,Nashville,7/5/2021 12:00:00 AM,1,0,0,36.057230,-86.715930,NOLENSVILLE PKE,,,,466.00,Feet,North,APRIL LN,,,,0.00,N,Not at Intersection,N,Non-Junction,None,,,         ,Alex,DiBernardo,Clear,Not Collision with Motor Vehicle in Transport,no,no,no,no,yes,False
103024929,METROPOLITAN NASHVILLE POLICE DEPT,20210363078,Davidson,Nashville,7/4/2021 10:55:00 PM,2,0,0,36.183860,-86.798000,I65 N ENT RAMP,,,,0.00,,,I 65,,,,0.00,Y,Four-Way,N,Intersection,None,,,         ,Joshua,Asbell,Smog/Smoke,Angle,no,no,no,no,no,False
103024930,METROPOLITAN NASHVILLE POLICE DEPT,20210363256,Davidson,Nashville,7/4/2021 9:21:00 PM,1,0,0,36.116720,-86.735630,LUTIE DR,,,,0.00,,,LUTIE ST,,,,0.00,Y,T-Intersection,N,Non-Junction,None,,,         ,Dillon,Gann,Clear,Not Collision with Motor Vehicle in Transport,no,no,no,no,yes,False
103024936,METROPOLITAN NASHVILLE POLICE DEPT,20210363370,Davidson,Nashville,7/4/2021 12:00:00 AM,1,0,0,36.062930,-86.689510,PANAMINT DR,,,,127.00,Feet,South,PACKARD DR,,,,0.00,N,Not at Intersection,N,Non-Junction,None,,,         ,Antoine,Maghamez,Clear,Not Collision with Motor Vehicle in Transport,no,no,no,no,yes,False
103024940,METROPOLITAN NASHVILLE POLICE DEPT,20210363074,Davidson,Nashville,7/4/2021 12:00:00 AM,2,1,0,36.177730,-86.764390,ELLINGTON PKWYS,,,,136.00,Feet,North,ELLINGTON PKWYN,,,,0.00,N,Not at Intersection,N,Non-Junction,None,,,         ,Esther,Poysti,,Angle,no,no,no,no,no,False
103024960,METROPOLITAN NASHVILLE POLICE DEPT,20210363069,Davidson,Nashville,7/4/2021 11:26:00 PM,2,1,0,36.160510,-86.801870,DR D B TODD JR BLVD,,,,0.00,,,JO JOHNSTON AV,,,,0.00,Y,Four-Way,N,Intersection,None,,,         ,Ty,Cummings,,Angle,no,no,no,no,no,False
103024967,METROPOLITAN NASHVILLE POLICE DEPT,20210363322,Davidson,Nashville,7/4/2021 12:00:00 AM,2,0,0,36.164040,-86.753820,GLENVIEW DR,,,,57.00,Feet,East,OZARK ST,,,,0.00,N,Not at Intersection,N,Non-Junction,None,,,         ,Esther,Poysti,,Angle,no,no,no,no,yes,False
103024968,METROPOLITAN NASHVILLE POLICE DEPT,20210363182,Davidson,Nashville,7/4/2021 11:27:00 PM,2,0,0,36.151420,-86.805200,LOUISE AV,,,,0.00,,,,,,,0.00,,,N,Non-Junction,None,,,         ,Kelsey,Hicks,Clear,Unknown,no,no,no,yes,yes,False
103024979,METROPOLITAN NASHVILLE POLICE DEPT,20210363374,Davidson,Nashville,7/5/2021 3:47:00 AM,3,2,0,36.077090,-86.725560,EDMONDSON PKE,,,,0.00,,,WALLACE RD,,,,0.00,Y,Four-Way,N,Intersection,None,,,         ,William,Williams,Clear,Front to Rear,no,no,no,no,no,False
103024981,METROPOLITAN NASHVILLE POLICE DEPT,20210363357,Davidson,Nashville,7/5/2021 3:29:00 AM,1,0,0,36.144220,-86.697010,I40 E EXT RAMP,,,,0.00,Feet,East,I 40,,,,0.00,N,Not at Intersection,N,Entrance/Exit Ramp Related,None,,,         ,Amy,Hirschmann,Clear,Not Collision with Motor Vehicle in Transport,no,no,no,no,yes,False
103024983,METROPOLITAN NASHVILLE POLICE DEPT,20210363395,Davidson,Nashville,7/5/2021 4:20:00 AM,1,0,0,36.154080,-86.788260,I 40,,,,0.00,,,,,,,209.25,N,Not at Intersection,N,Non-Junction,None,,,         ,Michael,Hodges,Clear,Unknown,no,no,no,no,yes,False
103024990,METROPOLITAN NASHVILLE POLICE DEPT,20210363394,Davidson,Nashville,7/5/2021 4:32:00 AM,1,1,0,36.165860,-86.781910,CHARLOTTE AV,,,,0.00,Feet,West,5TH AVN,,,,0.00,N,Not at Intersection,N,Non-Junction,None,,,         ,Kelly,Turcios,Clear,Not Collision with Motor Vehicle in Transport,no,no,no,no,no,False
103024997,METROPOLITAN NASHVILLE POLICE DEPT,20210363440,Davidson,Nashville,7/5/2021 12:00:00 AM,1,0,0,36.230410,-86.743790,LEMONT DR,,,,29.00,Feet,North,BROADMOOR DR,,,,0.00,N,Not at Intersection,N,Non-Junction,None,,,         ,Matthew,Jankiewicz,Clear,Unknown,no,no,no,no,yes,False
103024998,METROPOLITAN NASHVILLE POLICE DEPT,20210363423,Davidson,Not in City Limit,7/5/2021 4:30:00 AM,1,1,0,36.262000,-86.727530,E MARTHONA RD,,,,795.00,Feet,South,OLD HICKORY BLVDW,,,,0.00,N,Not at Intersection,N,Non-Junction,None,,,         ,Justan,Vance,Clear,Not Collision with Motor Vehicle in Transport,no,no,no,no,yes,False
103025014,METROPOLITAN NASHVILLE POLICE DEPT,20210363418,Davidson,Nashville,7/5/2021 12:00:00 AM,1,0,0,36.083340,-86.703640,LINBAR DR,,,,395.00,Feet,South,LARGO DR,,,,0.00,N,Not at Intersection,N,Non-Junction,None,,,         ,Antoine,Maghamez,Clear,Not Collision with Motor Vehicle in Transport,no,no,no,no,yes,False
103025025,METROPOLITAN NASHVILLE POLICE DEPT,20210363362,Davidson,Not in City Limit,7/5/2021 3:41:00 AM,1,2,0,36.276880,-86.797130,OLD HICKORY BLVD,,,,100.00,Feet,East,I24 W EXT RAMP,,,,0.00,N,Not at Intersection,N,Non-Junction,None,,,         ,Ashton,Hill,Clear,Not Collision with Motor Vehicle in Transport,no,no,no,no,no,False
103025036,METROPOLITAN NASHVILLE POLICE DEPT,20210363450,Davidson,Nashville,7/5/2021 4:26:00 AM,1,0,0,36.064060,-86.739130,EDMONDSON PKE,,,,246.00,Feet,North,GREENTREE DR,,,,0.00,N,Not at Intersection,N,Non-Junction,None,,,         ,Gary,Sneed,Clear,Not Collision with Motor Vehicle in Transport,no,no,no,no,yes,False
103025041,METROPOLITAN NASHVILLE POLICE DEPT,20210363464,Davidson,Nashville,7/5/2021 6:58:00 AM,2,3,0,36.142820,-86.649410,ELM HILL PKE,,,,185.00,Feet,East,MCCRORY CREEK RD,,,,0.00,N,Not at Intersection,N,Non-Junction,None,,,         ,Michael,Brooks,Clear,"Sideswipe, Opposite Direction",no,no,no,no,no,False
103025044,METROPOLITAN NASHVILLE POLICE DEPT,20210362433,Davidson,Not in City Limit,7/4/2021 2:00:00 PM,3,0,0,36.313060,-86.810820,CROCKER SPRINGS RD,,,,1764.00,Feet,South,CROCKER SPRINGS RD PVTDR,,,,0.00,N,Not at Intersection,N,Non-Junction,None,,,         ,Ricki,Armstrong,Clear,"Sideswipe, Opposite Direction",no,no,no,no,no,False
103025083,METROPOLITAN NASHVILLE POLICE DEPT,20210363540,Davidson,Nashville,7/5/2021 12:00:00 AM,1,0,0,36.024760,-86.680250,OLD HICKORY BLVD,,,,779.00,Feet,North,BARNES RD,,,,0.00,N,Not at Intersection,N,Non-Junction,None,,,         ,Gregory,Dixon,Clear,Not Collision with Motor Vehicle in Transport,no,no,no,no,yes,False
103025091,METROPOLITAN NASHVILLE POLICE DEPT,20210363500,Davidson,Nashville,7/5/2021 7:38:00 AM,2,1,0,36.047640,-86.668600,BEECHWOOD TER,,,,1018.00,Feet,North,CEDAR POINTE PKWY,,,,0.00,N,Not at Intersection,N,Non-Junction,None,,,         ,Stanley,Collins,Clear,Angle,no,no,no,yes,no,False
103025092,METROPOLITAN NASHVILLE POLICE DEPT,20210363129,Davidson,Nashville,7/4/2021 11:30:00 PM,2,0,0,36.154940,-86.763760,HERMITAGE AV,,,,128.00,Feet,West,LINDSLEY AV,,,,0.00,N,Not at Intersection,N,Non-Junction,None,,,         ,Steven,Meador,Clear,Front to Rear,no,no,no,no,no,False
103025185,METROPOLITAN NASHVILLE POLICE DEPT,20210363587,Davidson,Nashville,7/5/2021 8:28:00 AM,1,0,0,36.117360,-86.782840,GALE LN,,,,187.00,Feet,East,CRAIG AV,,,,0.00,N,Not at Intersection,N,Non-Junction,None,,,         ,Cynthia,Quirouette,Clear,Not Collision with Motor Vehicle in Transport,no,no,no,no,yes,False
103025218,METROPOLITAN NASHVILLE POLICE DEPT,20210363606,Davidson,Nashville,7/5/2021 12:00:00 AM,3,0,0,36.211410,-86.775700,I 65,,,,0.00,,,,,,,87.65,N,Not at Intersection,N,Non-Junction,None,,,         ,Edward,Holden,Clear,"Sideswipe, Same Direction",no,no,no,no,yes,False
103025246,METROPOLITAN NASHVILLE POLICE DEPT,20210363753,Davidson,Not in City Limit,7/5/2021 11:45:00 AM,1,0,0,36.335490,-86.844990,MORGAN RD,,,,667.00,Feet,East,WILKINSON RD,,,,0.00,N,Not at Intersection, ,Non-Junction,None,,,         ,Gregory,Scott,Clear,Not Collision with Motor Vehicle in Transport,no,no,no,no,no,False
103025258,METROPOLITAN NASHVILLE POLICE DEPT,20210363699,Davidson,Not in City Limit,7/5/2021 11:15:00 AM,2,5,0,36.266530,-86.690110,N DUPONT AV,,,,0.00,,,MYATT DR,,,,0.00,Y,Four-Way,N,Intersection,None,,,         ,Christopher,Littles,Clear,Angle,no,no,no,no,no,False
103025265,METROPOLITAN NASHVILLE POLICE DEPT,20210363684,Davidson,Nashville,7/5/2021 10:09:00 AM,2,0,0,36.207950,-86.777740,I 65,,,,0.00,,,,,,,0.00,,,N,Intersection,None,,,         ,Ryan,Worstall,Clear,Angle,no,no,no,no,yes,False
103025274,METROPOLITAN NASHVILLE POLICE DEPT,20210363677,Davidson,Nashville,7/5/2021 10:55:00 AM,2,1,0,36.176400,-86.772230,I 24,,,,0.00,,,,,,,47.95,N,Not at Intersection,N,Non-Junction,None,,,         ,Steven,Meador,Clear,Front to Rear,no,no,no,no,yes,False
103025363,METROPOLITAN NASHVILLE POLICE DEPT,20210363825,Davidson,Nashville,7/5/2021 1:13:00 PM,2,0,0,36.044900,-86.663970,BELL RD,,,,624.00,Feet,North,CANE RIDGE RD,,,,0.00,N,Not at Intersection, ,Non-Junction,None,,,         ,Darrin,Hardin,Clear,Front to Rear,no,no,no,no,no,False
103025440,METROPOLITAN NASHVILLE POLICE DEPT,20210363745,Davidson,Nashville,7/5/2021 11:55:00 AM,1,1,0,36.160980,-86.842400,TENNESSEE AV,,,,619.00,Feet,West,44TH AVN,,,,0.00,N,Not at Intersection,N,Non-Junction,None,,,         ,Peyton,Wheatley,Clear,Not Collision with Motor Vehicle in Transport,yes,no,no,yes,no,False
103025457,METROPOLITAN NASHVILLE POLICE DEPT,20210363846,Davidson,Not in City Limit,7/5/2021 1:20:00 PM,1,0,0,36.353440,-86.880970,WHITES CREEK PKE,,,,509.00,Feet,North,BAXTER RD,,,,0.00,N,Not at Intersection,N,Non-Junction,None,,,         ,Jeanine,Sarno,Clear,Not Collision with Motor Vehicle in Transport,no,no,no,yes,no,False
103025460,METROPOLITAN NASHVILLE POLICE DEPT,20210363874,Davidson,Not in City Limit,7/5/2021 2:01:00 PM,1,0,0,36.336460,-86.779230,UNION HILL RD,,,,462.00,Feet,North,LICKTON PKE,,,,0.00,N,Not at Intersection,N,Non-Junction,None,,,         ,Christopher,Littles,Clear,Not Collision with Motor Vehicle in Transport,no,no,no,no,no,False
103025548,METROPOLITAN NASHVILLE POLICE DEPT,20210363813,Davidson,Nashville,7/5/2021 12:48:00 PM,2,0,0,36.151760,-86.768630,2ND AVS,,,,0.00,,,I40 W EXT RAMP,,,,0.00,Y,Four-Way,N,Intersection,None,,,         ,Michael,Douglas,Cloudy,Angle,no,no,no,no,no,False
103025586,METROPOLITAN NASHVILLE POLICE DEPT,20210363882,Davidson,Nashville,7/5/2021 2:14:00 PM,2,1,0,36.093010,-86.605650,ANDERSON RD,,,,120.00,Feet,South,EDGEWATER DR,,,,0.00,N,Not at Intersection,N,Non-Junction,None,,,         ,Michael,Brooks,Clear,Angle,no,no,no,no,yes,False
103025617,METROPOLITAN NASHVILLE POLICE DEPT,20210363634,Davidson,Nashville,7/5/2021 12:00:00 AM,2,0,0,36.171580,-86.762200,S 6TH ST,,,,0.00,,,RUSSELL ST,,,,0.00,Y,T-Intersection,N,Intersection,None,,,         ,Greg,Lyons,Clear,Front to Rear,no,no,no,no,yes,False
103025632,METROPOLITAN NASHVILLE POLICE DEPT,20210363939,Davidson,Nashville,7/5/2021 2:17:00 PM,2,0,0,36.155550,-86.786810,12TH AVS,,,,0.00,Feet,,MCGAVOCK ST,,,,0.00,Y,Four-Way,N,Intersection,None,,,         ,Benny,Pittman,Clear,Angle,no,no,no,no,no,False
103025663,METROPOLITAN NASHVILLE POLICE DEPT,20210364048,Davidson,Nashville,7/5/2021 3:47:00 PM,2,0,0,36.131970,-86.726880,I24E,,,,610.00,Feet,North,I24 W EXT RAMP,,,,0.00,N,Not at Intersection,N,Non-Junction,None,,,         ,Robert,Higgins,Clear,Front to Rear,no,no,no,no,no,False
103025675,METROPOLITAN NASHVILLE POLICE DEPT,20210364050,Davidson,Nashville,7/5/2021 12:00:00 AM,2,0,0,36.188580,-86.707970,ROSE PARK DR,,,,75.00,Feet,East,ROSEVIEW DR,,,,0.00,N,Not at Intersection,N,Non-Junction,None,,,         ,Justen,Ogle,Clear,"Sideswipe, Opposite Direction",no,no,no,no,yes,False
103025687,METROPOLITAN NASHVILLE POLICE DEPT,20210363906,Davidson,Nashville,7/5/2021 2:43:00 PM,2,1,0,36.151800,-86.771250,LAFAYETTE ST,,,,0.00,,,4TH AVS,,,,0.00,Y,Four-Way,N,Intersection,None,,,         ,James,Hill,Clear,Angle,no,no,no,no,no,False
103025697,METROPOLITAN NASHVILLE POLICE DEPT,20210363967,Davidson,Nashville,7/5/2021 3:24:00 PM,5,1,0,36.176910,-86.774580,SPRING ST,,,,0.00,,,N 1ST ST,,,,0.00,Y,Four-Way,Y,Intersection,None,,,         ,Trevor,Taylor,Clear,HeadOn,no,no,no,no,no,False
103025705,METROPOLITAN NASHVILLE POLICE DEPT,20210364093,Davidson,Nashville,7/5/2021 4:40:00 PM,2,0,0,36.209890,-86.776050,I 65,,,,0.00,,,,,,,87.55,N,Not at Intersection, ,Non-Junction,None,,,         ,Craig,Paschetti,Clear,"Sideswipe, Same Direction",no,no,no,no,no,False
103025708,METROPOLITAN NASHVILLE POLICE DEPT,20210364140,Davidson,Nashville,7/5/2021 5:16:00 PM,2,0,0,36.147880,-86.692590,BRILEY PKWYN,,,,205.00,Feet,South,BRILEY PKWY N EXT RAMP,,,,0.00,N,Not at Intersection,N,Non-Junction,None,,,         ,Joseph,Simon,Clear,Front to Rear,no,no,no,no,yes,False
103025721,METROPOLITAN NASHVILLE POLICE DEPT,20210358436,Davidson,Nashville,7/2/2021 1:19:00 AM,2,2,0,36.135610,-86.893540,I 40,,,,0.00,,,,,,,201.55,N,Not at Intersection,N,Non-Junction,None,,,         ,Ryan,Allen,Clear,Front to Rear,no,no,no,no,no,False
103025801,METROPOLITAN NASHVILLE POLICE DEPT,20210364200,Davidson,Not in City Limit,7/5/2021 6:19:00 PM,1,1,0,36.269480,-86.755610,DICKERSON PKE,,,,88.00,Feet,North,OLD HICKORY BLVD,,,,0.00,N,Not at Intersection,Y,Non-Junction,None,,,         ,Mason,Tyler,Clear,Not Collision with Motor Vehicle in Transport,yes,no,no,no,no,False
103025803,METROPOLITAN NASHVILLE POLICE DEPT,20210364063,Davidson,Nashville,7/5/2021 4:19:00 PM,3,1,0,36.211010,-86.775910,I 65,,,,0.00,,,,,,,87.65,N,Not at Intersection,N,Non-Junction,None,,,         ,Gabriel,Centeno,Clear,Angle,no,no,no,no,yes,False
103025834,METROPOLITAN NASHVILLE POLICE DEPT,20210364210,Davidson,Nashville,7/5/2021 4:45:00 PM,2,0,0,36.169840,-86.675960,LEBANON PKE,,,,0.00,Feet,South,PARK DR,,,,0.00,N,Not at Intersection, ,Non-Junction,None,,,         ,Christopher,Beery,Clear,Front to Rear,no,no,no,no,no,False
103025891,METROPOLITAN NASHVILLE POLICE DEPT,20210364316,Davidson,Nashville,7/4/2021 12:00:00 AM,2,0,0,36.180160,-86.802900,10TH AVN,,,,109.00,Feet,South,BUCHANAN ST,,,,0.00,N,Not at Intersection,N,Non-Junction,None,,,         ,Keegan,Winchell,Clear,"Sideswipe, Opposite Direction",no,no,no,no,yes,False
103025898,METROPOLITAN NASHVILLE POLICE DEPT,20210364230,Davidson,Nashville,7/5/2021 5:05:00 PM,2,0,0,36.045010,-86.702850,OLD HICKORY BLVD,,,,270.00,Feet,East,CEDARMONT DR,,,,0.00,N,Not at Intersection,N,Non-Junction,None,,,         ,Beri,Scott,Clear,"Sideswipe, Same Direction",no,no,no,no,yes,False
103025900,METROPOLITAN NASHVILLE POLICE DEPT,20210361661,Davidson,Nashville,7/3/2021 11:45:00 PM,2,3,0,36.238190,-86.780930,BRICK CHURCH PKE,,,,0.00,,,BRILEY PKWYE,,,,0.00,Y,OTHER,Y,Intersection,None,,,         ,Ryan,Allen,Clear,Angle,no,no,no,no,yes,False
103025901,METROPOLITAN NASHVILLE POLICE DEPT,20210364249,Davidson,Nashville,7/5/2021 12:00:00 AM,2,0,0,36.071870,-86.636180,BELL RD,,,,0.00,,,MURFREESBORO PKE,,,,0.00,Y,Four-Way, ,Intersection,None,,,         ,Adam,Gartner,Clear,"Sideswipe, Same Direction",no,no,no,no,yes,False
103025914,METROPOLITAN NASHVILLE POLICE DEPT,20210364346,Davidson,Nashville,7/5/2021 8:03:00 PM,2,0,0,36.046680,-86.725060,HUNTINGTON PKWY,,,,0.00,,,AMALIE DR,,,,0.00,Y,Four-Way,N,Non-Junction,None,,,         ,Brady,Reynolds,Clear,"Sideswipe, Same Direction",no,no,no,no,no,False
103025931,METROPOLITAN NASHVILLE POLICE DEPT,20210364217,Davidson,Nashville,7/5/2021 3:38:00 PM,2,1,0,36.153310,-86.821270,CHARLOTTE AV,,,,117.00,Feet,West,31ST AVN,,,,0.00,N,Not at Intersection,N,Non-Junction,None,,,         ,Alec,Pellissier,Clear,"Sideswipe, Same Direction",no,no,no,no,yes,False
103025954,METROPOLITAN NASHVILLE POLICE DEPT,20210364335,Davidson,Nashville,7/5/2021 8:20:00 PM,2,2,0,36.202480,-86.621490,OLD HICKORY BLVD,,,,182.00,Feet,North,WRIGHT AV,,,,0.00,N,Not at Intersection,N,Non-Junction,None,,,         ,Theodore,Flick,Clear,Angle,no,no,no,no,no,False
103025976,THP District 3 - Nashville,321045027,Davidson,Nashville,7/4/2021 8:40:00 PM,2,0,0,36.162960,-86.761450,I 24,,,,0.00,,,,,,,49.25,N,Not at Intersection,N,Non-Junction,None,,,         ,Ed,Crouch,Clear,Front to Rear,no,no,no,no,no,False
103026005,METROPOLITAN NASHVILLE POLICE DEPT,20210364420,Davidson,Nashville,7/5/2021 12:00:00 AM,1,1,0,36.099220,-86.657670,OLD MURFREESBORO PKE,,,,551.00,Feet,East,MURFREESBORO PKE,,,,0.00,N,Not at Intersection,N,Non-Junction,Unknown,Unknown,Unknown,         ,Adam,Gartner,Clear,Not Collision with Motor Vehicle in Transport,no,no,no,no,no,False
103026006,METROPOLITAN NASHVILLE POLICE DEPT,20210364408,Davidson,Nashville,7/5/2021 8:48:00 PM,2,1,0,36.155790,-86.789830,14TH AVN,,,,61.00,Feet,North,I40 E EXT RAMP,,,,0.00,N,Not at Intersection,N,Non-Junction,None,,,         ,Dakota,Davis,Clear,Angle,no,no,no,no,yes,False
103026060,GOODLETTSVILLE POLICE DEPT,21-18269,Davidson,Goodlettsville,7/5/2021 7:10:00 PM,2,0,0,36.311340,-86.683600,VIETNAM VETERANS BLVDN,,,,112.00,Feet,West,VIETNAM VETERANS BLVD SB EXT R,,,,0.00,N,Not at Intersection, ,Non-Junction,None,,,         ,Katelyn,Gilliland,Clear,Front to Rear,no,no,no,no,yes,False
103026089,METROPOLITAN NASHVILLE POLICE DEPT,20210364587,Davidson,Nashville,7/5/2021 10:00:00 PM,2,0,0,36.150290,-86.760920,CLAIBORNE ST,,,,208.00,Feet,South,CANNON ST,,,,0.00,N,Not at Intersection, ,Non-Junction,None,,,         ,Mario,Diaz,Clear,"Sideswipe, Same Direction",no,no,no,no,yes,False
103026091,METROPOLITAN NASHVILLE POLICE DEPT,20210364576,Davidson,Nashville,7/5/2021 10:10:00 PM,2,0,0,36.208240,-86.777750,BRICK CHURCH PKE,,,,107.00,Feet,North,I65 S EXT RAMP,,,,0.00,N,Not at Intersection, ,,None,,,         ,Joseph,Gawlowski,,,no,no,no,yes,no,False
103026092,METROPOLITAN NASHVILLE POLICE DEPT,20210364567,Davidson,Nashville,7/6/2021 12:00:00 AM,2,0,0,36.209640,-86.732510,SHELTON AV,,,,391.00,Feet,East,GALLATIN PKE,,,,0.00,N,Not at Intersection,N,Non-Junction,None,,,         ,Esther,Poysti,Clear,Unknown,no,no,no,no,yes,False
103026097,METROPOLITAN NASHVILLE POLICE DEPT,20210364568,Davidson,Nashville,7/6/2021 12:20:00 AM,2,2,0,36.137570,-86.800760,WEDGEWOOD AV,,,,0.00,,,21ST AVS,,,,0.00,Y,Four-Way,N,Intersection,None,,,         ,Taylor,Hurley,Clear,Angle,no,no,no,no,no,Campus
103026098,METROPOLITAN NASHVILLE POLICE DEPT,20210364643,Davidson,Nashville,7/5/2021 11:30:00 PM,2,1,0,36.020520,-86.627600,I 24,,,,0.00,,,,,,,62.00,N,Not at Intersection,N,Non-Junction,None,,,         ,Dylan,Ramos,Clear,Front to Rear,no,no,no,no,no,False
103026101,METROPOLITAN NASHVILLE POLICE DEPT,20210364635,Davidson,Antioch,7/6/2021 1:18:00 AM,1,1,0,36.066880,-86.599780,MT VIEW RD,,,,10.00,Feet,West,TRU LONG DR,,,,0.00,N,Not at Intersection,N,Non-Junction,None,,,         ,Douglas,Meringer,Clear,Not Collision with Motor Vehicle in Transport,no,no,no,no,no,False
103026104,METROPOLITAN NASHVILLE POLICE DEPT,20210364646,Davidson,Nashville,7/5/2021 11:32:00 PM,2,0,0,36.209540,-86.778080,BRICK CHURCH PKE,,,,176.00,Feet,North,AVONDALE CIR,,,,0.00,N,Not at Intersection,N,OtherLocation,None,,,         ,Joseph,Gawlowski,Clear,Rear to Rear,no,no,no,yes,yes,False
103026113,METROPOLITAN NASHVILLE POLICE DEPT,20210364754,Davidson,Nashville,7/6/2021 12:00:00 AM,2,1,0,36.169680,-86.821300,W HEIMAN ST,,,,0.00,Feet,,ED TEMPLE BLVD,,,,0.00,Y,Four-Way,N,Intersection,None,,,         ,Jacob,Ross,Clear,Other,no,no,no,no,yes,False
103026132,METROPOLITAN NASHVILLE POLICE DEPT,20210364834,Davidson,Nashville,7/6/2021 4:30:00 AM,2,0,0,36.093870,-86.826720,HILLSBORO PKE,,,,110.00,Feet,North,SUMMIT RIDGE DR,,,,0.00,N,Not at Intersection,N,Non-Junction,None,,,         ,William,McDaniel,Clear,"Sideswipe, Opposite Direction",no,no,no,no,yes,False
103026173,METROPOLITAN NASHVILLE POLICE DEPT,20210363851,Davidson,Nashville,7/5/2021 1:50:00 PM,2,2,0,36.103030,-86.838300,HOBBS RD,,,,0.00,,,ESTES RD,,,,0.00,Y,Four-Way,Y,Intersection,None,,,         ,George,Spencer,Clear,Angle,no,no,no,no,no,False
103026183,METROPOLITAN NASHVILLE POLICE DEPT,20210364972,Davidson,Nashville,7/6/2021 7:35:00 AM,2,0,0,36.156520,-86.631220,I40 W EXT RAMP,,,,0.00,,,I 40,,,,0.00,Y,Four-Way, ,Intersection,None,,,         ,Michael,Dance,Clear,Angle,no,no,no,no,no,False
103026184,METROPOLITAN NASHVILLE POLICE DEPT,20210364985,Davidson,Not in City Limit,7/6/2021 7:45:00 AM,2,2,0,36.264310,-86.733080,OLD HICKORY BLVDW,,,,239.00,Feet,West,N GRAYCROFT AV,,,,0.00,N,Not at Intersection,N,Non-Junction,None,,,         ,Christopher,Littles,Clear,Front to Rear,no,no,no,no,no,False
103026193,METROPOLITAN NASHVILLE POLICE DEPT,20210364919,Davidson,Nashville,7/6/2021 6:37:00 AM,2,0,0,36.209710,-86.776070,I 65,,,,0.00,,,,,,,87.55,N,Not at Intersection,N,Non-Junction,None,,,         ,William,Coy,Clear,Front to Rear,no,no,no,no,no,False
103026202,METROPOLITAN NASHVILLE POLICE DEPT,20210365009,Davidson,Nashville,7/6/2021 8:07:00 AM,2,0,0,36.155650,-86.810360,CHARLOTTE AV,,,,0.00,,,24TH AVN,,,,0.00,Y,T-Intersection,N,Intersection,None,,,         ,Earl,Davis,Clear,Angle,no,no,no,no,no,False
103026220,METROPOLITAN NASHVILLE POLICE DEPT,20210364928,Davidson,Nashville,7/6/2021 6:26:00 AM,2,0,0,36.130160,-86.900420,CHARLOTTE PKE,,,,111.00,Feet,East,CABOT DR,,,,0.00,N,Not at Intersection, ,Non-Junction,None,,,         ,Timothy,Lehnert,Clear,Front to Rear,no,no,no,no,no,False
103026222,METROPOLITAN NASHVILLE POLICE DEPT,20210364957,Davidson,Nashville,7/6/2021 6:55:00 AM,2,0,0,36.153200,-86.764980,I 40,,,,0.00,,,,,,,210.65,N,Not at Intersection, ,Non-Junction,None,,,         ,Hunter,Hodge,Clear,Angle,no,no,no,no,no,False
103026234,METROPOLITAN NASHVILLE POLICE DEPT,20210365037,Davidson,Nashville,7/5/2021 11:00:00 PM,2,0,0,36.077981,-86.607133,ANDERSON RD,,,,0.00,,,COUNTRY WAY RD,,,,0.00,Y,Four-Way,N,Intersection,None,,,         ,Tyler,Lewis,Clear,"Sideswipe, Same Direction",no,no,no,no,yes,False
103026249,METROPOLITAN NASHVILLE POLICE DEPT,20210365166,Davidson,Nashville,7/6/2021 9:20:00 AM,2,1,0,36.148810,-86.666280,ELM HILL PKE,,,,0.00,,,DONELSON PKE,,,,0.00,Y,Four-Way,N,Intersection,None,,,         ,Michael,Dance,Clear,Front to Rear,no,no,no,no,no,False
103026255,METROPOLITAN NASHVILLE POLICE DEPT,20210365172,Davidson,Goodlettsville,7/6/2021 9:27:00 AM,2,0,0,36.293280,-86.702260,GALLATIN PKEN,,,,58.00,Feet,North,RIVERGATE STATION PVTDR,,,,0.00,N,Not at Intersection, ,Non-Junction,None,,,         ,Christopher,Littles,Clear,"Sideswipe, Same Direction",no,no,no,no,no,False