master_record_number,agency,agency_tracking_number,county,city,collision_date,vehicles_involved,number_injured,number_dead,latitude,longitude,roadway_name,roadway_suffix,roadway_number,roadway_local_id,distance_from_reference,miles-feet_indicator,direction_from_reference,intersection_road_name,intersection_road_name_suffix,intersection_road_number,intersection_local_id,mile_marker,intersection_indicator,intersect_type,interchange_related_indicator,relation_to_junction,work_zone_type,construction_maintenance_zone,construction_maintenance_zone_location,fatal_case_number,officer_first_name,officer_last_name,weather_condition(s),manner_of_crash,pedestrian,bicycle,scooter,parking,hitrun,mou
103026271,METROPOLITAN NASHVILLE POLICE DEPT,20210365069,Davidson,Nashville,7/6/2021 8:23:00 AM,1,0,0,36.237440,-86.734400,BRILEY PKWYE,,,,347.00,Feet,East,BRILEY PKWYW,,,,0.00,N,Not at Intersection,N,Non-Junction,None,,,         ,David,Rehm,Clear,Not Collision with Motor Vehicle in Transport,no,no,no,no,no,False
103026287,METROPOLITAN NASHVILLE POLICE DEPT,20210365044,Davidson,Nashville,7/6/2021 8:19:00 AM,2,0,0,36.080400,-86.717930,RECOVERY RD,,,,0.00,,,HARDING PL,,,,0.00,Y,Four-Way,Y,Intersection,None,,,         ,Harrison,Nearn,Clear,Angle,no,no,no,no,no,False
103026291,METROPOLITAN NASHVILLE POLICE DEPT,20210365163,Davidson,Nashville,7/6/2021 8:58:00 AM,2,0,0,36.071990,-86.636300,MURFREESBORO PKE,,,,56.00,Feet,North,BELL RD,,,,0.00,N,Not at Intersection, ,,None,,,         ,Michael,Hones,,,no,no,no,no,no,False
103026292,METROPOLITAN NASHVILLE POLICE DEPT,20210365265,Davidson,Nashville,7/6/2021 10:25:00 AM,3,3,0,36.142590,-86.815500,31ST AVN,,,,0.00,,,WEST END AV,,,,0.00,Y,Four-Way,N,Intersection-Related,None,,,         ,Earl,Davis,Clear,Front to Rear,no,no,no,no,no,Campus
103026295,METROPOLITAN NASHVILLE POLICE DEPT,20210365196,Davidson,Nashville,7/6/2021 9:42:00 AM,2,1,0,36.070030,-86.698800,HAYWOOD LN,,,,0.00,,,EAST RIDGE DR,,,,0.00,Y,Four-Way,Y,Intersection,None,,,         ,Nicholas,Carter,Clear,Angle,no,no,no,no,no,False
103026306,METROPOLITAN NASHVILLE POLICE DEPT,20210365044,Davidson,Nashville,7/6/2021 9:00:00 AM,2,0,0,36.080750,-86.716550,HARDING PL,,,,217.00,Feet,South,WALLACE CT,,,,0.00,N,Not at Intersection, ,Non-Junction,None,,,         ,Harrison,Nearn,Clear,"Sideswipe, Same Direction",no,no,no,no,yes,False
103026308,METROPOLITAN NASHVILLE POLICE DEPT,20210365177,Davidson,Nashville,7/6/2021 8:50:00 AM,2,0,0,36.063920,-86.902090,HIGHWAY 100,,,,0.00,Feet,East,OLD HICKORY BLVD,,,,0.00,N,Not at Intersection,N,Non-Junction,None,,,         ,Charles,Boles,Clear,Front to Rear,no,no,no,no,no,False
103026312,METROPOLITAN NASHVILLE POLICE DEPT,20210365307,Davidson,Nashville,7/6/2021 10:30:00 AM,2,0,0,36.151480,-86.852500,CHARLOTTE AV,,,,124.00,Feet,West,MORROW RD,,,,0.00,N,Not at Intersection, ,Non-Junction,None,,,         ,Wesley,Tilley,Clear,"Sideswipe, Same Direction",no,no,no,no,yes,False
103026325,METROPOLITAN NASHVILLE POLICE DEPT,20210365354,Davidson,Nashville,7/6/2021 10:55:00 AM,2,0,0,36.078700,-86.695680,I 24,,,,0.00,,,,,,,56.30,N,Not at Intersection, ,Non-Junction,None,,,         ,Nicholas,Carter,Clear,"Sideswipe, Same Direction",no,no,no,no,yes,False
103026328,METROPOLITAN NASHVILLE POLICE DEPT,20210365383,Davidson,Nashville,7/6/2021 11:51:00 AM,2,0,0,36.144850,-86.813360,29TH AVN,,,,80.00,Feet,North,WEST END AV,,,,0.00,N,Not at Intersection, ,Non-Junction,None,,,         ,Earl,Davis,Clear,Angle,no,no,no,no,no,Campus
103026344,METROPOLITAN NASHVILLE POLICE DEPT,20210364969,Davidson,Nashville,7/6/2021 7:30:00 AM,1,0,0,36.152770,-86.826010,CHARLOTTE AV,,,,12.00,Feet,South,35TH AVN,,,,0.00,N,Not at Intersection, ,,None,,,         ,Peyton,Wheatley,,,no,yes,no,no,no,False
103026352,METROPOLITAN NASHVILLE POLICE DEPT,20210365393,Davidson,Nashville,7/6/2021 11:54:00 AM,2,0,0,36.164900,-86.794850,12TH AVN,,,,0.00,,,CLINTON ST,,,,0.00,Y,Four-Way, ,,None,,,         ,Jordan,Vrbas,,,no,no,no,no,no,False
103026354,METROPOLITAN NASHVILLE POLICE DEPT,20210365328,Davidson,Nashville,7/6/2021 9:45:00 AM,2,0,0,36.180220,-86.814600,BUCHANAN ST,,,,0.00,,,23RD AVN,,,,0.00,Y,Four-Way,Y,Intersection-Related,None,,,         ,Michael,Richardson,Clear,"Sideswipe, Opposite Direction",no,no,no,no,yes,False
103026397,METROPOLITAN NASHVILLE POLICE DEPT,20210365503,Davidson,Antioch,7/6/2021 10:10:00 AM,2,0,0,36.043480,-86.607150,MURFREESBORO PKE,,,,289.00,Feet,North,HOBSON PKE,,,,0.00,N,Not at Intersection, ,,None,,,         ,James,Gilliam,,,no,no,no,no,no,False
103026421,METROPOLITAN NASHVILLE POLICE DEPT,20210365426,Davidson,Nashville,7/6/2021 11:44:00 AM,2,0,0,36.112680,-86.921050,I 40,,,,0.00,,,,,,,199.40,N,Not at Intersection, ,,Utility Zone,,,         ,Charles,Boles,,,no,no,no,no,no,False
103026464,METROPOLITAN NASHVILLE POLICE DEPT,20210365586,Davidson,Nashville,7/6/2021 1:49:00 PM,2,0,0,36.198440,-86.620270,LEBANON PKE,,,,0.00,,,OLD HICKORY BLVD,,,,0.00,Y,Four-Way, ,Intersection,None,,,         ,Michael,Dance,Clear,"Sideswipe, Same Direction",no,no,no,no,no,False
103026465,METROPOLITAN NASHVILLE POLICE DEPT,20210365445,Davidson,Nashville,7/6/2021 12:29:00 PM,3,4,0,36.191680,-86.784500,I 65,,,,0.00,,,,,,,86.05,N,Not at Intersection,N,Non-Junction,None,,,         ,Nicholas,Cochran,Clear,Front to Rear,no,no,no,no,no,False
103026479,METROPOLITAN NASHVILLE POLICE DEPT,20210365458,Davidson,Nashville,7/6/2021 12:10:00 PM,2,0,0,36.110120,-86.922540,OLD HICKORY BLVD,,,,16.00,Feet,South,I40 E ENT RAMP,,,,0.00,N,Not at Intersection, ,Non-Junction,None,,,         ,Andrew,Anoskey,Clear,Front to Rear,no,no,no,no,no,False
103026487,METROPOLITAN NASHVILLE POLICE DEPT,20210362998,Davidson,Nashville,7/4/2021 10:24:00 PM,2,5,0,36.205950,-86.768540,E TRINITY LN,,,,0.00,,,US HWY 31W,,,,0.00,Y,Four-Way,Y,Intersection,None,,,         ,Kelsey,Hemminger,,Angle,no,no,no,no,yes,False
103026502,METROPOLITAN NASHVILLE POLICE DEPT,20210365568,Davidson,Nashville,7/6/2021 1:49:00 PM,2,1,0,36.140590,-86.724430,I 40,,,,0.00,,,,,,,213.60,N,Not at Intersection,Y,Entrance/Exit Ramp Related,None,,,         ,Michael,Brooks,Clear,Front to Rear,no,no,no,no,no,False
103026542,METROPOLITAN NASHVILLE POLICE DEPT,20210365350,Davidson,Nashville,7/6/2021 11:29:00 AM,2,0,0,36.104960,-86.813480,RICHARD JONES RD,,,,0.00,,,,,,,0.00,,Not at Intersection, ,OtherLocation,None,,,         ,Donald,Davidson,Clear,Rear to Rear,no,no,no,yes,no,False
103026548,METROPOLITAN NASHVILLE POLICE DEPT,20210365651,Davidson,Nashville,7/6/2021 2:27:00 PM,2,0,0,36.148080,-86.867620,CHARLOTTE PKE,,,,65.00,Feet,West,EASTBORO DR,,,,0.00,N,Not at Intersection, ,Non-Junction,None,,,         ,Torian,Cox,Clear,Front to Rear,no,no,no,no,no,False
103026555,METROPOLITAN NASHVILLE POLICE DEPT,20210365643,Davidson,Nashville,7/6/2021 2:45:00 PM,1,0,0,36.074420,-86.745180,BLACKMAN RD,,,,231.00,Feet,East,DANBY DR,,,,0.00,N,Not at Intersection, ,Non-Junction,None,,,         ,Steven,Powers,Clear,Not Collision with Motor Vehicle in Transport,no,no,no,no,no,False
103026557,METROPOLITAN NASHVILLE POLICE DEPT,20210365709,Davidson,Nashville,7/6/2021 2:45:00 PM,2,0,0,36.145600,-86.696380,I40 E ENT RAMP,,,,0.00,Feet,East,BRILEY PKWY S EXT RAMP,,,,0.00,N,Not at Intersection,N,Non-Junction,None,,,         ,Reagan,Heath,Clear,"Sideswipe, Same Direction",no,no,no,no,yes,False
103026604,METROPOLITAN NASHVILLE POLICE DEPT,20210365748,Davidson,Nashville,7/6/2021 3:35:00 PM,3,1,0,36.203220,-86.776840,I 65,,,,0.00,,,,,,,87.05,N,Not at Intersection,N,Non-Junction,None,,,         ,Chase,Harriman,Clear,Front to Rear,no,no,no,no,no,False
103026645,METROPOLITAN NASHVILLE POLICE DEPT,20210365915,Davidson,Nashville,7/6/2021 5:17:00 PM,2,0,0,36.151820,-86.678510,ELM HILL PKE,,,,448.00,Feet,West,EMERY DR,,,,0.00,N,Not at Intersection, ,Non-Junction,None,,,         ,Joseph,Simon,Clear,Angle,no,no,no,no,no,False
103026654,METROPOLITAN NASHVILLE POLICE DEPT,20210365860,Davidson,Nashville,7/6/2021 4:42:00 PM,1,1,0,36.202080,-86.776850,I 65,,,,0.00,,,,,,,87.00,N,Not at Intersection,N,Non-Junction,None,,,         ,Chase,Harriman,Clear,Not Collision with Motor Vehicle in Transport,no,no,no,no,no,False
103026665,METROPOLITAN NASHVILLE POLICE DEPT,20210365827,Davidson,Nashville,7/6/2021 4:13:00 PM,2,0,0,36.156070,-86.788900,I40 W ENT RAMP,,,,31.00,Feet,North,GEORGE L DAVIS BLVD,,,,0.00,N,Not at Intersection, ,Non-Junction,Construction Zone,,,         ,Trevor,Taylor,Cloudy,"Sideswipe, Same Direction",no,no,no,no,no,False
103026690,METROPOLITAN NASHVILLE POLICE DEPT,20210365899,Davidson,Nashville,7/6/2021 5:05:00 PM,2,1,0,36.121800,-86.803780,I440 W EXT RAMP,,,,0.00,,,I 440,,,,0.00,Y,OTHER,N,OtherLocation,None,,,         ,Tyler,Shanks,Clear,Angle,no,no,no,no,no,False
103026691,METROPOLITAN NASHVILLE POLICE DEPT,20210366033,Davidson,Nashville,7/6/2021 6:35:00 PM,2,0,0,36.095820,-86.737440,WHEELER AV,,,,13.00,Feet,East,NOLENSVILLE PKE,,,,0.00,N,Not at Intersection,N,Non-Junction,None,,,         ,Austin,Binner,Clear,Angle,no,no,no,no,yes,False
103026692,METROPOLITAN NASHVILLE POLICE DEPT,20210365972,Davidson,Nashville,7/6/2021 5:10:00 PM,2,1,0,36.090150,-86.811430,HARDING PL,,,,371.00,Feet,East,COMPTON TRC,,,,0.00,N,Not at Intersection,N,Non-Junction,None,,,         ,Steven,Powers,Clear,Front to Rear,no,no,no,no,no,False
103026698,THP District 3 - Nashville,321045034,Davidson,Nashville,7/4/2021 9:27:00 PM,2,0,0,36.194430,-86.776250,I 65,,,,0.00,,,,,,,86.45,N,Not at Intersection, ,Non-Junction,None,,,         ,Steven,Brown,Clear,"Sideswipe, Same Direction",no,no,no,no,no,False
103026708,METROPOLITAN NASHVILLE POLICE DEPT,20210365908,Davidson,Not in City Limit,7/6/2021 5:10:00 PM,2,0,0,36.264210,-86.733860,HEAD DR,,,,0.00,Feet,North,OLD HICKORY BLVDW,,,,0.00,N,Not at Intersection, ,,None,,,         ,Wesley,Carver,,,no,no,no,no,no,False
103026709,METROPOLITAN NASHVILLE POLICE DEPT,20210365992,Davidson,Nashville,7/6/2021 6:12:00 PM,1,0,0,36.189270,-86.728910,PORTER RD,,,,66.00,Feet,South,CARTER AV,,,,0.00,N,Not at Intersection,N,Rail Grade Crossing,None,,,         ,Kelsey,Hemminger,Clear,Not Collision with Motor Vehicle in Transport,no,no,no,no,no,False
103026710,METROPOLITAN NASHVILLE POLICE DEPT,20210365971,Davidson,Goodlettsville,7/6/2021 5:53:00 PM,2,1,0,36.303620,-86.690440,RIVERGATE MARKETPLACE PVTDR,,,,30.00,Feet,South,GALLATIN PKEN,,,,0.00,N,Not at Intersection,N,Non-Junction,None,,,         ,Joshua,Dodge,Clear,Angle,no,no,no,no,no,False
103026715,METROPOLITAN NASHVILLE POLICE DEPT,20210365803,Davidson,Not in City Limit,7/6/2021 3:00:00 PM,2,0,0,36.080020,-86.954280,HIGHWAY 70S,,,,186.00,Feet,East,I40 E ENT RAMP,,,,0.00,N,Not at Intersection, ,Non-Junction,None,,,         ,Michael,Sipos,Clear,Front to Rear,no,no,no,no,no,False
103026716,METROPOLITAN NASHVILLE POLICE DEPT,20210366030,Davidson,Nashville,7/6/2021 6:42:00 PM,1,1,0,36.052910,-86.687470,TUSCULUM RD,,,,0.00,,,OCALA DR,,,,0.00,Y,T-Intersection,N,Intersection,None,,,         ,Thomas,Parsons,Clear,Not Collision with Motor Vehicle in Transport,yes,no,no,no,no,False
103026726,METROPOLITAN NASHVILLE POLICE DEPT,20210365922,Davidson,Nashville,7/6/2021 5:25:00 PM,2,0,0,36.144710,-86.862410,BELLMORE PL,,,,295.00,Feet,North,BELLMORE AV,,,,0.00,N,Not at Intersection, ,OtherLocation,None,,,         ,Torian,Cox,Clear,Unknown,no,no,no,yes,yes,False
103026742,METROPOLITAN NASHVILLE POLICE DEPT,20210365654,Davidson,Nashville,7/6/2021 2:15:00 PM,3,0,0,36.130860,-86.898440,CHARLOTTE PK,,,,60.00,Feet,East,I 40 W ENTRANCE RAMP,,,,0.00,N,Not at Intersection,N,Non-Junction,None,,,         ,Jeremy,Huffine,Clear,Front to Rear,no,no,no,no,no,False
103026763,METROPOLITAN NASHVILLE POLICE DEPT,20210366133,Davidson,Nashville,7/6/2021 7:25:00 PM,2,0,0,36.114050,-86.812310,VALLEY BROOK RD,,,,0.00,,,WOODMONT BLVD,,,,0.00,Y,T-Intersection, ,Intersection-Related,None,,,         ,Ricardo,Cruz,Clear,Front to Rear,no,no,no,no,no,False
103026769,METROPOLITAN NASHVILLE POLICE DEPT,20210366217,Davidson,Nashville,7/6/2021 8:50:00 PM,2,0,0,36.141100,-86.733230,I 40,,,,0.00,,,,,,,212.75,N,Not at Intersection, ,Non-Junction,None,,,         ,Austin,Binner,Clear,Front to Rear,no,no,no,no,yes,False
103026774,METROPOLITAN NASHVILLE POLICE DEPT,20210365843,Davidson,Nashville,7/6/2021 4:34:00 PM,5,1,0,36.080400,-86.717930,RECOVERY RD,,,,0.00,Feet,,HARDING PL,,,,0.00,Y,Four-Way,N,Intersection-Related,None,,,         ,Jeffrey,Palomino-Gonzalez,Clear,"Sideswipe, Same Direction",no,no,no,no,yes,False
103026788,METROPOLITAN NASHVILLE POLICE DEPT,20210366095,Davidson,Nashville,7/6/2021 7:35:00 PM,2,0,0,36.168990,-86.758590,SHELBY AV,,,,233.00,Feet,West,S 7TH ST,,,,0.00,N,Not at Intersection, ,Non-Junction,None,,,         ,Kevin,Clausius,Clear,"Sideswipe, Same Direction",no,no,no,no,no,False
103026812,METROPOLITAN NASHVILLE POLICE DEPT,20210366015,Davidson,Nashville,7/6/2021 6:25:00 PM,2,0,0,36.082610,-86.727250,NOLENSVILLE PKE,,,,0.00,,,WELSHWOOD DR,,,,0.00,Y,T-Intersection, ,Intersection-Related,None,,,         ,Brian,Dugre,Clear,Front to Rear,no,no,no,no,no,False
103026835,METROPOLITAN NASHVILLE POLICE DEPT,20210366235,Davidson,Nashville,7/6/2021 9:36:00 PM,2,3,0,36.202500,-86.820480,BUENA VISTA PKE,,,,0.00,Feet,,W TRINITY LN,,,,0.00,Y,T-Intersection,N,Intersection,None,,,         ,Jerica,Gladston,Clear,HeadOn,no,no,no,no,no,False
103026850,METROPOLITAN NASHVILLE POLICE DEPT,20210366175,Davidson,Nashville,7/6/2021 6:45:00 PM,2,0,0,36.089070,-86.649990,RANSOM PL,,,,0.00,,,MURFREESBORO PKE,,,,0.00,Y,Four-Way, ,Intersection,None,,,         ,Phillip,Burke,Clear,"Sideswipe, Same Direction",no,no,no,no,no,False
103026852,METROPOLITAN NASHVILLE POLICE DEPT,20210366230,Davidson,Nashville,7/6/2021 9:25:00 PM,2,2,0,36.150150,-86.857950,CHARLOTTE PKE,,,,0.00,,,WHITE BRIDGE PKE,,,,0.00,Y,Four-Way,N,Intersection,None,,,         ,Heather,Fox,Clear,Angle,no,no,no,no,no,False
103026855,METROPOLITAN NASHVILLE POLICE DEPT,20210366242,Davidson,Nashville,7/6/2021 9:40:00 PM,2,1,0,36.249580,-86.686580,NEELYS BEND RD,,,,0.00,,,LARKIN SPRINGS RD,,,,0.00,Y,T-Intersection,N,Intersection,None,,,         ,Rodney,Phipps,Clear,Angle,no,no,no,no,yes,False
103026879,METROPOLITAN NASHVILLE POLICE DEPT,20210366247,Davidson,Nashville,7/6/2021 9:35:00 PM,1,0,0,36.130600,-86.792320,15TH AVS,,,,5.00,Feet,South,COMPTON AV,,,,0.00,N,Not at Intersection, ,Non-Junction,None,,,         ,Dakota,Davis,Clear,Not Collision with Motor Vehicle in Transport,no,no,no,yes,no,False
103026886,METROPOLITAN NASHVILLE POLICE DEPT,20210366233,Davidson,Nashville,7/6/2021 9:32:00 PM,1,1,0,36.134640,-86.723460,MURFREESBORO PKE,,,,556.00,Feet,East,I24 W EXT RAMP,,,,0.00,N,Not at Intersection,N,Non-Junction,None,,,         ,Dontaveous,Eubanks,Clear,Not Collision with Motor Vehicle in Transport,no,no,no,yes,no,False
103026938,METROPOLITAN NASHVILLE POLICE DEPT,20210366341,Davidson,Nashville,7/6/2021 10:51:00 PM,2,0,0,36.071230,-86.645720,EDGE O LAKE DR,,,,8.00,Feet,North,PEBBLE CREEK DR,,,,0.00,N,Not at Intersection, ,Non-Junction,None,,,         ,Kaleigh,Pearce,Clear,HeadOn,no,no,no,no,yes,False
103026941,METROPOLITAN NASHVILLE POLICE DEPT,20210366372,Davidson,Nashville,7/6/2021 11:45:00 PM,2,0,0,36.045370,-86.713260,OLD HICKORY BLVD,,,,0.00,Feet,,NOLENSVILLE PKE,,,,0.00,Y,Four-Way, ,Intersection-Related,None,,,         ,Clayton,Cox,Clear,Front to Rear,no,no,no,no,no,False
103026954,METROPOLITAN NASHVILLE POLICE DEPT,20210366375,Davidson,Nashville,7/6/2021 11:56:00 PM,3,2,0,36.208470,-86.834000,W HAMILTON AV,,,,332.00,Feet,South,HAYNES PARK DR,,,,0.00,N,Not at Intersection,N,Non-Junction,None,,,         ,Joel,Bennett,Clear,"Sideswipe, Same Direction",no,no,no,no,no,False
103026968,METROPOLITAN NASHVILLE POLICE DEPT,2021-0366470,Davidson,Nashville,7/7/2021 1:30:00 AM,2,0,0,36.045700,-86.658600,I24 W ENT RAMP,,,,0.00,Feet,East,I 24,,,,0.00,N,Not at Intersection, ,Entrance/Exit Ramp Related,None,,,         ,D’Mitri,Mackall,Clear,Other,no,no,no,no,no,False
103026970,METROPOLITAN NASHVILLE POLICE DEPT,20210366446,Davidson,Nashville,7/7/2021 12:50:00 AM,2,1,0,36.180220,-86.797240,GARFIELD ST,,,,115.00,Feet,East,NASSAU ST,,,,0.00,N,Not at Intersection,N,Non-Junction,None,,,         ,Erik,Nash,Clear,"Sideswipe, Same Direction",no,no,no,no,no,False
103026976,METROPOLITAN NASHVILLE POLICE DEPT,20210366333,Davidson,Nashville,7/6/2021 11:00:00 PM,2,1,0,36.098220,-86.738740,NOLENSVILLE PKE,,,,136.00,Feet,South,HARRISON ST,,,,0.00,N,Not at Intersection,N,Non-Junction,None,,,         ,Robert,Leverick,Clear,Angle,no,no,no,no,no,False
103026983,METROPOLITAN NASHVILLE POLICE DEPT,20210366584,Davidson,Nashville,7/7/2021 3:40:00 AM,1,0,0,36.174360,-86.792080,ROSA L PARKS BLVD,,,,236.00,Feet,North,MADISON ST,,,,0.00,N,Not at Intersection,N,Non-Junction,None,,,         ,Brian,DeMarce,Clear,Not Collision with Motor Vehicle in Transport,no,no,no,no,no,False
103026990,METROPOLITAN NASHVILLE POLICE DEPT,20210366543,Davidson,Nashville,7/7/2021 2:52:00 AM,2,0,0,36.122800,-86.696530,BRILEY PKWY,,,,148.00,Feet,South,VENUS DR,,,,0.00,N,Not at Intersection,N,Non-Junction,None,,,         ,Corey,Ethridge,Clear,"Sideswipe, Same Direction",no,no,no,no,no,False
103026991,METROPOLITAN NASHVILLE POLICE DEPT,20210366600,Davidson,Nashville,7/7/2021 12:00:00 AM,3,0,0,36.175550,-86.813440,23RD AVN,,,,398.00,Feet,South,OSAGE ST,,,,0.00,N,Not at Intersection,N,Non-Junction,None,,,         ,Joseph,Gawlowski,Clear,"Sideswipe, Same Direction",no,no,no,no,no,False
103027059,METROPOLITAN NASHVILLE POLICE DEPT,20210366705,Davidson,Nashville,7/7/2021 6:15:00 AM,2,1,0,36.206620,-86.777900,W TRINITY LN,,,,0.00,Feet,,BRICK CHURCH PKE,,,,0.00,Y,Four-Way,N,Intersection,None,,,         ,David,Crisman,Clear,Front to Rear,no,no,no,no,no,False
103027075,METROPOLITAN NASHVILLE POLICE DEPT,20210366743,Davidson,Nashville,7/7/2021 6:58:00 AM,1,0,0,36.119180,-86.758310,MELROSE AV,,,,50.00,Feet,East,FOUR FORTY CENTER PVTDR,,,,0.00,N,Not at Intersection,N,Non-Junction,None,,,         ,Earl,Davis,Clear,Not Collision with Motor Vehicle in Transport,no,no,no,no,no,False
103027084,METROPOLITAN NASHVILLE POLICE DEPT,20210366829,Davidson,Nashville,7/7/2021 7:46:00 AM,2,0,0,36.121740,-86.750580,I440 E EXT RAMP,,,,0.00,,,NOLENSVILLE PKE,,,,0.00,Y,T-Intersection, ,,None,,,         ,Earl,Davis,,,no,no,no,no,no,False
103027094,METROPOLITAN NASHVILLE POLICE DEPT,20210366770,Davidson,Nashville,7/7/2021 7:25:00 AM,2,0,0,36.192320,-86.616300,JUAREZ DR,,,,0.00,Feet,,OLD HICKORY BLVD,,,,0.00,Y,Four-Way, ,Intersection-Related,None,,,         ,Brett,Johns,Clear,Front to Rear,no,no,no,no,no,False
103027102,METROPOLITAN NASHVILLE POLICE DEPT,20210366800,Davidson,Nashville,7/7/2021 7:41:00 AM,2,0,0,36.062680,-86.682380,I 24,,,,0.00,,,,,,,57.60,N,Not at Intersection,N,Non-Junction,None,,,         ,Jason,Hees,Clear,Front to Rear,no,no,no,no,no,False
103027111,METROPOLITAN NASHVILLE POLICE DEPT,20210366870,Davidson,Nashville,7/7/2021 8:01:00 AM,2,0,0,36.109130,-86.769690,I 65,,,,0.00,,,,,,,79.70,N,Not at Intersection, ,Non-Junction,None,,,         ,Earl,Davis,Clear,"Sideswipe, Same Direction",no,no,no,no,no,False
103027137,METROPOLITAN NASHVILLE POLICE DEPT,20210367001,Davidson,Nashville,7/6/2021 8:30:00 AM,2,0,0,36.210920,-86.733110,GREENFIELD AV,,,,0.00,,,GALLATIN PKE,,,,0.00,Y,Four-Way, ,OtherLocation,None,,,         ,Megan,Lamon,Clear,Unknown,no,no,no,yes,yes,False
103027139,METROPOLITAN NASHVILLE POLICE DEPT,20210366927,Davidson,Nashville,7/7/2021 8:56:00 AM,2,1,0,36.176580,-86.765770,ELLINGTON PKWYS,,,,245.00,Feet,North,SPRING ST ENT RAMP,,,,0.00,N,Not at Intersection,N,Non-Junction,None,,,         ,Jarret,Sonnenberg,Clear,Front to Rear,no,no,no,no,no,False
103027141,METROPOLITAN NASHVILLE POLICE DEPT,20210366916,Davidson,Nashville,7/7/2021 8:51:00 AM,6,2,0,36.107450,-86.768550,I 65,,,,0.00,,,,,,,79.55,N,Not at Intersection,N,Non-Junction,None,,,         ,Earl,Davis,Clear,Front to Rear,no,no,no,no,no,False
103027144,GOODLETTSVILLE POLICE DEPT,21-18450,Davidson,Goodlettsville,7/7/2021 7:39:00 AM,2,0,0,36.309470,-86.695660,VIETNAM VETERANS BLVD SB EXT R,,,,0.00,,,CONFERENCE DR,,,,0.00,Y,T-Intersection, ,Entrance/Exit Ramp Related,None,,,         ,Brian,Hajdu,Clear,Front to Rear,no,no,no,no,no,False
103027149,METROPOLITAN NASHVILLE POLICE DEPT,20210365495,Davidson,Nashville,7/6/2021 1:30:00 PM,2,0,0,36.103140,-86.838290,ESTES RD,,,,42.00,Feet,North,HOBBS RD,,,,0.00,N,Not at Intersection, ,Non-Junction,None,,,         ,Peyton,Wheatley,Clear,Front to Rear,no,no,no,no,no,False
103027159,METROPOLITAN NASHVILLE POLICE DEPT,20210366958,Davidson,Nashville,7/7/2021 9:20:00 AM,2,0,0,36.202150,-86.776850,I 65,,,,0.00,,,,,,,87.00,N,Not at Intersection, ,Non-Junction,None,,,         ,James,Wray,Clear,Front to Rear,no,no,no,no,no,False
103027162,METROPOLITAN NASHVILLE POLICE DEPT,20210367014,Davidson,Nashville,7/7/2021 9:54:00 AM,2,1,0,36.086500,-86.691490,ANTIOCH PKE,,,,399.00,Feet,South,HARDING PL,,,,0.00,N,Not at Intersection,N,Non-Junction,None,,,         ,Joe,Hooper,Cloudy,Angle,no,no,no,no,no,False
103027169,METROPOLITAN NASHVILLE POLICE DEPT,20210367098,Davidson,Nashville,7/7/2021 10:46:00 AM,1,1,0,36.155330,-86.810870,CHARLOTTE AV,,,,0.00,,,,,,,0.00,,,N,Non-Junction,None,,,         ,Jordan,Vrbas,Cloudy,Not Collision with Motor Vehicle in Transport,yes,no,no,yes,no,False
103027175,METROPOLITAN NASHVILLE POLICE DEPT,20210367069,Davidson,Nashville,7/7/2021 10:21:00 AM,2,0,0,36.224040,-86.688650,PENNINGTON BEND RD,,,,291.00,Feet,North,VALLEY BEND DR,,,,0.00,N,Not at Intersection,N,Non-Junction,None,,,         ,Michael,Dance,Clear,Front to Rear,no,no,no,no,yes,False
103027177,METROPOLITAN NASHVILLE POLICE DEPT,20210367024,Davidson,Nashville,7/7/2021 9:56:00 AM,2,0,0,36.140580,-86.722280,SPENCE LN,,,,10.00,Feet,West,I40 W EXT RAMP,,,,0.00,N,Not at Intersection,N,Non-Junction,None,,,         ,Tyler,Hall,Clear,Front to Rear,no,no,no,no,no,False
103027185,METROPOLITAN NASHVILLE POLICE DEPT,20210367031,Davidson,Nashville,7/7/2021 10:04:00 AM,2,0,0,36.192880,-86.623830,JUAREZ DR,,,,0.00,,,LEBANON PKE,,,,0.00,Y,Four-Way,N,Intersection,None,,,         ,Michael,Brooks,Cloudy,Angle,no,no,no,no,no,False
103027190,METROPOLITAN NASHVILLE POLICE DEPT,20210367101,Davidson,Nashville,7/7/2021 10:33:00 AM,2,0,0,36.012860,-86.610930,HEIL QUAKER BLVD,,,,0.00,,,FIRESTONE PKWY,,,,0.00,Y,Four-Way,Y,Intersection,None,,,         ,Tyler,Lewis,Cloudy,Angle,no,no,no,no,no,False
103027191,METROPOLITAN NASHVILLE POLICE DEPT,20210367145,Davidson,Nashville,7/7/2021 11:07:00 AM,2,1,0,36.148860,-86.774720,I 40,,,,0.00,,,,,,,210.10,N,Not at Intersection,N,Non-Junction,None,,,         ,Earl,Davis,Cloudy,"Sideswipe, Same Direction",no,no,no,no,no,False
103027196,METROPOLITAN NASHVILLE POLICE DEPT,20210367167,Davidson,Nashville,7/7/2021 10:19:00 AM,2,0,0,36.087220,-86.647860,NASHBORO BLVD,,,,265.00,Feet,East,MURFREESBORO PKE,,,,0.00,N,Not at Intersection,N,Non-Junction,None,,,         ,Michael,Dance,Clear,"Sideswipe, Same Direction",no,no,no,no,yes,False
103027215,METROPOLITAN NASHVILLE POLICE DEPT,20210366987,Davidson,Nashville,7/7/2021 9:34:00 AM,3,0,0,36.083280,-86.647060,MURFREESBORO PKE,,,,144.00,Feet,South,BROOKSBORO PL,,,,0.00,N,Not at Intersection, ,Non-Junction,None,,,         ,Michael,Brooks,Cloudy,Front to Rear,no,no,no,no,no,False