master_record_number,agency,agency_tracking_number,county,city,collision_date,vehicles_involved,number_injured,number_dead,latitude,longitude,roadway_name,roadway_suffix,roadway_number,roadway_local_id,distance_from_reference,miles-feet_indicator,direction_from_reference,intersection_road_name,intersection_road_name_suffix,intersection_road_number,intersection_local_id,mile_marker,intersection_indicator,intersect_type,interchange_related_indicator,relation_to_junction,work_zone_type,construction_maintenance_zone,construction_maintenance_zone_location,fatal_case_number,officer_first_name,officer_last_name,weather_condition(s),manner_of_crash,pedestrian,bicycle,scooter,parking,hitrun,mou
103027217,METROPOLITAN NASHVILLE POLICE DEPT,20210367000,Davidson,Nashville,7/7/2021 9:50:00 AM,2,0,0,36.137850,-86.882100,CHARLOTTE PKE,,,,576.00,Feet,East,WILHUGH PL,,,,0.00,N,Not at Intersection,N,"Driveway, Alley Access, etc",None,,,         ,Timothy,Lehnert,Clear,Front to Rear,no,no,no,no,no,False
103027248,METROPOLITAN NASHVILLE POLICE DEPT,20210367224,Davidson,Nashville,7/7/2021 11:58:00 AM,2,0,0,36.162420,-86.759300,S 5TH ST,,,,0.00,,,CRUTCHER ST,,,,0.00,Y,Four-Way,N,Intersection,None,,,         ,David,Collins,Cloudy,Angle,no,no,no,no,no,False
103027306,METROPOLITAN NASHVILLE POLICE DEPT,20210367149,Davidson,Nashville,7/7/2021 11:24:00 AM,2,2,0,36.134000,-86.727100,I 24,,,,0.00,,,,,,,52.00,N,Not at Intersection,N,Non-Junction,None,,,         ,Joe,Hooper,Cloudy,Front to Rear,no,no,no,no,no,False
103027307,METROPOLITAN NASHVILLE POLICE DEPT,20210367209,Davidson,Nashville,7/7/2021 12:04:00 PM,2,1,0,36.087870,-86.920730,OLD HICKORY BLVD,,,,0.00,Feet,,THE RESERVE PVTDR,,,,0.00,Y,Four-Way,N,Intersection,None,,,         ,Douglas,Atwood,Cloudy,Angle,no,no,no,no,no,False
103027336,METROPOLITAN NASHVILLE POLICE DEPT,20210367199,Davidson,Nashville,7/7/2021 11:20:00 AM,2,0,0,36.083580,-86.614000,HOLDER,DR,,,0.25,Miles,South,CASTLEGATE,DR,,,0.00,N,Not at Intersection,N,Non-Junction,None,,,         ,Terry,Denton,Cloudy,Angle,no,no,no,no,yes,False
103027339,METROPOLITAN NASHVILLE POLICE DEPT,20210367272,Davidson,Nashville,7/7/2021 12:43:00 PM,3,0,0,36.081660,-86.758320,TROUSDALE DR,,,,145.00,Feet,North,HARDING PL,,,,0.00,N,Not at Intersection, ,Non-Junction,None,,,         ,Earl,Davis,Cloudy,Front to Rear,no,no,no,no,no,False
103027357,METROPOLITAN NASHVILLE POLICE DEPT,2021-0363897,Davidson,Nashville,7/5/2021 2:20:00 PM,2,0,0,36.158730,-86.818530,CLIFTON AV,,,,0.00,Feet,,28TH AVN,,,,0.00,Y,Four-Way,N,Intersection-Related,None,,,         ,Jean,McCormack,Clear,"Sideswipe, Opposite Direction",no,no,no,no,no,False
103027361,METROPOLITAN NASHVILLE POLICE DEPT,20210367330,Davidson,Not in City Limit,7/7/2021 1:29:00 PM,2,2,0,36.020480,-86.710540,NOLENSVILLE PKE,,,,411.00,Feet,South,BIENVILLE DR,,,,0.00,N,Not at Intersection,N,Non-Junction,None,,,         ,Joe,Hooper,Rain,Front to Rear,no,no,no,no,no,False
103027362,METROPOLITAN NASHVILLE POLICE DEPT,20210367223,Davidson,Nashville,7/7/2021 12:26:00 PM,2,3,0,36.170400,-86.768450,INTERSTATE DR,,,,0.00,,,WOODLAND ST,,,,0.00,Y,Four-Way,N,Intersection,None,,,         ,Russell,Freeman,Cloudy,Angle,no,no,no,no,no,False
103027365,METROPOLITAN NASHVILLE POLICE DEPT,20210367268,Davidson,Nashville,7/7/2021 11:45:00 AM,2,0,0,36.184400,-86.798100,ROSA L PARKS BLVD,,,,8.00,Feet,West,I65 N ENT RAMP,,,,0.00,N,Not at Intersection, ,,None,,,         ,George,Spencer,,,no,no,no,no,no,False
103027420,METROPOLITAN NASHVILLE POLICE DEPT,20210367382,Davidson,Nashville,7/7/2021 1:20:00 PM,2,0,0,36.135910,-86.876440,HILLWOOD BLVD,,,,153.00,Feet,East,FLEETWOOD DR,,,,0.00,N,Not at Intersection,N,Non-Junction,None,,,         ,Wesley,Tilley,Cloudy,Angle,no,no,no,no,no,False
103027421,METROPOLITAN NASHVILLE POLICE DEPT,20210367405,Davidson,Nashville,7/7/2021 12:00:00 AM,1,0,0,36.054370,-86.667280,HICKORY HOLLOW PKWY,,,,1495.00,Feet,East,MT VIEW RD,,,,0.00,N,Not at Intersection,N,Non-Junction,None,,,         ,Thomas,Parsons,Rain,Not Collision with Motor Vehicle in Transport,no,no,no,no,yes,False
103027430,METROPOLITAN NASHVILLE POLICE DEPT,20210367333,Davidson,Nashville,7/7/2021 1:25:00 PM,3,0,0,36.128500,-86.906820,CHARLOTTE PKE,,,,0.00,,,RIVER RD,,,,0.00,Y,OTHER,N,Intersection,Construction Zone,Laneclosure,Activity Area,         ,Robert,Crow,Cloudy,Front to Rear,no,no,no,no,yes,False
103027460,METROPOLITAN NASHVILLE POLICE DEPT,20210367343,Davidson,Nashville,7/7/2021 1:36:00 PM,3,1,0,36.214670,-86.730390,GALLATIN PKE,,,,77.00,Feet,North,STRATFORD AV,,,,0.00,N,Not at Intersection,N,Non-Junction,None,,,         ,Michael,Agee,Cloudy,Front to Rear,no,no,no,no,no,False
103027469,METROPOLITAN NASHVILLE POLICE DEPT,20210367375,Davidson,Nashville,7/7/2021 2:05:00 PM,2,1,0,36.107810,-86.812770,GREEN HILLS VILLAGE DR,,,,31.00,Feet,West,HILLSBORO PKE,,,,0.00,N,Not at Intersection,N,Non-Junction,None,,,         ,Douglas,Atwood,Rain,Angle,no,no,no,no,no,False
103027471,METROPOLITAN NASHVILLE POLICE DEPT,20210367430,Davidson,Antioch,7/7/2021 2:58:00 PM,3,0,0,36.032890,-86.611870,OLD HICKORY BLVD,,,,83.00,Feet,North,PRESERVE BLVD,,,,0.00,N,Not at Intersection,N,Non-Junction,None,,,         ,Brandon,Simpkins,Rain,Front to Rear,no,no,no,no,yes,False
103027495,METROPOLITAN NASHVILLE POLICE DEPT,20210367540,Davidson,Nashville,7/7/2021 3:50:00 PM,1,1,0,36.123630,-86.810740,I440 E EXT RAMP,,,,234.00,Feet,West,I 440,,,,0.00,N,Not at Intersection,Y,Non-Junction,None,,,         ,Heather,Fox,Rain,Not Collision with Motor Vehicle in Transport,no,no,no,no,no,False
103027505,METROPOLITAN NASHVILLE POLICE DEPT,20210367568,Davidson,Nashville,7/7/2021 12:00:00 AM,2,0,0,36.174670,-86.602580,OLD HICKORY BLVD,,,,61.00,Feet,North,BURNING TREE DR,,,,0.00,N,Not at Intersection, ,,None,,,         ,Keenan,McCann,,,no,no,no,no,no,False
103027514,METROPOLITAN NASHVILLE POLICE DEPT,20210367414,Davidson,Nashville,7/7/2021 2:45:00 PM,1,1,0,36.163810,-86.786590,YMCA WAY,,,,24.00,Feet,South,CHARLOTTE AV,,,,0.00,N,Not at Intersection,N,Non-Junction,None,,,         ,Brent,Morris,Rain,Not Collision with Motor Vehicle in Transport,no,no,no,no,no,False
103027518,METROPOLITAN NASHVILLE POLICE DEPT,20210367466,Davidson,Nashville,7/7/2021 12:00:00 AM,1,0,0,36.025210,-86.742540,EDMONDSON PKE,,,,333.00,Feet,North,BANBURY STA,,,,0.00,N,Not at Intersection,N,Non-Junction,None,,,         ,Kristopher,Sharpe,"Cloudy, Rain",Not Collision with Motor Vehicle in Transport,no,no,no,no,no,False
103027521,METROPOLITAN NASHVILLE POLICE DEPT,20210367518,Davidson,Nashville,7/7/2021 3:38:00 PM,2,0,0,36.163220,-86.788160,CHARLOTTE AV,,,,120.00,Feet,West,10TH AVN,,,,0.00,N,Not at Intersection,N,Non-Junction,None,,,         ,Eric,Jackson,Cloudy,Front to Rear,no,no,no,no,yes,False
103027522,METROPOLITAN NASHVILLE POLICE DEPT,20210367348,Davidson,Nashville,7/7/2021 1:42:00 PM,2,0,0,36.154630,-86.779160,LAFAYETTE ST,,,,0.00,,,KOREAN VETERANS BLVD,,,,0.00,Y,Roundabout, ,Intersection,None,,,         ,Michael,Douglas,Rain,"Sideswipe, Same Direction",no,no,no,no,no,False
103027534,METROPOLITAN NASHVILLE POLICE DEPT,20210367583,Davidson,Nashville,7/7/2021 4:07:00 PM,2,0,0,36.135240,-86.820750,I440 E ENT RAMP,,,,0.00,Feet,East,I 440,,,,0.00,N,Not at Intersection, ,Entrance/Exit Ramp Related,None,,,         ,Jared,Dick,"Cloudy, Rain",Front to Rear,no,no,no,no,no,False
103027538,METROPOLITAN NASHVILLE POLICE DEPT,20210367612,Davidson,Nashville,7/7/2021 4:35:00 PM,1,0,0,36.232440,-86.826030,BRILEY PKWYW,,,,246.00,Feet,West,BUENA VISTA PKE,,,,0.00,N,Not at Intersection,N,Non-Junction,None,,,         ,Gabriel,Centeno,"Cloudy, Rain",Not Collision with Motor Vehicle in Transport,no,no,no,no,no,False
103027539,METROPOLITAN NASHVILLE POLICE DEPT,20210367541,Davidson,Not in City Limit,7/7/2021 3:30:00 PM,1,1,0,36.318710,-86.837570,I 24,,,,0.00,,,,,,,36.80,N,Not at Intersection,N,Non-Junction,None,,,         ,Paxton,Montgomery,Rain,Not Collision with Motor Vehicle in Transport,no,no,no,no,no,False
103027543,METROPOLITAN NASHVILLE POLICE DEPT,20210367554,Davidson,Nashville,7/7/2021 4:01:00 PM,2,0,0,36.106840,-86.674570,MURFREESBORO PKE,,,,760.00,Feet,East,DELL PKWY,,,,0.00,N,Not at Intersection, ,Non-Junction,None,,,         ,Keith,Parlato,Rain,Angle,no,no,no,no,no,False
103027544,METROPOLITAN NASHVILLE POLICE DEPT,20210367473,Davidson,Nashville,7/7/2021 3:00:00 PM,2,0,0,36.105760,-86.672120,MURFREESBORO PKE,,,,108.00,Feet,West,EZELL PKE,,,,0.00,N,Not at Intersection,N,Non-Junction,None,,,         ,Steven,Begley,Cloudy,"Sideswipe, Same Direction",no,no,no,no,no,False
103027547,VANDERBILT UNIVERSITY POLICE,20210367578,Davidson,Nashville,7/7/2021 4:07:00 PM,2,0,0,36.139080,-86.805070,24TH AVS,,,,0.00,,,CHILDRENS WAY,,,,0.00,Y,Four-Way, ,,None,,,         ,Robert,Gibson,,,no,no,no,no,no,Campus
103027558,METROPOLITAN NASHVILLE POLICE DEPT,20210367632,Davidson,Nashville,7/7/2021 4:55:00 PM,2,0,0,36.168040,-86.765860,I 24,,,,0.00,,,,,,,48.80,N,Not at Intersection, ,,None,,,         ,Ciara,Doherty,,,no,no,no,no,no,False
103027561,METROPOLITAN NASHVILLE POLICE DEPT,20210367627,Davidson,Nashville,7/7/2021 4:53:00 PM,2,0,0,36.189180,-86.792230,I 65,,,,0.00,,,,,,,85.60,N,Not at Intersection, ,Non-Junction,None,,,         ,Jason,Milyaro Lucas,Rain,Front to Rear,no,no,no,no,no,False
103027562,METROPOLITAN NASHVILLE POLICE DEPT,20210367407,Davidson,Nashville,7/7/2021 2:33:00 PM,2,0,0,36.126880,-86.850040,WHITE BRIDGE PKE,,,,231.00,Feet,East,WHITE BRIDGE CNCTR,,,,0.00,N,Not at Intersection, ,Non-Junction,None,,,         ,Jeremy,Huffine,Cloudy,Front to Rear,no,no,no,no,no,False
103027565,METROPOLITAN NASHVILLE POLICE DEPT,20210367564,Davidson,Goodlettsville,7/7/2021 3:49:00 PM,2,0,0,36.292090,-86.720620,I 65,,,,0.00,,,,,,,94.40,N,Not at Intersection,N,Non-Junction,None,,,         ,Mason,Tyler,Cloudy,Front to Rear,no,no,no,no,no,False
103027575,METROPOLITAN NASHVILLE POLICE DEPT,20210367594,Davidson,Nashville,7/7/2021 4:34:00 PM,2,0,0,36.163170,-86.787670,10TH AVN,,,,86.00,Feet,South,CHARLOTTE AV,,,,0.00,N,Not at Intersection,N,Non-Junction,None,,,         ,Corteze,Armstrong,Rain,Front to Rear,no,no,no,no,no,False
103027580,METROPOLITAN NASHVILLE POLICE DEPT,20210367633,Davidson,Nashville,7/7/2021 4:40:00 PM,2,1,0,36.143810,-86.816380,31ST AVN,,,,91.00,Feet,North,HEDRICK ST,,,,0.00,N,Not at Intersection,N,Non-Junction,None,,,         ,Alex,Gibson,Rain,Angle,no,no,no,no,no,Campus
103027586,METROPOLITAN NASHVILLE POLICE DEPT,20210367587,Davidson,Nashville,7/7/2021 4:27:00 PM,2,1,0,36.154040,-86.835190,I 40,,,,0.00,,,,,,,205.15,N,Not at Intersection,N,Non-Junction,None,,,         ,Tristen,Mayfield,Cloudy,Front to Rear,no,no,no,no,no,False
103027590,METROPOLITAN NASHVILLE POLICE DEPT,20210367658,Davidson,Nashville,7/7/2021 5:11:00 PM,2,0,0,36.170870,-86.803840,I 40,,,,0.00,,,,,,,207.45,N,Not at Intersection, ,Non-Junction,None,,,         ,Cooper,HIll,Rain,Front to Rear,no,no,no,no,no,False
103027596,METROPOLITAN NASHVILLE POLICE DEPT,20210367677,Davidson,Nashville,7/7/2021 5:07:00 PM,2,0,0,36.135890,-86.820650,I 440,,,,0.00,,,,,,,1.55,N,Not at Intersection,N,Non-Junction,None,,,         ,Brady,Reynolds,Clear,Front to Rear,no,no,no,no,no,False
103027598,METROPOLITAN NASHVILLE POLICE DEPT,20210367641,Davidson,Goodlettsville,7/7/2021 5:01:00 PM,2,0,0,36.286790,-86.705390,EDENWOLD RD,,,,14.00,Feet,East,GALLATIN PKEN,,,,0.00,N,Not at Intersection, ,Non-Junction,Construction Zone,,,         ,Wesley,Carver,Cloudy,Angle,no,no,no,no,no,False
103027606,METROPOLITAN NASHVILLE POLICE DEPT,20210367553,Davidson,Nashville,7/7/2021 3:59:00 PM,2,0,0,36.099510,-86.710990,I 24,,,,0.00,,,,,,,54.60,N,Not at Intersection,N,Non-Junction,None,,,         ,Beri,Scott,Clear,Front to Rear,no,no,no,no,yes,False
103027607,METROPOLITAN NASHVILLE POLICE DEPT,20210367693,Davidson,Nashville,7/7/2021 5:39:00 PM,3,5,0,36.093010,-86.827330,HILLSBORO PKE,,,,32.00,Feet,South,FOREST PLACE CIR,,,,0.00,N,Not at Intersection,N,Non-Junction,None,,,         ,Jared,Dick,"Cloudy, Rain",Front to Rear,no,no,no,no,no,False
103027608,METROPOLITAN NASHVILLE POLICE DEPT,20210367560,Davidson,Nashville,7/7/2021 12:00:00 AM,2,0,0,36.144800,-86.739760,I 40,,,,0.00,,,,,,,212.30,N,Not at Intersection,N,Non-Junction,None,,,         ,Douglas,Mann,Rain,Angle,no,no,no,no,yes,False
103027615,METROPOLITAN NASHVILLE POLICE DEPT,20210367772,Davidson,Nashville,7/7/2021 5:55:00 PM,2,0,0,36.205910,-86.768890,W TRINITY LN,,,,80.00,Feet,West,E TRINITY LN,,,,0.00,N,Not at Intersection, ,Non-Junction,None,,,         ,Randy,Puckett,Clear,Angle,no,no,no,no,no,False
103027616,METROPOLITAN NASHVILLE POLICE DEPT,20210367748,Davidson,Nashville,7/7/2021 4:45:00 PM,2,0,0,36.166640,-86.764950,I 24,,,,0.00,,,,,,,48.95,N,Not at Intersection,N,Non-Junction,None,,,         ,Eric,Jackson,Fog,Front to Rear,no,no,no,no,yes,False
103027619,METROPOLITAN NASHVILLE POLICE DEPT,20210367652,Davidson,Nashville,7/7/2021 5:13:00 PM,3,2,0,36.205070,-86.840460,CLARKSVILLE PKE,,,,685.00,Feet,North,ABERNATHY RD,,,,0.00,N,Not at Intersection,N,Non-Junction,None,,,         ,Rachel,Susee,Cloudy,Front to Rear,no,no,no,no,no,False
103027621,METROPOLITAN NASHVILLE POLICE DEPT,20210367601,Davidson,Nashville,7/7/2021 4:27:00 PM,1,0,0,36.162000,-86.774910,BROADWAY,,,,85.00,Feet,East,2ND AVN,,,,0.00,N,Not at Intersection,N,Non-Junction,None,,,         ,Nicholas,Kiraly,Rain,Not Collision with Motor Vehicle in Transport,no,no,no,no,no,False
103027622,METROPOLITAN NASHVILLE POLICE DEPT,20210367714,Davidson,Nashville,7/7/2021 5:30:00 PM,2,0,0,36.150370,-86.779200,8TH AVS,,,,0.00,,,ALLISON ST,,,,0.00,Y,T-Intersection,N,Non-Junction,None,,,         ,Nicolas,Pernell,Unknown,Angle,no,no,no,no,no,False
103027623,METROPOLITAN NASHVILLE POLICE DEPT,20210367653,Davidson,Nashville,7/7/2021 5:14:00 PM,2,0,0,36.090640,-86.703540,I 24,,,,0.00,,,,,,,55.35,N,Not at Intersection, ,Non-Junction,None,,,         ,Beri,Scott,Clear,Front to Rear,no,no,no,no,no,False
103027624,METROPOLITAN NASHVILLE POLICE DEPT,20210367696,Davidson,Nashville,7/7/2021 12:00:00 AM,2,0,0,36.041700,-86.748620,OLD HICKORY BLVD,,,,0.00,,,COPPERFIELD WAY,,,,0.00,Y,T-Intersection,N,Intersection-Related,None,,,         ,Justin,mathias,Rain,Front to Rear,no,no,no,no,no,False
103027625,METROPOLITAN NASHVILLE POLICE DEPT,20210367754,Davidson,Nashville,7/7/2021 5:20:00 PM,2,0,0,36.178520,-86.749840,FORREST AV,,,,0.00,Feet,West,N 11TH ST,,,,0.00,N,Not at Intersection,Y,Non-Junction,None,,,         ,Ciara,Doherty,Rain,Angle,no,no,no,no,no,False
103027627,METROPOLITAN NASHVILLE POLICE DEPT,20210367716,Davidson,Nashville,7/7/2021 6:00:00 PM,2,0,0,36.154630,-86.779160,LAFAYETTE ST,,,,0.00,,,8TH AVS,,,,0.00,Y,Traffic Circle, ,Intersection,None,,,         ,Benny,Pittman,Cloudy,"Sideswipe, Same Direction",no,no,no,no,no,False
103027629,METROPOLITAN NASHVILLE POLICE DEPT,20210367751,Davidson,Nashville,7/7/2021 6:15:00 PM,2,1,0,36.047850,-86.816040,GRANNY WHITE PKE,,,,0.00,Feet,West,OMAN DR,,,,0.00,N,Not at Intersection,N,Non-Junction,None,,,         ,Goran,Manojlovic,Clear,Angle,no,no,no,no,no,False
103027631,METROPOLITAN NASHVILLE POLICE DEPT,20210367650,Davidson,Nashville,7/7/2021 5:39:00 PM,2,0,0,36.141890,-86.652610,I 40,,,,0.00,,,,,,,217.40,N,Not at Intersection, ,Non-Junction,None,,,         ,Dontaveous,Eubanks,Cloudy,"Sideswipe, Same Direction",no,no,no,no,yes,False
103027634,METROPOLITAN NASHVILLE POLICE DEPT,20210367730,Davidson,Nashville,7/7/2021 6:04:00 PM,2,1,0,36.106920,-86.728730,SOUTHLAKE DR,,,,29.00,Feet,East,NEESE DR,,,,0.00,N,Not at Intersection,N,Non-Junction,None,,,         ,Beri,Scott,Clear,Front to Rear,no,no,no,no,no,False
103027635,METROPOLITAN NASHVILLE POLICE DEPT,20210367805,Davidson,Nashville,7/7/2021 6:00:00 PM,2,0,0,36.227600,-86.759100,DICKERSON PKE,,,,0.00,,,,,,,0.00,,,N,Non-Junction,None,,,         ,Wade,Johnson,Clear,Rear to Rear,no,no,no,yes,yes,False
103027639,METROPOLITAN NASHVILLE POLICE DEPT,20210367780,Davidson,Nashville,7/7/2021 6:35:00 PM,2,1,0,36.066300,-86.774230,HOGAN RD,,,,0.00,,,FRANKLIN PKE,,,,0.00,Y,Four-Way,N,Intersection,None,,,         ,Thomas,Vasquez,Cloudy,Angle,no,no,no,no,no,False
103027642,METROPOLITAN NASHVILLE POLICE DEPT,20210367732,Davidson,Not in City Limit,7/7/2021 5:33:00 PM,2,0,0,36.258190,-86.764880,BELLSHIRE TERRACE DR,,,,385.00,Feet,West,TUCKAHOE DR,,,,0.00,N,Not at Intersection,N,Non-Junction,None,,,         ,Mason,Tyler,Cloudy,Angle,no,no,no,no,no,False
103027644,METROPOLITAN NASHVILLE POLICE DEPT,20210367798,Davidson,Nashville,7/7/2021 6:47:00 PM,2,1,0,36.211640,-86.700200,OPRYLAND DR,,,,0.00,Feet,East,OPRY MILLS DR,,,,0.00,N,Not at Intersection,N,Non-Junction,None,,,         ,Evan,Grace,Rain,Angle,no,no,no,yes,no,False
103027646,METROPOLITAN NASHVILLE POLICE DEPT,20210367707,Davidson,Nashville,7/7/2021 5:50:00 PM,2,0,0,36.158850,-86.615610,BELL RD,,,,1785.00,Feet,South,BELL RD PVTDR,,,,0.00,N,Not at Intersection,Y,Non-Junction,None,,,         ,Ivan,Vega,"Cloudy, Rain",Front to Rear,no,no,no,no,no,False
103027660,METROPOLITAN NASHVILLE POLICE DEPT,20210367654,Davidson,Nashville,7/7/2021 2:59:00 PM,2,0,0,36.082620,-86.628840,BELL RD,,,,0.00,,,BELL RD,,,,0.00,,Four-Way,N,Non-Junction,None,,,         ,Phillip,Burke,Clear,Front to Rear,no,no,no,no,yes,False
103027670,METROPOLITAN NASHVILLE POLICE DEPT,20210367875,Davidson,Nashville,7/7/2021 1:57:00 PM,2,0,0,36.183280,-86.812340,18TH AVN,,,,178.00,Feet,North,CLARKSVILLE PKE,,,,0.00,N,Not at Intersection,N,Non-Junction,None,,,         ,Gabriel,Centeno,Unknown,"Sideswipe, Same Direction",no,no,no,no,yes,False
103027695,METROPOLITAN NASHVILLE POLICE DEPT,20210367562,Davidson,Nashville,7/7/2021 4:10:00 PM,4,2,0,36.158320,-86.616290,BELL RD,,,,2053.00,Feet,South,DODSON CHAPEL RD,,,,0.00,N,Not at Intersection,N,Non-Junction,None,,,         ,Destiny,Zunic,"Cloudy, Rain",Front to Rear,no,no,no,no,no,False
103027696,METROPOLITAN NASHVILLE POLICE DEPT,20210367771,Davidson,Nashville,7/7/2021 5:41:00 PM,2,0,0,36.075010,-86.662540,UNA ANTIOCH PKE,,,,0.00,Feet,,BILLINGSGATE RD,,,,0.00,Y,T-Intersection,N,Intersection,None,,,         ,Jeffrey,Palomino-Gonzalez,Clear,"Sideswipe, Opposite Direction",no,no,no,no,yes,False
103027722,METROPOLITAN NASHVILLE POLICE DEPT,20210367656,Davidson,Nashville,7/7/2021 5:10:00 PM,3,3,0,36.149670,-86.859930,OCEOLA AV,,,,0.00,,,CHARLOTTE PKE,,,,0.00,Y,T-Intersection,N,Intersection-Related,None,,,         ,Torian,Cox,Clear,Angle,no,no,no,no,no,False
103027731,METROPOLITAN NASHVILLE POLICE DEPT,20210367899,Davidson,Nashville,7/7/2021 7:45:00 PM,1,0,0,36.194680,-86.776170,I 24,,,,0.00,,,,,,,46.40,N,Not at Intersection,N,Non-Junction,None,,,         ,Paxton,Montgomery,Clear,Not Collision with Motor Vehicle in Transport,no,no,no,no,no,False
103027732,METROPOLITAN NASHVILLE POLICE DEPT,20210367990,Davidson,Nashville,7/7/2021 9:00:00 AM,2,0,0,36.155180,-86.779740,8TH AVS,,,,204.00,Feet,West,KOREAN VETERANS BLVD,,,,0.00,N,Not at Intersection, ,,None,,,         ,Benny,Pittman,,,no,no,no,no,no,False
103027733,METROPOLITAN NASHVILLE POLICE DEPT,20210367946,Davidson,Nashville,7/7/2021 7:13:00 PM,2,0,0,36.065480,-86.717430,NOLENSVILLE PKE,,,,459.00,Feet,South,NORTHCREST DR,,,,0.00,N,Not at Intersection, ,Non-Junction,None,,,         ,Thomas,Vasquez,Clear,Front to Rear,no,no,no,no,no,False
103027746,METROPOLITAN NASHVILLE POLICE DEPT,20210367961,Davidson,Nashville,7/7/2021 4:13:00 PM,2,0,0,36.079270,-86.727300,HARDING PL,,,,316.00,Feet,West,NOLENSVILLE PKE,,,,0.00,N,Not at Intersection,N,Non-Junction,None,,,         ,Nicholas,Carroll,Clear,Other,no,no,no,no,yes,False
103027781,METROPOLITAN NASHVILLE POLICE DEPT,20210367803,Davidson,Not in City Limit,7/7/2021 6:50:00 PM,2,0,0,36.263150,-86.711890,GALLATIN PKEN,,,,32.00,Feet,North,STATE RT 45,,,,0.00,N,Not at Intersection, ,Non-Junction,None,,,         ,David,Harms,Cloudy,"Sideswipe, Same Direction",no,no,no,no,no,False
103027806,METROPOLITAN NASHVILLE POLICE DEPT,20210367938,Davidson,Nashville,7/7/2021 7:14:00 PM,2,0,0,36.091870,-86.685140,HARDING PL,,,,56.00,Feet,East,MCGAVOCK PKE,,,,0.00,N,Not at Intersection, ,Non-Junction,None,,,         ,Beri,Scott,Rain,Front to Rear,no,no,no,no,no,False
103027807,METROPOLITAN NASHVILLE POLICE DEPT,20210368029,Davidson,Nashville,7/7/2021 9:25:00 PM,2,1,0,36.109450,-86.728050,BRILEY PKWYN,,,,0.00,,,BRILEY PKWYS,,,,0.00,Y,Four-Way,N,Intersection,None,,,         ,Beri,Scott,Clear,Angle,no,no,no,no,no,False
103027831,METROPOLITAN NASHVILLE POLICE DEPT,20210368045,Davidson,Nashville,7/7/2021 9:43:00 PM,2,2,0,36.112190,-86.922770,OLD HICKORY BLVD,,,,0.00,Feet,,I40 W EXT RAMP,,,,0.00,Y,Four-Way,N,Intersection-Related,None,,,         ,Jared,Dick,Clear,Angle,no,no,no,no,no,False
103027843,METROPOLITAN NASHVILLE POLICE DEPT,20210367776,Davidson,Not in City Limit,7/7/2021 6:32:00 PM,2,3,0,36.078020,-86.949070,HIGHWAY 70S,,,,0.00,,,BELLEVUE CTR PVTDR,,,,0.00,Y,Four-Way,N,Intersection,None,,,         ,Michael,Sipos,Clear,Angle,no,no,no,no,no,False
103027849,METROPOLITAN NASHVILLE POLICE DEPT,20210368189,Davidson,Nashville,7/7/2021 11:31:00 PM,1,3,0,36.146210,-86.653410,MCCRORY CREEK RD,,,,660.00,Feet,South,HONEYBROOK DR,,,,0.00,N,Not at Intersection,N,Non-Junction,None,,,         ,Ryan,Malone,,Not Collision with Motor Vehicle in Transport,no,no,no,no,no,False
103027850,METROPOLITAN NASHVILLE POLICE DEPT,20210368166,Davidson,Nashville,7/7/2021 11:00:00 PM,1,1,0,36.152870,-86.858510,I40 W ENT RAMP,,,,0.00,Feet,East,I 40,,,,0.00,N,Not at Intersection,N,Non-Junction,None,,,         ,William,McDaniel,Clear,Not Collision with Motor Vehicle in Transport,no,no,no,no,no,False
103027851,METROPOLITAN NASHVILLE POLICE DEPT,20210368168,Davidson,Nashville,7/7/2021 10:45:00 PM,2,0,0,36.155650,-86.789720,BROADWAY,,,,0.00,,,I40 E EXT RAMP,,,,0.00,Y,Four-Way,N,Intersection,None,,,         ,Sierra,Walker,Clear,"Sideswipe, Same Direction",no,no,no,no,yes,False
103027861,METROPOLITAN NASHVILLE POLICE DEPT,20210368180,Davidson,Nashville,7/7/2021 11:04:00 PM,2,0,0,36.156330,-86.794890,CHURCH ST,,,,122.00,Feet,West,16TH AVN,,,,0.00,N,Not at Intersection,N,Non-Junction,None,,,         ,Sierra,Walker,Clear,Angle,no,no,no,no,no,False
103027868,METROPOLITAN NASHVILLE POLICE DEPT,20210368123,Davidson,Nashville,7/7/2021 10:20:00 PM,2,0,0,36.108930,-86.720850,I24 W ENT RAMP,,,,0.00,Feet,East,I 24,,,,0.00,N,Not at Intersection, ,Entrance/Exit Ramp Related,None,,,         ,Autumn,Manning,,Front to Rear,no,no,no,no,no,False
103027869,METROPOLITAN NASHVILLE POLICE DEPT,20210368231,Davidson,Goodlettsville,7/7/2021 8:30:00 PM,2,0,0,36.291920,-86.721050,I 65,,,,0.00,,,,,,,94.40,N,Not at Intersection, ,Non-Junction,None,,,         ,Ashton,Hill,Clear,"Sideswipe, Same Direction",no,no,no,no,yes,False
103027874,METROPOLITAN NASHVILLE POLICE DEPT,20210368364,Davidson,Nashville,7/8/2021 2:03:00 AM,2,1,0,36.148810,-86.666280,ELM HILL PKE,,,,0.00,,,DONELSON PKE,,,,0.00,Y,Four-Way,Y,Intersection,None,,,         ,Dallas,Johnson,,Unknown,no,no,no,no,yes,False