master_record_number,agency,agency_tracking_number,county,city,collision_date,vehicles_involved,number_injured,number_dead,latitude,longitude,roadway_name,roadway_suffix,roadway_number,roadway_local_id,distance_from_reference,miles-feet_indicator,direction_from_reference,intersection_road_name,intersection_road_name_suffix,intersection_road_number,intersection_local_id,mile_marker,intersection_indicator,intersect_type,interchange_related_indicator,relation_to_junction,work_zone_type,construction_maintenance_zone,construction_maintenance_zone_location,fatal_case_number,officer_first_name,officer_last_name,weather_condition(s),manner_of_crash,pedestrian,bicycle,scooter,parking,hitrun,mou
103027878,METROPOLITAN NASHVILLE POLICE DEPT,20210367781,Davidson,Nashville,7/7/2021 5:50:00 PM,2,0,0,36.215140,-86.600710,LEBANON PKE,,,,895.00,Feet,West,ANDREW JACKSON PKWY,,,,0.00,N,Not at Intersection,N,Non-Junction,None,,,         ,Michael,Fox,,Front to Rear,no,no,no,no,no,False
103027913,METROPOLITAN NASHVILLE POLICE DEPT,20210368451,Davidson,Nashville,7/8/2021 3:30:00 AM,1,1,0,36.073700,-86.693110,LINBAR DR,,,,166.00,Feet,North,MELMACK DR,,,,0.00,N,Not at Intersection,N,Non-Junction,None,,,         ,Autumn,Manning,Clear,Not Collision with Motor Vehicle in Transport,no,no,no,no,no,False
103027923,METROPOLITAN NASHVILLE POLICE DEPT,20210368423,Davidson,Nashville,7/8/2021 2:55:00 AM,1,1,0,36.142450,-86.857590,WHITE BRIDGE PKE,,,,308.00,Feet,South,CORBETT LN,,,,0.00,N,Not at Intersection,N,Non-Junction,None,,,         ,John,Robish,Clear,Not Collision with Motor Vehicle in Transport,no,no,no,no,no,False
103027937,METROPOLITAN NASHVILLE POLICE DEPT,20210367335,Davidson,Nashville,7/7/2021 1:31:00 PM,3,2,0,36.116384,-86.789675,,,I440,,25.00,Feet,East,,,,,4.00,N,Not at Intersection,N,Non-Junction,None,,,         ,Earl,Davis,Rain,Front to Rear,no,no,no,no,no,False
103027940,METROPOLITAN NASHVILLE POLICE DEPT,20210368578,Davidson,Nashville,7/8/2021 6:28:00 AM,1,1,0,36.234270,-86.723550,BRILEY PKWY E EXT RAMP,,,,252.00,Feet,East,BRILEY PKWYE,,,,0.00,N,Not at Intersection,Y,Entrance/Exit Ramp Related,None,,,         ,Dillon,Hunt,Cloudy,Not Collision with Motor Vehicle in Transport,no,no,no,no,no,False
103027951,METROPOLITAN NASHVILLE POLICE DEPT,20210368598,Davidson,Nashville,7/8/2021 6:54:00 AM,1,1,0,36.158590,-86.624890,I 40,,,,0.00,,,,,,,219.30,N,Not at Intersection,N,Non-Junction,None,,,         ,Kaytlin,huyler,Clear,Not Collision with Motor Vehicle in Transport,no,no,no,no,no,False
103027960,METROPOLITAN NASHVILLE POLICE DEPT,20210368668,Davidson,Nashville,7/7/2021 12:00:00 AM,2,0,0,36.163070,-86.768790,S 1ST ST,,,,762.00,Feet,South,VICTORY AV,,,,0.00,N,Not at Intersection,N,Non-Junction,None,,,         ,Wesley,Young,Unknown,"Sideswipe, Same Direction",no,no,no,no,yes,False
103027964,METROPOLITAN NASHVILLE POLICE DEPT,20210368600,Davidson,Nashville,7/8/2021 6:55:00 AM,2,0,0,36.141200,-86.731400,I 40,,,,0.00,,,,,,,212.85,N,Not at Intersection, ,Entrance/Exit Ramp Related,None,,,         ,Sean,Fitzmaurice,Cloudy,Front to Rear,no,no,no,no,no,False
103027999,METROPOLITAN NASHVILLE POLICE DEPT,20210368763,Davidson,Nashville,7/8/2021 8:40:00 AM,2,0,0,36.158520,-86.681070,MCGAVOCK PKE,,,,150.00,Feet,South,GRAYLYNN DR,,,,0.00,N,Not at Intersection,N,Non-Junction,None,,,         ,Patrick,Lancaster,Cloudy,Front to Rear,no,no,no,no,yes,False
103028006,METROPOLITAN NASHVILLE POLICE DEPT,20210368795,Davidson,Nashville,7/8/2021 9:06:00 AM,2,0,0,36.088760,-86.702000,I 24,,,,0.00,,,I24 W ENT RAMP,,,,0.00,Y,OTHER, ,Entrance/Exit Ramp Related,None,,,         ,Joe,Hooper,Cloudy,"Sideswipe, Same Direction",no,no,no,no,no,False
103028009,METROPOLITAN NASHVILLE POLICE DEPT,20210368664,Davidson,Not in City Limit,7/8/2021 7:45:00 AM,2,1,0,36.078890,-86.948730,BELLEVUE CTR PVTDR,,,,0.00,,,HIGHWAY 70S,,,,0.00,Y,Four-Way,N,Intersection,None,,,         ,Timothy,Lehnert,Cloudy,Angle,no,no,no,yes,no,False
103028021,METROPOLITAN NASHVILLE POLICE DEPT,20210368854,Davidson,Nashville,7/8/2021 12:00:00 AM,2,0,0,36.191480,-86.786480,I 65,,,,0.00,,,,,,,85.95,N,Not at Intersection,N,Non-Junction,None,,,         ,Julie,Nabors,Cloudy,"Sideswipe, Same Direction",no,no,no,no,yes,False
103028036,METROPOLITAN NASHVILLE POLICE DEPT,20210368855,Davidson,Nashville,7/8/2021 9:35:00 AM,2,0,0,36.133150,-86.726880,I24E,,,,76.00,Feet,East,I24 W EXT RAMP,,,,0.00,N,Not at Intersection, ,Non-Junction,None,,,         ,James,Thomas,Cloudy,Front to Rear,no,no,no,no,no,False
103028045,METROPOLITAN NASHVILLE POLICE DEPT,20210368879,Davidson,Nashville,7/8/2021 9:55:00 AM,2,0,0,36.168990,-86.683020,LEBANON PKE,,,,181.00,Feet,East,THE CROSSINGS PVTDR,,,,0.00,N,Not at Intersection, ,Non-Junction,None,,,         ,Patrick,Lancaster,Cloudy,"Sideswipe, Same Direction",no,no,no,no,no,False
103028047,VANDERBILT UNIVERSITY POLICE,20210368872,Davidson,Nashville,7/8/2021 9:40:00 AM,2,0,0,36.142180,-86.806620,25TH AVS,,,,182.00,Feet,South,HIGHLAND AV,,,,0.00,N,Not at Intersection, ,,None,,,         ,Scott,Johnson,,,no,no,no,no,no,Campus
103028049,METROPOLITAN NASHVILLE POLICE DEPT,20210368913,Davidson,Nashville,7/8/2021 10:16:00 AM,2,1,0,36.116530,-86.810520,HILLSBORO PKE,,,,0.00,,,MATTHEW LN,,,,0.00,Y,T-Intersection,N,Intersection,None,,,         ,Earl,Davis,Cloudy,"Sideswipe, Same Direction",no,no,no,no,no,False
103028060,METROPOLITAN NASHVILLE POLICE DEPT,20210368944,Davidson,Nashville,7/8/2021 9:30:00 AM,2,0,0,36.235720,-86.759260,HOMESTEAD RD,,,,357.00,Feet,West,DICKERSON PKE,,,,0.00,N,Not at Intersection,N,Non-Junction,None,,,         ,Matthew,Herod,Clear,Front to Rear,no,no,no,yes,yes,False
103028073,METROPOLITAN NASHVILLE POLICE DEPT,20210368928,Davidson,Nashville,7/8/2021 10:29:00 AM,3,2,0,36.090020,-86.733660,NOLENSVILLE PKE,,,,0.00,,,ZOO RD,,,,0.00,Y,T-Intersection,N,Intersection,None,,,         ,Joe,Hooper,Cloudy,Angle,no,no,no,no,no,False
103028101,METROPOLITAN NASHVILLE POLICE DEPT,20210369024,Davidson,Nashville,7/8/2021 11:43:00 AM,2,0,0,36.067630,-86.718620,NOLENSVILLE PKE,,,,254.00,Feet,South,HAYWOOD LN,,,,0.00,N,Not at Intersection, ,Non-Junction,None,,,         ,Joe,Hooper,Cloudy,Front to Rear,no,no,no,no,no,False
103028135,METROPOLITAN NASHVILLE POLICE DEPT,20210368808,Davidson,Nashville,7/8/2021 9:13:00 AM,2,1,0,36.255350,-86.752710,DUE WEST AVN,,,,471.00,Feet,East,DUE WEST AV N PVTDR,,,,0.00,N,Not at Intersection,N,Non-Junction,None,,,         ,Jeanine,Sarno,Cloudy,"Sideswipe, Opposite Direction",no,no,no,no,no,False
103028137,METROPOLITAN NASHVILLE POLICE DEPT,20210360011,Davidson,Nashville,7/2/2021 10:28:00 PM,1,1,0,36.153790,-86.794410,17TH AVS,,,,0.00,,,WEST END AV,,,,0.00,Y,Four-Way,N,Intersection,None,,,         ,Christopher,Valdez,Clear,Not Collision with Motor Vehicle in Transport,yes,no,no,no,no,False
103028138,METROPOLITAN NASHVILLE POLICE DEPT,20210368952,Davidson,Nashville,7/8/2021 10:35:00 AM,3,0,0,36.191930,-86.782360,I 65,,,,0.00,,,,,,,86.20,N,Not at Intersection, ,Entrance/Exit Ramp Related,None,,,         ,Derek,Garcia,Clear,"Sideswipe, Same Direction",no,no,no,no,yes,False
103028139,METROPOLITAN NASHVILLE POLICE DEPT,20210368971,Davidson,Nashville,7/8/2021 11:00:00 AM,2,0,0,36.197560,-86.775790,I 65,,,,0.00,,,,,,,86.70,N,Not at Intersection, ,Non-Junction,None,,,         ,Daniel,Russett,,"Sideswipe, Same Direction",no,no,no,no,no,False
103028146,VANDERBILT UNIVERSITY POLICE,210369021,Davidson,Nashville,7/8/2021 11:27:00 AM,2,0,0,36.137970,-86.800710,21ST AVS,,,,146.00,Feet,North,WEDGEWOOD AV,,,,0.00,N,Not at Intersection, ,Non-Junction,None,,,         ,Michael,Knupp,Clear,Front to Rear,no,no,no,no,no,Campus
103028175,METROPOLITAN NASHVILLE POLICE DEPT,20210369060,Davidson,Nashville,7/8/2021 12:08:00 PM,2,2,0,36.213160,-86.721690,STRATFORD AV,,,,0.00,,,KENNEDY AV,,,,0.00,Y,Four-Way,N,Intersection,None,,,         ,Nicholas,Cochran,Clear,Angle,no,no,no,no,no,False
103028200,METROPOLITAN NASHVILLE POLICE DEPT,20210369165,Davidson,Antioch,7/8/2021 12:00:00 AM,1,0,0,36.013440,-86.620690,I24 E ENT RAMP,,,,0.00,,,I 24,,,,0.00,Y,Four-Way, ,Intersection,None,,,         ,James,Gilliam,Clear,Not Collision with Motor Vehicle in Transport,no,no,no,no,yes,False
103028201,METROPOLITAN NASHVILLE POLICE DEPT,20210369145,Davidson,Not in City Limit,7/8/2021 12:50:00 PM,2,0,0,36.361470,-86.875390,JACKMAN RD,,,,1087.00,Feet,West,JACKMAN RD PVTDR,,,,0.00,N,Not at Intersection, ,,None,,,         ,Gregory,Scott,,,no,no,no,no,no,False
103028214,METROPOLITAN NASHVILLE POLICE DEPT,20210369142,Davidson,Nashville,7/8/2021 11:54:00 AM,2,0,0,36.166170,-86.764700,I 24,,,,0.00,,,,,,,49.00,N,Not at Intersection, ,Entrance/Exit Ramp Related,None,,,         ,Ronald,Bright,Cloudy,"Sideswipe, Same Direction",no,no,no,no,no,False
103028215,METROPOLITAN NASHVILLE POLICE DEPT,20210369147,Davidson,Nashville,7/8/2021 12:53:00 PM,1,0,0,36.124275,-86.741979,,,I440 E,,0.00,,,,,,,6.80,N,Not at Intersection,N,Non-Junction,None,,,         ,Joe,Hooper,Cloudy,Not Collision with Motor Vehicle in Transport,no,no,no,no,yes,False
103028226,METROPOLITAN NASHVILLE POLICE DEPT,20210369207,Davidson,Nashville,7/8/2021 12:15:00 PM,2,0,0,36.152830,-86.633730,I 40,,,,0.00,,,,,,,218.65,N,Not at Intersection,N,Non-Junction,None,,,         ,Michael,Dance,Clear,Not Collision with Motor Vehicle in Transport,no,no,no,no,no,False
103028250,METROPOLITAN NASHVILLE POLICE DEPT,20210369030,Davidson,Goodlettsville,7/8/2021 11:46:00 AM,2,2,0,36.288660,-86.704570,GALLATIN PKEN,,,,682.00,Feet,North,EDENWOLD RD,,,,0.00,N,Not at Intersection,N,Non-Junction,None,,,         ,Christopher,Littles,,Angle,no,no,no,no,no,False
103028251,METROPOLITAN NASHVILLE POLICE DEPT,20210369189,Davidson,Nashville,7/8/2021 1:06:00 PM,2,0,0,36.269140,-86.755160,OLD HICKORY BLVDW,,,,174.00,Feet,East,DICKERSON PKE,,,,0.00,N,Not at Intersection,N,Non-Junction,None,,,         ,Christopher,Littles,,"Sideswipe, Same Direction",no,no,no,no,no,False
103028258,METROPOLITAN NASHVILLE POLICE DEPT,20210369011,Davidson,Nashville,7/8/2021 9:32:00 AM,2,0,0,36.197740,-86.775830,I 65,,,,0.00,,,,,,,86.70,N,Not at Intersection,N,Non-Junction,None,,,         ,David,Rehm,Cloudy,"Sideswipe, Same Direction",no,no,no,no,no,False
103028266,METROPOLITAN NASHVILLE POLICE DEPT,20210369244,Davidson,Goodlettsville,7/8/2021 1:50:00 PM,2,1,0,36.302750,-86.691850,RIVERGATE MARKETPLACE PVTDR,,,,0.00,,,GALLATIN PKEN,,,,0.00,Y,T-Intersection,N,Intersection,None,,,         ,Joshua,Murray,,Front to Rear,no,no,no,no,no,False
103028274,METROPOLITAN NASHVILLE POLICE DEPT,20210369257,Davidson,Nashville,7/8/2021 1:53:00 PM,2,0,0,36.150420,-86.856250,CHARLOTTE PKE,,,,0.00,,,,,,,0.00,,,N,Non-Junction,None,,,         ,Bradley,Pope,Cloudy,Angle,no,no,no,yes,yes,False
103028303,METROPOLITAN NASHVILLE POLICE DEPT,20210369231,Davidson,Nashville,7/8/2021 1:45:00 PM,3,0,0,36.155570,-86.789230,I 40,,,,0.00,,,,,,,209.10,N,Not at Intersection,N,Entrance/Exit Ramp Related,None,,,         ,Earl,Davis,Clear,"Sideswipe, Same Direction",no,no,no,no,no,False
103028334,METROPOLITAN NASHVILLE POLICE DEPT,20210369299,Davidson,Nashville,7/8/2021 2:26:00 PM,2,1,0,36.171870,-86.767880,JAMES ROBERTSON PKWY,,,,0.00,,,I24 W EXT RAMP,,,,0.00,Y,Y-Intersection,N,Non-Junction,None,,,         ,Michael,Douglas,Cloudy,Front to Rear,no,no,no,no,no,False
103028345,METROPOLITAN NASHVILLE POLICE DEPT,20210369366,Davidson,Nashville,7/8/2021 2:45:00 PM,2,0,0,36.154120,-86.757720,I 40,,,,0.00,,,,,,,211.10,N,Not at Intersection,Y,Entrance/Exit Ramp Related,None,,,         ,Cooper,HIll,Clear,Front to Rear,no,no,no,no,yes,False
103028371,METROPOLITAN NASHVILLE POLICE DEPT,20210369323,Davidson,Nashville,7/8/2021 2:45:00 PM,3,3,0,36.076650,-86.640820,MURFREESBORO PKE,,,,258.00,Feet,East,LAKEVILLA DR,,,,0.00,N,Not at Intersection,N,Non-Junction,None,,,         ,Dontaveous,Eubanks,Clear,Front to Rear,no,no,no,no,no,False
103028372,METROPOLITAN NASHVILLE POLICE DEPT,20210369314,Davidson,Nashville,7/8/2021 2:40:00 PM,2,1,0,36.148490,-86.780990,I 40,,,,0.00,,,,,,,209.75,N,Not at Intersection,N,Non-Junction,None,,,         ,Wyatt,Blacker,Clear,Front to Rear,no,no,no,no,no,False
103028381,METROPOLITAN NASHVILLE POLICE DEPT,20210369412,Davidson,Nashville,7/8/2021 3:20:00 PM,2,0,0,36.143150,-86.704790,I 40,,,,0.00,,,,,,,214.50,N,Not at Intersection,N,Non-Junction,None,,,         ,Reagan,Heath,Clear,Front to Rear,no,no,no,no,no,False
103028382,METROPOLITAN NASHVILLE POLICE DEPT,20210369360,Davidson,Nashville,7/8/2021 3:00:00 PM,2,0,0,36.153240,-86.764340,I 40,,,,0.00,,,,,,,210.70,N,Not at Intersection, ,Non-Junction,None,,,         ,Alex,Gibson,Clear,"Sideswipe, Same Direction",no,no,no,no,no,False
103028383,METROPOLITAN NASHVILLE POLICE DEPT,20210369373,Davidson,Nashville,7/8/2021 2:21:00 PM,2,0,0,36.175640,-86.771920,I 24,,,,0.00,,,,,,,48.00,N,Not at Intersection, ,Non-Junction,None,,,         ,Nicholas,Kiraly,Clear,Front to Rear,no,no,no,no,no,False
103028408,METROPOLITAN NASHVILLE POLICE DEPT,20210369461,Davidson,Nashville,7/8/2021 4:00:00 PM,2,0,0,36.201790,-86.734820,NORTHVIEW AV,,,,60.00,Feet,South,LITTON AV,,,,0.00,N,Not at Intersection,N,Non-Junction,None,,,         ,Jeremy,Smith,Clear,Rear to Rear,no,no,no,no,yes,False
103028418,METROPOLITAN NASHVILLE POLICE DEPT,20210369370,Davidson,Not in City Limit,7/8/2021 3:07:00 PM,2,1,0,36.078190,-87.035130,I 40,,,,0.00,,,,,,,191.70,N,Not at Intersection,N,Non-Junction,None,,,         ,Robert,Crow,Clear,Not Collision with Motor Vehicle in Transport,no,no,no,no,no,False
103028426,METROPOLITAN NASHVILLE POLICE DEPT,20210369355,Davidson,Nashville,7/8/2021 2:16:00 PM,2,0,0,36.041110,-86.627190,ISABELLE LN,,,,348.00,Feet,East,CEDAR ASH CRSG,,,,0.00,N,Not at Intersection, ,Non-Junction,None,,,         ,Beri,Scott,Clear,Front to Rear,no,no,no,no,no,False
103028458,METROPOLITAN NASHVILLE POLICE DEPT,20210369466,Davidson,Nashville,7/8/2021 4:23:00 PM,3,1,0,36.168670,-86.776210,JAMES ROBERTSON PKWY,,,,1144.00,Feet,West,N 1ST ST,,,,0.00,N,Not at Intersection,N,Non-Junction,None,,,         ,Russell,Freeman,Clear,Front to Rear,no,no,no,no,no,False
103028465,METROPOLITAN NASHVILLE POLICE DEPT,20210369400,Davidson,Nashville,7/8/2021 3:27:00 PM,2,0,0,36.058670,-86.678520,I 24,,,,0.00,,,,,,,58.00,N,Not at Intersection,N,Non-Junction,None,,,         ,Joseph,Hurst,Clear,Front to Rear,no,no,no,no,no,False
103028467,METROPOLITAN NASHVILLE POLICE DEPT,20210369572,Davidson,Nashville,7/8/2021 5:25:00 PM,2,1,0,36.046600,-86.673930,BLUE HOLE RD,,,,338.00,Feet,North,BELL RD,,,,0.00,N,Not at Intersection,N,Non-Junction,None,,,         ,Beri,Scott,Clear,Angle,no,no,no,no,no,False
103028471,METROPOLITAN NASHVILLE POLICE DEPT,20210369523,Davidson,Nashville,7/8/2021 4:45:00 PM,3,1,0,36.152110,-86.690650,ELM HILL PKE,,,,1.00,Feet,North,BRILEY PKWYN,,,,0.00,N,Not at Intersection,N,Non-Junction,None,,,         ,Reagan,Heath,Clear,Angle,no,no,no,no,no,False
103028496,METROPOLITAN NASHVILLE POLICE DEPT,20210369680,Davidson,Nashville,7/8/2021 6:24:00 PM,1,1,0,36.141870,-86.841680,46TH AVN,,,,153.00,Feet,South,COLORADO AV,,,,0.00,N,Not at Intersection,N,Non-Junction,None,,,         ,Ryan,Papp,Clear,Not Collision with Motor Vehicle in Transport,no,yes,no,no,no,False
103028509,METROPOLITAN NASHVILLE POLICE DEPT,20210369713,Davidson,Nashville,7/8/2021 6:37:00 PM,2,0,0,36.128100,-86.712920,MURFREESBORO PKE,,,,39.00,Feet,East,PHILFRE CT,,,,0.00,N,Not at Intersection, ,Non-Junction,None,,,         ,Taylor,Blackwelder,Clear,Front to Rear,no,no,no,no,no,False
103028510,METROPOLITAN NASHVILLE POLICE DEPT,20210369605,Davidson,Nashville,7/8/2021 5:45:00 PM,2,1,0,36.068760,-86.717550,HAYWOOD LN,,,,374.00,Feet,West,HOPEDALE DR,,,,0.00,N,Not at Intersection,N,Non-Junction,None,,,         ,Joseph,Hurst,Clear,Front to Rear,no,no,no,no,no,False
103028511,BERRY HILL POLICE DEPT,21-2040,Davidson,Berry Hill,7/8/2021 6:17:00 PM,2,0,0,36.122700,-86.776430,HORNER AV,,,,0.00,,,,,,,0.00,,, ,,None,,,         ,Roy,Morris,,,no,no,no,yes,no,False
103028512,METROPOLITAN NASHVILLE POLICE DEPT,20210369654,Davidson,Nashville,7/8/2021 5:57:00 PM,2,0,0,36.103280,-86.815990,WARFIELD DR,,,,41.00,Feet,East,HILLSBORO PKE,,,,0.00,N,Not at Intersection, ,Non-Junction,None,,,         ,Brady,Reynolds,Clear,Angle,no,no,no,no,no,False
103028522,METROPOLITAN NASHVILLE POLICE DEPT,20210369595,Davidson,Not in City Limit,7/8/2021 3:30:00 PM,2,1,0,36.267690,-86.708330,CUMBERLAND AV,,,,724.00,Feet,East,GALLATIN PKEN,,,,0.00,N,Not at Intersection,N,"Driveway, Alley Access, etc",None,,,         ,Thomas,Denenea,Cloudy,Angle,no,no,no,no,no,False
103028526,METROPOLITAN NASHVILLE POLICE DEPT,20210369715,Davidson,Antioch,7/8/2021 5:29:00 PM,2,0,0,36.068150,-86.596380,MT VIEW RIDGE DR,,,,0.00,Feet,,MT VIEW RD,,,,0.00,Y,T-Intersection,N,Intersection,None,,,         ,Beri,Scott,Clear,Angle,no,no,no,no,yes,False
103028530,BERRY HILL POLICE DEPT,21-2041,Davidson,Berry Hill,7/8/2021 7:11:00 PM,2,0,0,36.118860,-86.774590,FRANKLIN PKE,,,,0.00,,,BERRY RD,,,,0.00,Y,Four-Way,Y,Intersection,None,,,         ,Yamil,Jimenez,Cloudy,Front to Rear,no,no,no,no,no,False
103028550,METROPOLITAN NASHVILLE POLICE DEPT,20210369792,Davidson,Nashville,7/8/2021 6:50:00 PM,2,0,0,36.246710,-86.743870,I65 N ENT RAMP,,,,0.00,,,I 65,,,,0.00,Y,OTHER, ,Entrance/Exit Ramp Related,None,,,         ,Philip,Claibourne,Clear,"Sideswipe, Same Direction",no,no,no,no,no,False
103028581,METROPOLITAN NASHVILLE POLICE DEPT,20210369644,Davidson,Nashville,7/8/2021 4:40:00 PM,3,0,0,36.155710,-86.809970,CHARLOTTE AV,,,,68.00,Feet,West,23RD AVN,,,,0.00,N,Not at Intersection, ,Non-Junction,None,,,         ,Cory,Stratton,Clear,"Sideswipe, Same Direction",no,no,no,no,no,False
103028582,METROPOLITAN NASHVILLE POLICE DEPT,20210369779,Davidson,Nashville,7/8/2021 12:00:00 AM,1,0,0,36.042710,-86.782080,I 65,,,,0.00,,,,,,,74.90,N,Not at Intersection,N,Non-Junction,None,,,         ,Justin,mathias,Cloudy,Unknown,no,no,no,no,yes,False
103028599,METROPOLITAN NASHVILLE POLICE DEPT,20210369757,Davidson,Nashville,7/8/2021 7:05:00 PM,2,0,0,36.153300,-86.772180,4TH AVS,,,,0.00,Feet,East,ELM ST,,,,0.00,N,Not at Intersection,N,Non-Junction,None,,,         ,Nicolas,Pernell,Cloudy,"Sideswipe, Same Direction",no,no,no,no,no,False
103028601,METROPOLITAN NASHVILLE POLICE DEPT,20210369781,Davidson,Nashville,7/8/2021 3:10:00 PM,2,0,0,36.153670,-86.621440,BELL RD,,,,306.00,Feet,East,BELL RD PVTDR,,,,0.00,N,Not at Intersection,N,Non-Junction,None,,,         ,Jason,Kedzierski,Clear,Angle,no,no,no,yes,yes,False
103028623,METROPOLITAN NASHVILLE POLICE DEPT,20210369718,Davidson,Nashville,7/8/2021 6:30:00 PM,3,0,0,36.189110,-86.709680,SOLON DR,,,,137.00,Feet,West,ROSEBANK AV,,,,0.00,N,Not at Intersection,N,Non-Junction,None,,,         ,Ciara,Doherty,Clear,HeadOn,no,no,no,no,yes,False
103028632,METROPOLITAN NASHVILLE POLICE DEPT,20210369762,Davidson,Nashville,7/8/2021 7:20:00 PM,2,1,0,36.246680,-86.721170,BERKLEY DR,,,,0.00,Feet,,GALLATIN PKES,,,,0.00,Y,T-Intersection,N,Intersection-Related,None,,,         ,Vincent,McCrary,Clear,Front to Rear,no,no,no,no,no,False
103028651,METROPOLITAN NASHVILLE POLICE DEPT,20210369835,Davidson,Nashville,7/8/2021 8:20:00 PM,2,0,0,36.110790,-86.742960,THOMPSON LN,,,,0.00,,,FOSTER AV,,,,0.00,Y,T-Intersection,N,Intersection,None,,,         ,Beri,Scott,Clear,Angle,no,no,no,no,yes,False
103028660,METROPOLITAN NASHVILLE POLICE DEPT,20210369939,Davidson,Antioch,7/8/2021 9:24:00 PM,2,0,0,36.047840,-86.612050,MURFREESBORO PKE,,,,1284.00,Feet,North,MOUNTAIN SPRINGS RD,,,,0.00,N,Not at Intersection,N,Non-Junction,None,,,         ,John,McDonnell,Clear,Rear to Rear,no,no,no,yes,yes,False
103028661,METROPOLITAN NASHVILLE POLICE DEPT,20210369865,Davidson,Nashville,7/8/2021 8:31:00 PM,2,1,0,36.071440,-86.636340,BELL RD,,,,162.00,Feet,South,MURFREESBORO PKE,,,,0.00,N,Not at Intersection,N,Non-Junction,None,,,         ,Dontaveous,Eubanks,,Angle,no,no,no,no,no,False
103028673,METROPOLITAN NASHVILLE POLICE DEPT,20210369709,Davidson,Nashville,7/8/2021 5:30:00 PM,2,0,0,36.153080,-86.764810,I 40,,,,0.00,,,,,,,210.65,N,Not at Intersection, ,Non-Junction,None,,,         ,Michael,Fox,,Angle,no,no,no,no,no,False
103028674,METROPOLITAN NASHVILLE POLICE DEPT,20210369946,Davidson,Nashville,7/8/2021 9:57:00 PM,2,0,0,36.104520,-86.691690,MCGAVOCK PKE,,,,106.00,Feet,North,CURREY RD,,,,0.00,N,Not at Intersection,N,Non-Junction,None,,,         ,Garrett,Latham,Clear,"Sideswipe, Opposite Direction",no,no,no,no,yes,False
103028689,METROPOLITAN NASHVILLE POLICE DEPT,20210369858,Davidson,Nashville,7/8/2021 8:39:00 PM,2,1,0,36.161300,-86.784520,9TH AVN,,,,0.00,,,CHURCH ST,,,,0.00,Y,Four-Way,N,Non-Junction,None,,,         ,Seth,Quiles,Clear,Front to Rear,no,no,no,no,no,False
103028695,METROPOLITAN NASHVILLE POLICE DEPT,20210369652,Davidson,Nashville,7/8/2021 5:20:00 PM,2,0,0,36.152630,-86.784920,12TH AVS,,,,23.00,Feet,North,PINE ST,,,,0.00,N,Not at Intersection, ,Non-Junction,None,,,         ,Joel,Cottrill,Clear,Angle,no,no,no,no,yes,False
103028703,METROPOLITAN NASHVILLE POLICE DEPT,20210369953,Davidson,Nashville,7/8/2021 10:02:00 PM,2,2,0,36.173970,-86.602930,CENTRAL PKE,,,,270.00,Feet,West,OLD HICKORY BLVD,,,,0.00,N,Not at Intersection,N,Non-Junction,None,,,         ,Destiny,Zunic,,Angle,no,no,no,no,no,False
103028707,METROPOLITAN NASHVILLE POLICE DEPT,20210369914,Davidson,Nashville,7/8/2021 9:23:00 PM,3,2,0,36.114930,-86.719550,EAST THOMPSON LN,,,,28.00,Feet,North,DRUMMOND DR,,,,0.00,N,Not at Intersection,N,Non-Junction,None,,,         ,Beri,Scott,Clear,Angle,no,no,no,no,no,False
103028711,THP District 3 - Nashville,321046197,Davidson,Nashville,7/8/2021 4:53:00 PM,2,0,0,36.034360,-86.783130,I 65,,,,0.00,,,,,,,74.25,N,Not at Intersection,N,Non-Junction,None,,,         ,Walter,Roth,Cloudy,Front to Rear,no,no,no,no,no,False
103028715,METROPOLITAN NASHVILLE POLICE DEPT,20210369985,Davidson,Nashville,7/8/2021 10:45:00 PM,3,1,0,36.049900,-86.692550,OCALA DR,,,,142.00,Feet,East,VALLEY WAY,,,,0.00,N,Not at Intersection,N,Non-Junction,None,,,         ,Garrett,Latham,Clear,Angle,no,no,no,no,no,False
103028718,METROPOLITAN NASHVILLE POLICE DEPT,20210369984,Davidson,Nashville,7/8/2021 10:00:00 PM,2,0,0,36.184610,-86.757580,CLEVELAND ST,,,,159.00,Feet,West,MYRTLE ST,,,,0.00,N,Not at Intersection,N,Non-Junction,None,,,         ,Jarrett,Ipox,,"Sideswipe, Same Direction",no,no,no,no,yes,False
103028720,METROPOLITAN NASHVILLE POLICE DEPT,20210370055,Davidson,Nashville,7/8/2021 11:25:00 PM,1,0,0,36.025330,-86.664090,PRESTON RD,,,,202.00,Feet,East,PETTUS RD,,,,0.00,N,Not at Intersection,N,Non-Junction,None,,,         ,D’Mitri,Mackall,Clear,Not Collision with Motor Vehicle in Transport,no,no,no,no,yes,False
103028728,METROPOLITAN NASHVILLE POLICE DEPT,20210369982,Davidson,Nashville,7/8/2021 10:42:00 PM,3,2,0,36.059070,-86.716220,TUSCULUM RD,,,,0.00,Feet,West,NOLENSVILLE PKE,,,,0.00,N,Not at Intersection,Y,Non-Junction,None,,,         ,Garrett,Reingardt,Clear,Angle,no,no,no,no,no,False
103028739,METROPOLITAN NASHVILLE POLICE DEPT,20210370134,Davidson,Goodlettsville,7/9/2021 12:25:00 AM,2,0,0,36.302310,-86.692480,GALLATIN PKEN,,,,93.00,Feet,East,TWIN HILLS DR,,,,0.00,N,Not at Intersection,N,Non-Junction,None,,,         ,Nicholas,Berry,Clear,HeadOn,no,no,no,no,yes,False