master_record_number,agency,agency_tracking_number,county,city,collision_date,vehicles_involved,number_injured,number_dead,latitude,longitude,roadway_name,roadway_suffix,roadway_number,roadway_local_id,distance_from_reference,miles-feet_indicator,direction_from_reference,intersection_road_name,intersection_road_name_suffix,intersection_road_number,intersection_local_id,mile_marker,intersection_indicator,intersect_type,interchange_related_indicator,relation_to_junction,work_zone_type,construction_maintenance_zone,construction_maintenance_zone_location,fatal_case_number,officer_first_name,officer_last_name,weather_condition(s),manner_of_crash,pedestrian,bicycle,scooter,parking,hitrun,mou
103030811,METROPOLITAN NASHVILLE POLICE DEPT,20210373293,Davidson,Nashville,7/11/2021 2:00:00 AM,2,0,0,36.137240,-86.727640,I24 E EXT RAMP,,,,0.00,,,MURFREESBORO PKE,,,,0.00,Y,OTHER,N,Non-Junction,None,,,         ,Eric,Burford,Cloudy,Front to Rear,no,no,no,no,yes,False
103030815,METROPOLITAN NASHVILLE POLICE DEPT,20210373513,Davidson,Nashville,7/11/2021 7:40:00 AM,2,0,0,36.149560,-86.747750,I 40,,,,0.00,,,,,,,211.75,N,Not at Intersection, ,Non-Junction,None,,,         ,Ryan,Sherry,Rain,"Sideswipe, Same Direction",no,no,no,no,no,False
103030816,METROPOLITAN NASHVILLE POLICE DEPT,20210373398,Davidson,Nashville,7/11/2021 6:40:00 AM,2,0,0,36.118530,-86.726300,I 24,,,,0.00,,,,,,,53.00,N,Not at Intersection,N,Non-Junction,None,,,         ,Rachael,Robinson,Rain,"Sideswipe, Same Direction",no,no,no,no,no,False
103030827,METROPOLITAN NASHVILLE POLICE DEPT,20210373497,Davidson,Nashville,7/11/2021 8:30:00 AM,2,0,0,36.227140,-86.773630,I 65,,,,0.00,,,,,,,88.70,N,Not at Intersection, ,Non-Junction,None,,,         ,Joshua,Goepper,"Cloudy, Rain","Sideswipe, Same Direction",no,no,no,no,no,False
103030839,METROPOLITAN NASHVILLE POLICE DEPT,2021-0372551,Davidson,Nashville,7/10/2021 12:53:00 PM,2,0,0,36.221060,-86.593890,CRESCENT VALLEY LN,,,,37.00,Feet,East,REMINGTON PARK RD,,,,0.00,N,Not at Intersection, ,Non-Junction,None,,,         ,Calvin,Graham,Clear,"Sideswipe, Same Direction",no,no,no,no,no,False
103030846,METROPOLITAN NASHVILLE POLICE DEPT,20210373496,Davidson,Antioch,7/11/2021 8:46:00 AM,3,1,0,36.045250,-86.609100,MURFREESBORO PKE,,,,0.00,,,MOUNTAIN SPRINGS RD,,,,0.00,Y,Four-Way,N,Intersection-Related,None,,,         ,Lee,Davis,Rain,Front to Rear,no,no,no,no,no,False
103030855,METROPOLITAN NASHVILLE POLICE DEPT,20210373542,Davidson,Nashville,7/11/2021 2:57:00 AM,2,0,0,36.137530,-86.763490,MALLORY ST,,,,224.00,Feet,East,RAINS AV,,,,0.00,N,Not at Intersection,N,Non-Junction,None,,,         ,Nicholas,Smith,Cloudy,Rear to Side,no,no,no,no,yes,False
103030860,METROPOLITAN NASHVILLE POLICE DEPT,20210373574,Davidson,Nashville,7/11/2021 2:18:00 AM,1,0,0,36.221430,-86.762730,PINE RIDGE DR,,,,270.00,Feet,West,DICKERSON PKE,,,,0.00,N,Not at Intersection,N,Non-Junction,None,,,         ,Jarret,Sonnenberg,Clear,Not Collision with Motor Vehicle in Transport,no,no,no,yes,yes,False
103030891,METROPOLITAN NASHVILLE POLICE DEPT,20210373596,Davidson,Nashville,7/11/2021 9:15:00 AM,2,0,0,36.071870,-86.636180,BELL RD,,,,0.00,Feet,,MURFREESBORO PKE,,,,0.00,Y,Four-Way, ,Intersection,None,,,         ,MIchael,Mihajlov,Cloudy,Angle,no,no,no,no,yes,False
103030898,METROPOLITAN NASHVILLE POLICE DEPT,20210373560,Davidson,Nashville,7/11/2021 10:16:00 AM,1,2,0,36.066140,-86.686910,APACHE TRL,,,,347.00,Feet,East,VILLAS OF BAVARIA PVTDR,,,,0.00,N,Not at Intersection,N,Non-Junction,None,,,         ,Martin,Brown,Rain,Not Collision with Motor Vehicle in Transport,no,no,no,no,no,False
103030912,METROPOLITAN NASHVILLE POLICE DEPT,20210373623,Davidson,Not in City Limit,7/11/2021 11:34:00 AM,2,1,0,36.315890,-86.865430,UNION HILL RD,,,,130.00,Feet,East,WHITES CREEK PKE,,,,0.00,N,Not at Intersection,N,Non-Junction,None,,,         ,William,Coy,"Cloudy, Rain",Angle,no,no,no,no,no,False
103030914,METROPOLITAN NASHVILLE POLICE DEPT,20210373583,Davidson,Nashville,7/11/2021 10:40:00 AM,2,0,0,36.207530,-86.776350,I 65,,,,0.00,,,,,,,87.35,N,Not at Intersection,N,Non-Junction,None,,,         ,Matthew,Herod,Cloudy,Angle,no,no,no,no,yes,False
103030916,METROPOLITAN NASHVILLE POLICE DEPT,20210373610,Davidson,Nashville,7/11/2021 12:00:00 AM,2,0,0,36.155960,-86.773920,4TH AVS,,,,0.00,,,PEABODY ST,,,,0.00,Y,Four-Way, ,Intersection,None,,,         ,James,Thornton,Rain,Angle,no,no,no,no,no,False
103030928,METROPOLITAN NASHVILLE POLICE DEPT,20210373654,Davidson,Nashville,7/11/2021 11:30:00 AM,2,0,0,36.243890,-86.756580,SKYLINE MEMORIAL CT,,,,0.00,,,DICKERSON PKE,,,,0.00,Y,Four-Way,Y,Intersection,None,,,         ,Joshua,Goepper,"Cloudy, Rain",Angle,no,no,no,no,yes,False
103030949,METROPOLITAN NASHVILLE POLICE DEPT,20210373421,Davidson,Nashville,7/11/2021 7:13:00 AM,2,1,0,36.249890,-86.741370,I 65,,,,0.00,,,,,,,91.20,N,Not at Intersection,N,Non-Junction,None,,,         ,Michael,McCord,Rain,Angle,no,no,no,no,no,False
103030956,METROPOLITAN NASHVILLE POLICE DEPT,20210373647,Davidson,Nashville,7/11/2021 9:19:00 AM,2,0,0,36.070290,-86.684540,ANTIOCH PKE,,,,0.00,,,HAYWOOD LN,,,,0.00,Y,T-Intersection,N,Intersection,None,,,         ,Tyler,Heckaman,Cloudy,"Sideswipe, Opposite Direction",no,no,no,no,yes,False
103030963,METROPOLITAN NASHVILLE POLICE DEPT,20210373672,Davidson,Nashville,7/11/2021 12:50:00 PM,2,1,0,36.150480,-86.770350,4TH AVS,,,,0.00,Feet,,I40 E EXT RAMP,,,,0.00,Y,T-Intersection,N,Entrance/Exit Ramp Related,None,,,         ,Cecelia,Brown,Rain,Angle,no,no,no,no,no,False
103030965,THP District 3 - Nashville,321044897,Davidson,Nashville,7/4/2021 12:56:00 PM,2,0,0,36.155890,-86.628780,I 40,,,,0.00,,,,,,,219.00,N,Not at Intersection,N,Non-Junction,None,,,         ,Drew,Heath,Clear,Angle,no,no,no,no,yes,False
103030999,METROPOLITAN NASHVILLE POLICE DEPT,20210373708,Davidson,Nashville,7/11/2021 1:30:00 PM,2,1,0,36.075470,-86.725050,NOLENSVILLE PKE,,,,156.00,Feet,North,FLORA MAXWELL RD,,,,0.00,N,Not at Intersection,N,Non-Junction,None,,,         ,Martin,Brown,Cloudy,Front to Rear,no,no,no,no,no,False
103031000,METROPOLITAN NASHVILLE POLICE DEPT,20210373655,Davidson,Nashville,7/11/2021 12:16:00 PM,2,1,0,36.170400,-86.768450,INTERSTATE DR,,,,0.00,Feet,East,WOODLAND ST,,,,0.00,N,Not at Intersection,N,OtherLocation,None,,,         ,Harold,Wells,Rain,Angle,no,no,no,no,no,False
103031010,METROPOLITAN NASHVILLE POLICE DEPT,20210373700,Davidson,Not in City Limit,7/11/2021 1:14:00 PM,2,0,0,36.312510,-86.830200,I 24,,,,0.00,,,,,,,37.40,N,Not at Intersection, ,Non-Junction,None,,,         ,William,Coy,Rain,Front to Rear,no,no,no,no,no,False
103031011,METROPOLITAN NASHVILLE POLICE DEPT,20210373699,Davidson,Nashville,7/11/2021 1:16:00 PM,1,0,0,36.084700,-86.733820,LYNN DR,,,,28.00,Feet,South,ELYSIAN FIELDS RD,,,,0.00,N,Not at Intersection,N,Non-Junction,None,,,         ,Tony,Folad,Rain,Not Collision with Motor Vehicle in Transport,no,no,no,no,no,False
103031021,METROPOLITAN NASHVILLE POLICE DEPT,20210373736,Davidson,Nashville,7/11/2021 2:22:00 PM,1,0,0,36.236110,-86.763140,I 65,,,,0.00,,,,,,,89.60,N,Not at Intersection,N,Non-Junction,None,,,         ,Tyler,Adcock,"Cloudy, Rain",Not Collision with Motor Vehicle in Transport,no,no,no,no,no,False
103031033,METROPOLITAN NASHVILLE POLICE DEPT,20210373702,Davidson,Nashville,7/11/2021 1:01:00 PM,3,0,0,36.150310,-86.797250,LYLE AV,,,,0.00,,,BROADWAY,,,,0.00,Y,Four-Way,N,Intersection,None,,,         ,Nicholas,Smith,Rain,Angle,no,no,no,no,no,False
103031038,METROPOLITAN NASHVILLE POLICE DEPT,20210373721,Davidson,Not in City Limit,7/11/2021 1:13:00 PM,2,0,0,36.312390,-86.830070,I 24,,,,0.00,,,,,,,37.40,N,Not at Intersection, ,Non-Junction,None,,,         ,William,Coy,Rain,Front to Rear,no,no,no,no,no,False
103031041,METROPOLITAN NASHVILLE POLICE DEPT,20210373720,Davidson,Nashville,7/11/2021 1:56:00 PM,1,1,0,36.233070,-86.768570,I 65,,,,0.00,,,,,,,89.20,N,Not at Intersection,N,Non-Junction,None,,,         ,Michael,McCord,Rain,Not Collision with Motor Vehicle in Transport,no,no,no,no,no,False
103031056,METROPOLITAN NASHVILLE POLICE DEPT,20210373732,Davidson,Nashville,7/11/2021 1:50:00 PM,1,2,0,36.143510,-86.822200,WEST END AV EXT RAMP,,,,0.00,,,,,,,0.00,,Not at Intersection,N,Non-Junction,None,,,         ,Eric,Burford,Rain,Not Collision with Motor Vehicle in Transport,no,no,no,no,no,False
103031085,METROPOLITAN NASHVILLE POLICE DEPT,20210373778,Davidson,Nashville,7/11/2021 12:00:00 AM,1,0,0,36.248190,-86.742630,I 65,,,,0.00,,,,,,,91.00,N,Not at Intersection,N,Non-Junction,None,,,         ,Thomas,Denenea,Rain,Not Collision with Motor Vehicle in Transport,no,no,no,no,no,False
103031104,METROPOLITAN NASHVILLE POLICE DEPT,20210373788,Davidson,Nashville,7/11/2021 2:52:00 PM,2,0,0,36.182000,-86.774770,I 24,,,,0.00,,,,,,,47.45,N,Not at Intersection, ,Non-Junction,None,,,         ,Adam,Warren,Cloudy,"Sideswipe, Same Direction",no,no,no,no,no,False
103031105,METROPOLITAN NASHVILLE POLICE DEPT,20210373737,Davidson,Nashville,7/11/2021 2:20:00 PM,2,1,0,36.140570,-86.723710,I 40,,,,0.00,,,,,,,213.55,N,Not at Intersection,N,Non-Junction,None,,,         ,Rex,Engelbert,"Cloudy, Rain",Angle,no,no,no,no,no,False
103031113,METROPOLITAN NASHVILLE POLICE DEPT,20210372367,Davidson,Nashville,7/10/2021 1:11:00 PM,3,0,0,36.187990,-86.821560,ED TEMPLE BLVD,,,,0.00,Feet,,ROSA L PARKS BLVD,,,,0.00,Y,Four-Way,Y,Intersection-Related,None,,,         ,Pamela,Caulder,Clear,Angle,no,no,no,no,no,False
103031119,METROPOLITAN NASHVILLE POLICE DEPT,20210373743,Davidson,Nashville,7/11/2021 2:32:00 PM,3,2,0,36.070940,-86.635150,MURFREESBORO PKE,,,,456.00,Feet,South,BELL RD,,,,0.00,N,Not at Intersection,N,Non-Junction,None,,,         ,Nadine,Klemenz,Cloudy,Angle,no,no,no,no,no,False
103031132,METROPOLITAN NASHVILLE POLICE DEPT,20210373764,Davidson,Nashville,7/11/2021 2:15:00 PM,2,0,0,36.028300,-86.672710,PETTUS RD,,,,0.00,,East,BLUE HOLE RD,,,,0.00,N,Not at Intersection, ,Non-Junction,None,,,         ,Taylor,Blackwelder,Rain,Angle,no,no,no,no,yes,False
103031138,METROPOLITAN NASHVILLE POLICE DEPT,20210373761,Davidson,Not in City Limit,7/11/2021 12:00:00 AM,1,0,0,36.260570,-86.738260,I 65,,,,0.00,,,,,,,92.00,N,Not at Intersection,N,Non-Junction,None,,,         ,Thomas,Denenea,Rain,Not Collision with Motor Vehicle in Transport,no,no,no,no,no,False
103031165,METROPOLITAN NASHVILLE POLICE DEPT,20210373748,Davidson,Nashville,7/11/2021 2:41:00 PM,1,0,0,36.196570,-86.687700,BRILEY PKWYN,,,,246.00,Feet,South,BRILEY PKWY N EXT RAMP,,,,0.00,N,Not at Intersection, ,Non-Junction,None,,,         ,Christopher,Beery,"Cloudy, Rain",Not Collision with Motor Vehicle in Transport,no,no,no,no,no,False
103031186,METROPOLITAN NASHVILLE POLICE DEPT,20210373898,Davidson,Nashville,7/11/2021 5:00:00 PM,2,2,0,36.144730,-86.739620,I 40,,,,0.00,,,,,,,212.30,N,Not at Intersection,N,Non-Junction,None,,,         ,Christopher,Beery,Cloudy,Angle,no,no,no,no,no,False
103031195,METROPOLITAN NASHVILLE POLICE DEPT,20210373902,Davidson,Nashville,7/11/2021 4:50:00 PM,2,0,0,36.221300,-86.693690,BRILEY PKWYS,,,,301.00,Feet,North,MUSIC VALLEY DR,,,,0.00,N,Not at Intersection,N,Non-Junction,None,,,         ,Brandon,Chapman,Cloudy,"Sideswipe, Same Direction",no,no,no,no,yes,False
103031202,METROPOLITAN NASHVILLE POLICE DEPT,20210373957,Davidson,Nashville,7/11/2021 5:11:00 PM,2,0,0,36.095800,-86.638370,LONGHUNTER CT,,,,831.00,Feet,East,SMITH SPRINGS RD,,,,0.00,N,Not at Intersection,N,Non-Junction,None,,,         ,Robert,Marquez,Rain,"Sideswipe, Opposite Direction",no,no,no,no,yes,False
103031217,METROPOLITAN NASHVILLE POLICE DEPT,20210374007,Davidson,Nashville,7/11/2021 1:40:00 PM,1,0,0,36.159840,-86.779910,BROADWAY,,,,0.00,,,6TH AVS,,,,0.00,Y,T-Intersection,N,"Driveway, Alley Access, etc",None,,,         ,James,Hill,Rain,Not Collision with Motor Vehicle in Transport,no,no,no,no,yes,False
103031223,VANDERBILT UNIVERSITY POLICE,210373924,Davidson,Nashville,7/11/2021 4:35:00 PM,2,0,0,36.111360,-86.760520,THOMPSON LN,,,,0.00,,,,,,,0.00,,,N,Non-Junction,None,,,         ,Austin,Worrell,Clear,Front to Rear,no,no,no,yes,no,False
103031255,METROPOLITAN NASHVILLE POLICE DEPT,20210373828,Davidson,Nashville,7/11/2021 12:00:00 AM,2,0,0,36.105420,-86.725400,LAKE PARK DR,,,,388.00,Feet,East,MAVERT DR,,,,0.00,N,Not at Intersection, ,Non-Junction,None,,,         ,Taylor,Blackwelder,Clear,Unknown,no,no,no,yes,yes,False
103031279,METROPOLITAN NASHVILLE POLICE DEPT,20210373889,Davidson,Not in City Limit,7/11/2021 12:00:00 AM,2,0,0,36.264160,-86.727170,OLD HICKORY BLVDW,,,,0.00,Feet,,E MARTHONA RD,,,,0.00,Y,T-Intersection, ,Intersection,None,,,         ,Thomas,Denenea,Rain,"Sideswipe, Opposite Direction",no,no,no,no,no,False
103031307,METROPOLITAN NASHVILLE POLICE DEPT,2021037389,Davidson,Not in City Limit,7/11/2021 5:00:00 PM,2,0,0,36.086430,-86.937130,SAWYER BROWN RD,,,,81.00,Feet,South,HICKS RD,,,,0.00,N,Not at Intersection,N,Non-Junction,None,,,         ,Ryan,Papp,Clear,Front to Rear,no,no,no,no,no,False
103031338,METROPOLITAN NASHVILLE POLICE DEPT,20210373981,Davidson,Not in City Limit,7/11/2021 6:11:00 PM,1,1,0,36.130830,-86.927490,RIVER ROAD PKE,,,,151.00,Feet,South,GOWER RD,,,,0.00,N,Not at Intersection,N,Non-Junction,None,,,         ,Jeremy,Huffine,Clear,Not Collision with Motor Vehicle in Transport,no,no,no,no,no,False
103031341,METROPOLITAN NASHVILLE POLICE DEPT,20210374013,Davidson,Nashville,7/11/2021 5:58:00 PM,2,0,0,36.062660,-86.630800,HAMILTON CHURCH RD,,,,0.00,Feet,South,HAMILTON CROSSINGS,,,,0.00,N,Not at Intersection,N,Non-Junction,None,,,         ,Matthew,Swindell,Clear,Angle,no,no,no,no,no,False
103031342,METROPOLITAN NASHVILLE POLICE DEPT,20210374060,Davidson,Nashville,7/11/2021 7:38:00 PM,2,3,0,36.180060,-86.810780,BUCHANAN ST,,,,76.00,Feet,East,DR D B TODD JR BLVD,,,,0.00,N,Not at Intersection,N,Non-Junction,None,,,         ,Scarlett,Collins,Cloudy,Angle,no,no,no,no,no,False
103031344,METROPOLITAN NASHVILLE POLICE DEPT,20210374055,Davidson,Nashville,7/11/2021 7:32:00 PM,2,0,0,36.091340,-86.704380,I 24,,,,0.00,,,,,,,55.30,N,Not at Intersection,N,Non-Junction,None,,,         ,Joseph,Hurst,Clear,Angle,no,no,no,no,no,False
103031369,METROPOLITAN NASHVILLE POLICE DEPT,20210374141,Davidson,Goodlettsville,7/11/2021 8:40:00 PM,2,0,0,36.299880,-86.696450,GALLATIN PKEN,,,,56.00,Feet,East,CUDE LN,,,,0.00,N,Not at Intersection, ,Non-Junction,None,,,         ,Bradley,Campbell,Clear,Front to Rear,no,no,no,no,yes,False
103031373,METROPOLITAN NASHVILLE POLICE DEPT,20210374107,Davidson,Nashville,7/11/2021 12:00:00 AM,1,1,0,36.225210,-86.625580,OLD HICKORY BLVD,,,,0.00,Feet,East,CENTER ST,,,,0.00,N,Not at Intersection,N,Non-Junction,None,,,         ,Lisa,Beck,Clear,Unknown,no,no,no,no,no,False
103031379,METROPOLITAN NASHVILLE POLICE DEPT,20210374168,Davidson,Nashville,7/11/2021 10:30:00 PM,2,0,0,36.186480,-86.798330,-- UNKNOWN RAMP/ROAD --,,,,0.00,,,I 65,,,,0.00,Y,Y-Intersection, ,Non-Junction,None,,,         ,Hendrik,Kruger,Clear,Front to Rear,no,no,no,no,no,False
103031452,METROPOLITAN NASHVILLE POLICE DEPT,20210374214,Davidson,Nashville,7/11/2021 12:00:00 AM,2,0,0,36.219340,-86.791970,OLD MATTHEWS RD,,,,492.00,Feet,East,MACLAURIN CT,,,,0.00,N,Not at Intersection,N,Non-Junction,None,,,         ,Joseph,Gawlowski,Clear,Other,no,no,no,no,yes,False
103031463,METROPOLITAN NASHVILLE POLICE DEPT,20210374322,Davidson,Madison,7/11/2021 10:10:00 PM,1,0,0,36.237860,-86.671180,NEELYS BEND RD,,,,203.00,Feet,South,JOE PYRON DR,,,,0.00,N,Not at Intersection, ,Non-Junction,None,,,         ,Reuben,Hewit,Clear,Not Collision with Motor Vehicle in Transport,no,no,no,no,no,False
103031474,METROPOLITAN NASHVILLE POLICE DEPT,20210374291,Davidson,Nashville,7/11/2021 10:00:00 PM,1,0,0,36.237550,-86.671100,NEELYS BEND RD,,,,214.00,Feet,North,CHOCTAW TRL,,,,0.00,N,Not at Intersection,N,Non-Junction,None,,,         ,John,Hoesli,Cloudy,Not Collision with Motor Vehicle in Transport,no,no,no,no,yes,False
103031486,METROPOLITAN NASHVILLE POLICE DEPT,20210374294,Davidson,Nashville,7/12/2021 12:00:00 AM,2,1,0,36.044780,-86.661700,BELL RD,,,,51.00,Feet,West,CANE RIDGE RD,,,,0.00,N,Not at Intersection,N,Non-Junction,None,,,         ,McKenzie,Harper,Clear,Front to Rear,no,no,no,no,no,False
103031487,METROPOLITAN NASHVILLE POLICE DEPT,20210374432,Davidson,Nashville,7/12/2021 12:00:00 AM,1,0,0,36.145580,-86.777520,I 65,,,,0.00,,,,,,,82.25,N,Not at Intersection,N,Non-Junction,None,,,         ,Ricardo,Cruz,Clear,Unknown,no,no,no,no,yes,False
103031496,METROPOLITAN NASHVILLE POLICE DEPT,20210374422,Davidson,Nashville,7/12/2021 2:22:00 AM,1,0,0,36.138650,-86.776540,RIDLEY BLVD,,,,156.00,Feet,South,HAMILTON AV,,,,0.00,N,Not at Intersection,N,Non-Junction,None,,,         ,Taylor,Hurley,Cloudy,Not Collision with Motor Vehicle in Transport,no,no,no,no,yes,False
103031498,METROPOLITAN NASHVILLE POLICE DEPT,20210374465,Davidson,Nashville,7/12/2021 3:32:00 AM,1,0,0,36.104220,-86.668380,MURFREESBORO PKE,,,,0.00,Feet,West,OLD MURFREESBORO PKE,,,,0.00,N,Not at Intersection,N,Non-Junction,None,,,         ,Tavin,Emlund,Clear,Not Collision with Motor Vehicle in Transport,no,no,no,no,yes,False
103031505,METROPOLITAN NASHVILLE POLICE DEPT,20210374485,Davidson,Nashville,7/12/2021 3:09:00 AM,1,0,0,36.156520,-86.774290,4TH AVS,,,,186.00,Feet,North,PEABODY ST,,,,0.00,N,Not at Intersection, ,Non-Junction,None,,,         ,Cory,Fetner,Clear,Not Collision with Motor Vehicle in Transport,no,no,no,no,yes,False
103031528,METROPOLITAN NASHVILLE POLICE DEPT,20210374405,Davidson,Nashville,7/12/2021 1:13:00 AM,1,0,0,36.150210,-86.636430,PERCY PRIEST DR,,,,343.00,Feet,West,LADY CT,,,,0.00,N,Not at Intersection,N,Non-Junction,None,,,         ,Samuel,Fredericks,,Not Collision with Motor Vehicle in Transport,no,no,no,yes,no,False
103031529,METROPOLITAN NASHVILLE POLICE DEPT,20210374535,Davidson,Antioch,7/12/2021 4:26:00 AM,1,0,0,36.050620,-86.606180,GROVEDALE TRC,,,,201.00,Feet,North,PIN HOOK RD,,,,0.00,N,Not at Intersection,N,Non-Junction,None,,,         ,Douglas,Meringer,Clear,Not Collision with Motor Vehicle in Transport,no,no,no,no,yes,False
103031542,METROPOLITAN NASHVILLE POLICE DEPT,20210374512,Davidson,Nashville,7/12/2021 4:30:00 AM,1,0,0,36.247790,-86.718200,DUE WEST AVE,,,,0.00,,,,,,,0.00,,,N,Non-Junction,None,,,         ,Patrick,McGinnis,Clear,Not Collision with Motor Vehicle in Transport,no,no,no,no,no,False
103031551,METROPOLITAN NASHVILLE POLICE DEPT,20210374568,Davidson,Nashville,7/12/2021 12:00:00 AM,2,2,0,36.045610,-86.658490,I24 W ENT RAMP,,,,0.00,,,I 24,,,,0.00,Y,Four-Way,Y,Intersection,None,,,         ,McKenzie,Harper,Rain,HeadOn,no,no,no,no,no,False
103031558,METROPOLITAN NASHVILLE POLICE DEPT,20210373733,Davidson,Nashville,7/11/2021 2:14:00 PM,1,0,0,36.154140,-86.834150,I 40,,,,0.00,,,,,,,205.20,N,Not at Intersection,N,Non-Junction,None,,,         ,Peyton,Wheatley,Cloudy,Not Collision with Motor Vehicle in Transport,no,no,no,no,no,False
103031559,METROPOLITAN NASHVILLE POLICE DEPT,20210374606,Davidson,Nashville,7/12/2021 7:01:00 AM,2,0,0,36.086940,-86.691840,ANTIOCH PKE,,,,208.00,Feet,South,HARDING PL,,,,0.00,N,Not at Intersection,N,Non-Junction,None,,,         ,Joe,Hooper,Cloudy,Angle,no,no,no,no,yes,False
103031563,METROPOLITAN NASHVILLE POLICE DEPT,20210374584,Davidson,Not in City Limit,7/12/2021 12:00:00 AM,2,1,0,36.265530,-86.791420,I 24,,,,0.00,,,,,,,41.45,N,Not at Intersection,N,Non-Junction,None,,,         ,Joseph,Gawlowski,Cloudy,Front to Rear,no,no,no,no,no,False
103031564,METROPOLITAN NASHVILLE POLICE DEPT,20210374585,Davidson,Nashville,7/12/2021 6:32:00 AM,1,1,0,36.154290,-86.839300,I40 W EXT RAMP,,,,0.00,,,I 40,,,,0.00,Y,Y-Intersection,N,Entrance/Exit Ramp Related,None,,,         ,Justin,McCormick,Clear,Not Collision with Motor Vehicle in Transport,no,no,no,no,no,False
103031576,METROPOLITAN NASHVILLE POLICE DEPT,20210374683,Davidson,Nashville,7/12/2021 7:37:00 AM,2,0,0,36.142470,-86.709570,I 40,,,,0.00,,,,,,,214.20,N,Not at Intersection,N,Non-Junction,None,,,         ,Michael,Dance,Cloudy,"Sideswipe, Same Direction",no,no,no,no,yes,False
103031578,METROPOLITAN NASHVILLE POLICE DEPT,20210374662,Davidson,Not in City Limit,7/12/2021 7:45:00 AM,2,0,0,36.267040,-86.690120,MYATT DR,,,,184.00,Feet,North,N DUPONT AV,,,,0.00,N,Not at Intersection,N,Non-Junction,None,,,         ,Christopher,Littles,Cloudy,Front to Rear,no,no,no,no,no,False
103031579,METROPOLITAN NASHVILLE POLICE DEPT,20210374649,Davidson,Nashville,7/12/2021 7:39:00 AM,2,0,0,36.067550,-86.639070,RICE RD,,,,329.00,Feet,North,RICE HILL CT,,,,0.00,N,Not at Intersection, ,Non-Junction,None,,,         ,Joe,Hooper,Cloudy,"Sideswipe, Same Direction",no,no,no,no,no,False
103031581,METROPOLITAN NASHVILLE POLICE DEPT,20210374647,Davidson,Nashville,7/12/2021 7:38:00 AM,2,0,0,36.161170,-86.792670,GEORGE L DAVIS BLVD,,,,9.00,Feet,South,CHARLOTTE AV,,,,0.00,N,Not at Intersection,N,Non-Junction,None,,,         ,Jordan,Vrbas,Clear,Angle,no,no,no,no,yes,False
103031594,METROPOLITAN NASHVILLE POLICE DEPT,20210374737,Davidson,Nashville,7/12/2021 8:44:00 AM,2,1,0,36.096490,-86.708290,I 24,,,,0.00,,,,,,,54.85,N,Not at Intersection,N,Non-Junction,None,,,         ,Joe,Hooper,Cloudy,Front to Rear,no,no,no,no,no,False
103031596,METROPOLITAN NASHVILLE POLICE DEPT,20210374637,Davidson,Not in City Limit,7/12/2021 6:43:00 AM,1,0,0,36.074670,-86.977800,I 40,,,,0.00,,,,,,,195.00,N,Not at Intersection,N,Non-Junction,None,,,         ,Michael,Pyle,Cloudy,Not Collision with Motor Vehicle in Transport,no,no,no,no,no,False
103031613,METROPOLITAN NASHVILLE POLICE DEPT,20210374850,Davidson,Nashville,7/12/2021 9:37:00 AM,2,0,0,36.086760,-86.694650,HARDING PL,,,,386.00,Feet,East,METROPLEX DR,,,,0.00,N,Not at Intersection, ,Non-Junction,None,,,         ,Joe,Hooper,Cloudy,Angle,no,no,no,no,no,False
103031635,METROPOLITAN NASHVILLE POLICE DEPT,20210374811,Davidson,Nashville,7/12/2021 9:37:00 AM,2,0,0,36.109590,-86.721500,I 24,,,,0.00,,,,,,,53.70,N,Not at Intersection, ,Non-Junction,None,,,         ,Eric,Burford,Clear,Angle,no,no,no,no,no,False
103031647,METROPOLITAN NASHVILLE POLICE DEPT,20210374775,Davidson,Nashville,7/12/2021 9:10:00 AM,2,0,0,36.106210,-86.673060,MURFREESBORO PKE,,,,0.00,Feet,,DONELSON PKE,,,,0.00,Y,Four-Way,N,Intersection,None,,,         ,Michael,Dance,Clear,Front to Rear,no,no,no,no,no,False
103031655,METROPOLITAN NASHVILLE POLICE DEPT,20210374906,Davidson,Nashville,7/12/2021 10:42:00 AM,2,0,0,36.146480,-86.742480,I 40,,,,0.00,,,,,,,212.10,N,Not at Intersection, ,Non-Junction,None,,,         ,Michael,Dance,Cloudy,Front to Rear,no,no,no,no,no,False
103031680,METROPOLITAN NASHVILLE POLICE DEPT,20210374950,Davidson,Not in City Limit,7/12/2021 11:14:00 AM,2,0,0,36.306350,-86.686520,GALLATIN PKEN,,,,363.00,Feet,East,NORTHSIDE DR,,,,0.00,N,Not at Intersection,N,Non-Junction,None,,,         ,Christopher,Littles,,Angle,no,no,no,no,no,False
103031681,METROPOLITAN NASHVILLE POLICE DEPT,20210375021,Davidson,Not in City Limit,7/12/2021 11:54:00 AM,2,0,0,36.270970,-86.708860,ROOSEVELT AV,,,,446.00,Feet,East,GALLATIN PKEN,,,,0.00,N,Not at Intersection,N,Non-Junction,None,,,         ,Christopher,Littles,Cloudy,Angle,no,no,no,no,yes,False