master_record_number,agency,agency_tracking_number,county,city,collision_date,vehicles_involved,number_injured,number_dead,latitude,longitude,roadway_name,roadway_suffix,roadway_number,roadway_local_id,distance_from_reference,miles-feet_indicator,direction_from_reference,intersection_road_name,intersection_road_name_suffix,intersection_road_number,intersection_local_id,mile_marker,intersection_indicator,intersect_type,interchange_related_indicator,relation_to_junction,work_zone_type,construction_maintenance_zone,construction_maintenance_zone_location,fatal_case_number,officer_first_name,officer_last_name,weather_condition(s),manner_of_crash,pedestrian,bicycle,scooter,parking,hitrun,mou
103031683,METROPOLITAN NASHVILLE POLICE DEPT,20210375005,Davidson,Antioch,7/12/2021 11:38:00 AM,2,0,0,36.053213,-86.617728,MURFREESBORO,PIKE,US41/70S,,350.00,Feet,South,MT VIEW,RD,,,0.00,N,Not at Intersection,N,Non-Junction,None,,,         ,Joe,Hooper,Cloudy,Angle,no,no,no,no,no,False
103031694,METROPOLITAN NASHVILLE POLICE DEPT,20210375084,Davidson,Antioch,7/12/2021 11:56:00 AM,2,0,0,36.009160,-86.621790,OCTOBER WOODS DR,,,,25.00,Feet,West,OLD HICKORY BLVD,,,,0.00,N,Not at Intersection, ,Non-Junction,None,,,         ,Joe,Hooper,Cloudy,Front to Rear,no,no,no,no,no,False
103031703,METROPOLITAN NASHVILLE POLICE DEPT,20210375066,Davidson,Nashville,7/12/2021 12:00:00 AM,1,0,0,36.184880,-86.625520,CENTRAL PKE,,,,43.00,Feet,West,HERMITAGE INDUSTRIAL DR,,,,0.00,N,Not at Intersection,N,Non-Junction,None,,,         ,Michael,Dance,Unknown,Not Collision with Motor Vehicle in Transport,no,no,no,no,yes,False
103031704,METROPOLITAN NASHVILLE POLICE DEPT,20210375082,Davidson,Nashville,7/12/2021 12:00:00 AM,2,0,0,36.150310,-86.771590,I 40,,,,0.00,,,,,,,210.30,N,Not at Intersection,N,Non-Junction,None,,,         ,James,Thornton,Cloudy,Front to Rear,no,no,no,no,no,False
103031713,METROPOLITAN NASHVILLE POLICE DEPT,20210375135,Davidson,Nashville,7/12/2021 1:12:00 PM,2,0,0,36.150040,-86.791920,MUSIC SQE,,,,0.00,,,ROY ACUFF PL,,,,0.00,Y,T-Intersection, ,Intersection,None,,,         ,Earl,Davis,Cloudy,Front to Rear,no,no,no,no,no,False
103031728,METROPOLITAN NASHVILLE POLICE DEPT,20210375032,Davidson,Nashville,7/12/2021 11:45:00 AM,2,0,0,36.149670,-86.769810,4TH AVS,,,,0.00,,,MCCANN ST,,,,0.00,Y,T-Intersection, ,Intersection,None,,,         ,Todd,Watson,Cloudy,Front to Rear,no,no,no,no,no,False
103031734,METROPOLITAN NASHVILLE POLICE DEPT,20210375122,Davidson,Nashville,7/12/2021 12:30:00 PM,1,1,0,36.126700,-86.711090,MURFREESBORO PKE,,,,0.00,,,THOMPSON PL,,,,0.00,Y,Four-Way,Y,Intersection,None,,,         ,Jason,Hees,Clear,Not Collision with Motor Vehicle in Transport,yes,no,no,no,yes,False
103031757,METROPOLITAN NASHVILLE POLICE DEPT,20210374937,Davidson,Nashville,7/12/2021 11:05:00 AM,2,1,0,36.152940,-86.857620,BRILEY PKWY,,,,20.00,Feet,South,I40 W EXT RAMP,,,,0.00,N,Not at Intersection,Y,OtherLocation,None,,,         ,Gerry,Hutcheson,Cloudy,Angle,no,no,no,no,no,False
103031761,METROPOLITAN NASHVILLE POLICE DEPT,20210374997,Davidson,Nashville,7/12/2021 11:35:00 AM,2,0,0,36.184490,-86.815170,CLARKSVILLE PKE,,,,171.00,Feet,East,24TH AVN,,,,0.00,N,Not at Intersection,N,Non-Junction,None,,,         ,Dylan,Cetin,Cloudy,Front to Rear,no,no,no,no,no,False
103031769,METROPOLITAN NASHVILLE POLICE DEPT,20210375201,Davidson,Nashville,7/12/2021 1:40:00 PM,2,0,0,36.125800,-86.766070,CRAIGHEAD ST,,,,25.00,Feet,West,BRANSFORD AV,,,,0.00,N,Not at Intersection,N,Non-Junction,None,,,         ,Earl,Davis,Cloudy,Front to Rear,no,no,no,no,yes,False
103031771,METROPOLITAN NASHVILLE POLICE DEPT,20210375195,Davidson,Nashville,7/12/2021 1:50:00 PM,1,0,0,36.173700,-86.689400,BRILEY PKWYN,,,,251.00,Feet,North,BRILEY PKWYS,,,,0.00,N,Not at Intersection,N,Non-Junction,None,,,         ,Michael,Dance,Rain,Not Collision with Motor Vehicle in Transport,no,no,no,no,yes,False
103031786,METROPOLITAN NASHVILLE POLICE DEPT,20210375208,Davidson,Nashville,7/12/2021 1:20:00 PM,2,0,0,36.175650,-86.792960,ROSA L PARKS BLVD,,,,165.00,Feet,North,MONROE ST,,,,0.00,N,Not at Intersection,N,Non-Junction,None,,,         ,Eric,Schaefer,Clear,Angle,no,no,no,yes,yes,False
103031790,METROPOLITAN NASHVILLE POLICE DEPT,20210375223,Davidson,Nashville,7/12/2021 1:51:00 PM,2,0,0,36.173700,-86.689400,BRILEY PKWYN,,,,251.00,Feet,North,BRILEY PKWYS,,,,0.00,N,Not at Intersection,N,Non-Junction,None,,,         ,Michael,Dance,Rain,"Sideswipe, Same Direction",no,no,no,no,yes,False
103031818,METROPOLITAN NASHVILLE POLICE DEPT,20210375068,Davidson,Nashville,7/12/2021 12:24:00 PM,2,0,0,36.128990,-86.841220,HARDING PKE,,,,466.00,Feet,West,BRIXWORTH LN,,,,0.00,N,Not at Intersection,N,Non-Junction,None,,,         ,Corey,Ethridge,Clear,Front to Rear,no,no,no,no,yes,False
103031824,METROPOLITAN NASHVILLE POLICE DEPT,20210375204,Davidson,Nashville,7/12/2021 1:45:00 PM,2,0,0,36.149090,-86.863000,CHARLOTTE PKE,,,,390.00,Feet,South,LELLYETT ST,,,,0.00,N,Not at Intersection, ,Non-Junction,None,,,         ,Gerry,Hutcheson,Cloudy,"Sideswipe, Same Direction",no,no,no,no,yes,False
103031839,METROPOLITAN NASHVILLE POLICE DEPT,20210375316,Davidson,Nashville,7/12/2021 2:22:00 PM,2,0,0,36.098410,-86.709860,I 24,,,,0.00,,,,,,,54.70,N,Not at Intersection,N,Non-Junction,None,,,         ,Beri,Scott,Clear,"Sideswipe, Same Direction",no,no,no,no,yes,False
103031846,METROPOLITAN NASHVILLE POLICE DEPT,20210375256,Davidson,Nashville,7/12/2021 2:29:00 PM,2,1,0,36.044860,-86.670430,BELL RD,,,,0.00,,,HICKORY PARK DR,,,,0.00,Y,T-Intersection,N,Intersection,None,,,         ,Brian,Sherman,Cloudy,Angle,no,no,no,no,no,False
103031956,METROPOLITAN NASHVILLE POLICE DEPT,20210375285,Davidson,Nashville,7/12/2021 12:00:00 AM,2,2,0,36.168540,-86.687990,BRILEY PKWY N ENT RAMP,,,,0.00,Feet,East,LEBANON PKE,,,,0.00,N,Not at Intersection,Y,Entrance/Exit Ramp Related,None,,,         ,Adam,Gartner,Cloudy,Angle,no,no,no,no,no,False
103031957,METROPOLITAN NASHVILLE POLICE DEPT,20210375451,Davidson,Nashville,7/12/2021 3:16:00 PM,2,0,0,36.142930,-86.706810,I 40,,,,0.00,,,,,,,214.40,N,Not at Intersection, ,Non-Junction,None,,,         ,Douglas,Mann,Clear,Angle,no,no,no,no,no,False
103031960,METROPOLITAN NASHVILLE POLICE DEPT,20210375404,Davidson,Nashville,7/12/2021 2:40:00 PM,1,0,0,36.045230,-86.712470,OLD HICKORY BLVD,,,,239.00,Feet,East,NOLENSVILLE PKE,,,,0.00,N,Not at Intersection,N,OtherLocation,None,,,         ,Beri,Scott,Clear,Not Collision with Motor Vehicle in Transport,no,no,no,yes,yes,False
103031961,METROPOLITAN NASHVILLE POLICE DEPT,20210375229,Davidson,Nashville,7/12/2021 2:15:00 PM,2,2,0,36.167020,-86.763760,I24 W ENT RAMP,,,,0.00,,,I 24,,,,0.00,Y,Four-Way,N,Intersection-Related,None,,,         ,Edward,Holden,Clear,HeadOn,no,no,no,no,yes,False
103031963,METROPOLITAN NASHVILLE POLICE DEPT,20210375436,Davidson,Nashville,7/12/2021 3:41:00 PM,2,0,0,36.119910,-86.765810,MELROSE AV,,,,5.00,Feet,East,BRANSFORD AV,,,,0.00,N,Not at Intersection,N,Non-Junction,None,,,         ,Joseph,Simon,Clear,"Sideswipe, Same Direction",no,no,no,no,yes,False
103031966,METROPOLITAN NASHVILLE POLICE DEPT,20210375470,Davidson,Not in City Limit,7/12/2021 3:45:00 PM,2,0,0,36.262820,-86.680970,STATE RT 45,,,,0.00,,,RIO VISTA DR,,,,0.00,Y,Four-Way, ,,None,,,         ,Derek,Sibley,,,no,no,no,no,no,False
103031970,METROPOLITAN NASHVILLE POLICE DEPT,20210375417,Davidson,Nashville,7/12/2021 2:06:00 PM,2,0,0,36.147770,-86.743510,FESSLERS LN,,,,3.00,Feet,North,I40 W ENT RAMP,,,,0.00,N,Not at Intersection,Y,Entrance/Exit Ramp Related,None,,,         ,Mary,Hall,Clear,Angle,no,no,no,no,no,False
103031973,METROPOLITAN NASHVILLE POLICE DEPT,20210375317,Davidson,Nashville,7/12/2021 2:28:00 PM,2,1,0,36.130360,-86.899970,I40 W EXT RAMP,,,,31.00,Feet,North,CHARLOTTE PKE,,,,0.00,N,Not at Intersection,Y,Entrance/Exit Ramp Related,None,,,         ,Kyle,Lund,Cloudy,Front to Rear,no,no,no,no,no,False
103031974,METROPOLITAN NASHVILLE POLICE DEPT,20210375396,Davidson,Nashville,7/12/2021 12:00:00 AM,3,1,0,36.093880,-86.624860,HARBOR LIGHTS DR,,,,0.00,Feet,,BELL RD,,,,0.00,Y,T-Intersection,N,Intersection-Related,None,,,         ,Adam,Gartner,Cloudy,Front to Rear,no,no,no,no,yes,False
103031977,METROPOLITAN NASHVILLE POLICE DEPT,20210375352,Davidson,Nashville,7/12/2021 3:21:00 PM,2,0,0,36.084860,-86.698740,I24 W EXT RAMP,,,,0.00,,,I 24,,,,0.00,Y,Y-Intersection,N,Non-Junction,None,,,         ,Robert,Higgins,Cloudy,Angle,no,no,no,no,no,False
103031983,METROPOLITAN NASHVILLE POLICE DEPT,20210375381,Davidson,Nashville,7/12/2021 4:11:00 PM,1,1,0,36.156980,-86.832730,CLIFTON AV,,,,0.00,,,39TH AVN,,,,0.00,Y,Four-Way,N,Intersection,None,,,         ,Kyle,Lund,Cloudy,Not Collision with Motor Vehicle in Transport,no,yes,no,no,no,False
103031986,METROPOLITAN NASHVILLE POLICE DEPT,20210375613,Davidson,Nashville,7/12/2021 6:48:00 PM,1,0,0,36.197150,-86.688380,OPRY MILLS DR,,,,90.00,Feet,West,BRILEY PKWYS,,,,0.00,N,Not at Intersection,N,Non-Junction,None,,,         ,Joseph,Simon,Clear,Not Collision with Motor Vehicle in Transport,no,no,no,yes,no,False
103032012,METROPOLITAN NASHVILLE POLICE DEPT,20210375604,Davidson,Nashville,7/12/2021 12:00:00 AM,2,0,0,36.127790,-86.631750,PRIEST WOODS DR,,,,92.00,Feet,East,WATERCRESS DR,,,,0.00,N,Not at Intersection, ,Non-Junction,None,,,         ,Adam,Gartner,Cloudy,Front to Rear,no,no,no,no,no,False
103032025,METROPOLITAN NASHVILLE POLICE DEPT,20210375572,Davidson,Nashville,7/12/2021 5:17:00 PM,2,1,0,36.063810,-86.627400,MURFREESBORO PKE,,,,478.00,Feet,South,HAMILTON CHURCH RD,,,,0.00,N,Not at Intersection,N,Non-Junction,None,,,         ,Beri,Scott,Clear,Front to Rear,no,no,no,no,yes,False
103032031,METROPOLITAN NASHVILLE POLICE DEPT,20210375464,Davidson,Goodlettsville,7/12/2021 5:05:00 PM,2,0,0,36.296960,-86.699120,GALLATIN PKEN,,,,20.00,Feet,North,RIVERGATE PKWY,,,,0.00,N,Not at Intersection, ,Non-Junction,None,,,         ,Zachary,Akers,Clear,Angle,no,no,no,no,no,False
103032038,METROPOLITAN NASHVILLE POLICE DEPT,20210375673,Davidson,Nashville,7/12/2021 7:55:00 PM,2,0,0,36.200710,-86.740070,GALLATIN PKE,,,,96.00,Feet,South,BURCHWOOD AV,,,,0.00,N,Not at Intersection,N,Non-Junction,None,,,         ,Jason,Milyaro Lucas,Clear,Front to Rear,no,no,no,yes,yes,False
103032041,THP District 3 - Nashville,321046204,Davidson,Nashville,7/8/2021 7:00:00 AM,1,0,0,36.141200,-86.717450,I 40,,,,0.00,,,,,,,213.20,N,Not at Intersection, ,Non-Junction,None,,,         ,Katherine,Crysel,Clear,Not Collision with Motor Vehicle in Transport,no,no,no,no,yes,False
103032044,METROPOLITAN NASHVILLE POLICE DEPT,20210375648,Davidson,Nashville,7/12/2021 7:20:00 PM,2,1,0,36.182020,-86.793020,GARFIELD ST,,,,167.00,Feet,West,5TH AVN,,,,0.00,N,Not at Intersection,N,Non-Junction,None,,,         ,Scarlett,Collins,Cloudy,"Sideswipe, Same Direction",no,no,no,no,no,False
103032058,METROPOLITAN NASHVILLE POLICE DEPT,20210375637,Davidson,Not in City Limit,7/12/2021 7:20:00 PM,1,0,0,36.276350,-86.876130,ALESSIO RD,,,,562.00,Feet,West,OLD HICKORY BLVD,,,,0.00,N,Not at Intersection, ,Non-Junction,None,,,         ,Gabriel,Centeno,Clear,Not Collision with Motor Vehicle in Transport,no,no,no,no,no,False
103032059,METROPOLITAN NASHVILLE POLICE DEPT,20210375585,Davidson,Nashville,7/12/2021 5:40:00 PM,2,0,0,36.125290,-86.752330,NOLENSVILLE PKE,,,,118.00,Feet,North,ROSEDALE AV,,,,0.00,N,Not at Intersection,N,Non-Junction,None,,,         ,Timothy,Ward,Clear,Rear to Side,no,no,no,yes,yes,False
103032060,METROPOLITAN NASHVILLE POLICE DEPT,20210375308,Davidson,Not in City Limit,7/12/2021 3:13:00 PM,4,3,0,36.258640,-86.757850,DICKERSON PKE,,,,105.00,Feet,South,VILLAGE HILLS PVTDR,,,,0.00,N,Not at Intersection,N,Non-Junction,None,,,         ,Mason,Tyler,Clear,Rear to Side,no,no,no,no,no,False
103032061,METROPOLITAN NASHVILLE POLICE DEPT,20210375685,Davidson,Nashville,7/12/2021 6:02:00 PM,2,0,0,36.107020,-86.719690,I 24,,,,0.00,,,,,,,53.90,N,Not at Intersection,N,Non-Junction,None,,,         ,Beri,Scott,Clear,"Sideswipe, Same Direction",no,no,no,no,yes,False
103032063,METROPOLITAN NASHVILLE POLICE DEPT,20210375596,Davidson,Nashville,7/12/2021 6:45:00 PM,2,2,0,36.182260,-86.754760,MCFERRIN AV,,,,0.00,,,MANSFIELD ST,,,,0.00,Y,T-Intersection,N,Non-Junction,None,,,         ,Wade,Johnson,Clear,Angle,no,no,no,no,no,False
103032065,METROPOLITAN NASHVILLE POLICE DEPT,20210375553,Davidson,Nashville,7/12/2021 6:13:00 PM,1,1,0,36.127340,-86.695840,BRILEY PKWY,,,,40.00,Feet,North,INTERNATIONAL PLZ,,,,0.00,N,Not at Intersection,N,Non-Junction,None,,,         ,Dontaveous,Eubanks,Clear,Not Collision with Motor Vehicle in Transport,no,no,no,no,no,False
103032066,METROPOLITAN NASHVILLE POLICE DEPT,20210375706,Davidson,Nashville,7/12/2021 8:20:00 PM,2,1,0,36.142130,-86.643270,ELM HILL PKE,,,,573.00,Feet,West,CASA DR,,,,0.00,N,Not at Intersection,N,Non-Junction,None,,,         ,Dontaveous,Eubanks,Clear,"Sideswipe, Opposite Direction",no,no,no,no,yes,False
103032085,METROPOLITAN NASHVILLE POLICE DEPT,20210375508,Davidson,Nashville,7/12/2021 5:38:00 PM,2,2,0,36.171750,-86.864760,CENTENNIAL BLVD,,,,305.00,Feet,East,BRILEY PKWY N ENT RAMP,,,,0.00,N,Not at Intersection,N,Non-Junction,None,,,         ,Torian,Cox,Clear,Front to Rear,no,no,no,no,no,False
103032100,METROPOLITAN NASHVILLE POLICE DEPT,20210375696,Davidson,Nashville,7/12/2021 12:00:00 AM,1,0,0,36.193770,-86.743800,GALLATIN AV,,,,52.00,Feet,North,STRAIGHTWAY AV,,,,0.00,N,Not at Intersection,N,Non-Junction,None,,,         ,Maccio,Hightower,Clear,Not Collision with Motor Vehicle in Transport,no,no,no,no,no,False
103032103,METROPOLITAN NASHVILLE POLICE DEPT,20210375755,Davidson,Nashville,7/12/2021 7:00:00 PM,1,0,0,36.153520,-86.797790,16TH,AVE,,NONE,10.00,Feet,West,,,,,100.00,N,Not at Intersection, ,Non-Junction,None,,,         ,William,Hamblen,Clear,Not Collision with Motor Vehicle in Transport,no,no,no,yes,no,False
103032122,METROPOLITAN NASHVILLE POLICE DEPT,20210375347,Davidson,Not in City Limit,7/12/2021 3:18:00 PM,2,4,0,36.078540,-86.950810,HIGHWAY 70S,,,,0.00,Feet,,BELLEVUE CTR PVTDR,,,,0.00,Y,Four-Way,N,Intersection-Related,None,,,         ,Tristen,Mayfield,Clear,Front to Rear,no,no,no,no,no,False
103032140,METROPOLITAN NASHVILLE POLICE DEPT,20210375750,Davidson,Nashville,7/12/2021 12:00:00 AM,2,4,0,36.081140,-86.611040,CASTLEGATE DR,,,,0.00,,,NAUTILUS DR,,,,0.00,Y,Four-Way,N,Intersection,None,,,         ,Adam,Gartner,,Angle,no,no,no,no,no,False
103032178,METROPOLITAN NASHVILLE POLICE DEPT,20210375769,Davidson,Nashville,7/12/2021 12:00:00 AM,2,2,0,36.152480,-86.773240,5TH AVS,,,,0.00,Feet,,LAFAYETTE ST,,,,0.00,Y,Four-Way,Y,Intersection-Related,None,,,         ,Michael,Moss,Cloudy,HeadOn,no,no,no,no,yes,False
103032180,METROPOLITAN NASHVILLE POLICE DEPT,20210375937,Davidson,Nashville,7/12/2021 11:50:00 PM,2,0,0,36.192370,-86.761310,RICHARDSON AV,,,,166.00,Feet,West,N 6TH ST,,,,0.00,N,Not at Intersection,N,Non-Junction,None,,,         ,Jarrett,Ipox,Clear,Front to Rear,no,no,no,no,yes,False
103032191,METROPOLITAN NASHVILLE POLICE DEPT,20210376031,Davidson,Nashville,7/13/2021 1:59:00 AM,1,1,0,36.139970,-86.724550,I 40,,,,0.00,,,,,,,213.60,N,Not at Intersection,N,Non-Junction,None,,,         ,Mario,Diaz,,Not Collision with Motor Vehicle in Transport,no,no,no,no,no,False
103032199,METROPOLITAN NASHVILLE POLICE DEPT,20210375956,Davidson,Antioch,7/12/2021 8:25:00 PM,2,0,0,36.020020,-86.598970,J P HENNESSY DR,,,,1615.00,Feet,North,CORPORATE PL,,,,0.00,N,Not at Intersection, ,Non-Junction,None,,,         ,Lisa,Beck,Clear,Rear to Rear,no,no,no,yes,yes,False
103032214,WILSON CO SHERIFFS DEPT,202124130,Davidson,Nashville,7/12/2021 12:00:00 AM,1,0,0,36.215000,-86.580700,REHNEA DR,,,,12.00,Feet,West,GARLAND DR,,,,0.00,N,Not at Intersection,N,Non-Junction,None,,,         ,Chris,Keyes,Cloudy,Not Collision with Motor Vehicle in Transport,no,no,no,no,no,False
103032216,METROPOLITAN NASHVILLE POLICE DEPT,20210376070,Davidson,Nashville,7/13/2021 12:00:00 AM,1,0,0,36.203990,-86.861170,STEWARTS LN,,,,0.80,Miles,North,BRILEY PKWYN,,,,0.00,N,Not at Intersection,N,Non-Junction,None,,,         ,Joshua,Asbell,Cloudy,Not Collision with Motor Vehicle in Transport,no,no,no,no,yes,False
103032264,METROPOLITAN NASHVILLE POLICE DEPT,20210376221,Davidson,Nashville,7/13/2021 12:00:00 AM,1,0,0,36.053950,-86.673540,I 24,,,,0.00,,,,,,,58.40,N,Not at Intersection,N,Non-Junction,None,,,         ,Joe,Hooper,Cloudy,Not Collision with Motor Vehicle in Transport,no,no,no,no,yes,False
103032276,METROPOLITAN NASHVILLE POLICE DEPT,20210375860,Davidson,Nashville,7/12/2021 10:27:00 PM,2,0,0,36.161200,-86.792680,CHARLOTTE AV,,,,0.00,Feet,,GEORGE L DAVIS BLVD,,,,0.00,Y,OTHER,N,Intersection,None,,,         ,Kelcey,Bell,Clear,HeadOn,no,no,no,no,no,False
103032277,METROPOLITAN NASHVILLE POLICE DEPT,20210376116,Davidson,Nashville,7/13/2021 3:49:00 AM,1,1,0,36.161620,-86.775790,BROADWAY,,,,60.00,Feet,East,3RD AVN,,,,0.00,N,Not at Intersection,N,Non-Junction,None,,,         ,Kelcey,Bell,Clear,Not Collision with Motor Vehicle in Transport,no,no,no,no,no,False
103032285,METROPOLITAN NASHVILLE POLICE DEPT,20210376229,Davidson,Nashville,7/13/2021 6:44:00 AM,2,0,0,36.136310,-86.812860,ACKLEN AV,,,,385.00,Feet,East,32ND AVS,,,,0.00,N,Not at Intersection,N,Non-Junction,None,,,         ,Earl,Davis,Cloudy,Angle,no,no,no,no,yes,False
103032299,METROPOLITAN NASHVILLE POLICE DEPT,20210376314,Davidson,Nashville,7/13/2021 7:55:00 AM,2,1,0,36.186410,-86.758180,ELLINGTON PKWYS,,,,127.00,Feet,West,ELLINGTON PKWYN,,,,0.00,N,Not at Intersection,N,Non-Junction,None,,,         ,Douglas,Atwood,Cloudy,Front to Rear,no,no,no,no,no,False
103032300,METROPOLITAN NASHVILLE POLICE DEPT,20210376219,Davidson,Nashville,7/13/2021 6:56:00 AM,2,0,0,36.195000,-86.743160,MCCLURKAN AV,,,,0.00,,,GALLATIN AV,,,,0.00,Y,Four-Way,N,Non-Junction,None,,,         ,Michael,Agee,Cloudy,Angle,no,no,no,no,no,False
103032311,METROPOLITAN NASHVILLE POLICE DEPT,20210376258,Davidson,Nashville,7/13/2021 7:28:00 AM,2,1,0,36.045480,-86.647290,MT VIEW RD,,,,0.00,,,CROSSINGS BLVD,,,,0.00,Y,Four-Way,N,Intersection-Related,None,,,         ,Gregory,Dixon,Clear,Angle,no,no,no,no,no,False
103032315,METROPOLITAN NASHVILLE POLICE DEPT,20210376261,Davidson,Not in City Limit,7/13/2021 2:00:00 AM,1,0,0,36.038050,-86.973410,MCCRORY LN,,,,479.00,Feet,North,NATCHEZ TRACE PKWY EXT RAMP,,,,0.00,N,Not at Intersection,N,Non-Junction,None,,,         ,Wesley,Tilley,Clear,Not Collision with Motor Vehicle in Transport,no,no,no,no,no,False
103032322,METROPOLITAN NASHVILLE POLICE DEPT,20210376348,Davidson,Nashville,7/13/2021 8:26:00 AM,2,0,0,36.109430,-86.721660,I 24,,,,0.00,,,,,,,53.70,N,Not at Intersection, ,Non-Junction,None,,,         ,Joe,Hooper,Cloudy,Not Collision with Motor Vehicle in Transport,no,no,no,no,no,False
103032323,METROPOLITAN NASHVILLE POLICE DEPT,20210376331,Davidson,Nashville,7/13/2021 8:10:00 AM,2,0,0,36.150100,-86.869080,I 40,,,,0.00,,,,,,,203.30,N,Not at Intersection, ,Non-Junction,None,,,         ,Peyton,Wheatley,Cloudy,"Sideswipe, Same Direction",no,no,no,no,no,False
103032324,WILLIAMSON CO SHERIFFS OFFICE,2117130,Davidson,Nashville,7/13/2021 9:22:00 AM,2,0,0,36.030380,-86.870090,MURRAY LN,,,,1652.00,Feet,East,HILLSBORO RD,,,,0.00,N,Not at Intersection, ,Non-Junction,None,,,         ,Greg,Wilhelm,Cloudy,"Sideswipe, Same Direction",no,no,no,no,no,False
103032351,METROPOLITAN NASHVILLE POLICE DEPT,20210376384,Davidson,Nashville,7/13/2021 8:00:00 AM,2,0,0,36.171780,-86.802210,I 40,,,,0.00,,,,,,,207.55,N,Not at Intersection, ,Non-Junction,None,,,         ,Dylan,Cetin,Cloudy,"Sideswipe, Same Direction",no,no,no,no,no,False
103032354,METROPOLITAN NASHVILLE POLICE DEPT,20210376368,Davidson,Nashville,7/13/2021 8:40:00 AM,3,0,0,36.036110,-86.782930,I 65,,,,0.00,,,,,,,74.40,N,Not at Intersection,N,Entrance/Exit Ramp Related,None,,,         ,Earl,Davis,Cloudy,Front to Rear,no,no,no,no,no,False
103032360,METROPOLITAN NASHVILLE POLICE DEPT,20210376515,Davidson,Nashville,7/13/2021 10:06:00 AM,2,0,0,36.155600,-86.789680,BROADWAY,,,,0.00,,,I40 E ENT RAMP,,,,0.00,Y,Four-Way,N,Intersection,None,,,         ,Earl,Davis,Cloudy,"Sideswipe, Opposite Direction",no,no,no,no,yes,False
103032363,METROPOLITAN NASHVILLE POLICE DEPT,20210376416,Davidson,Nashville,7/13/2021 9:08:00 AM,2,0,0,36.158770,-86.782400,BROADWAY,,,,98.00,Feet,West,ROSA L PARKS BLVD,,,,0.00,N,Not at Intersection, ,Non-Junction,None,,,         ,Erik,Wagner,Cloudy,"Sideswipe, Same Direction",no,no,no,no,no,False
103032365,METROPOLITAN NASHVILLE POLICE DEPT,20210376532,Davidson,Not in City Limit,7/13/2021 9:20:00 AM,2,0,0,36.267310,-86.746180,OLD HICKORY BLVDW,,,,24.00,Feet,East,NESBITT DR,,,,0.00,N,Not at Intersection,N,Non-Junction,None,,,         ,Joshua,Goepper,Cloudy,"Sideswipe, Same Direction",no,no,no,no,yes,False
103032394,METROPOLITAN NASHVILLE POLICE DEPT,20210376575,Davidson,Nashville,7/13/2021 10:35:00 AM,1,1,0,36.085220,-86.706320,LINBAR DR,,,,133.00,Feet,South,SUNLIGHT DR,,,,0.00,N,Not at Intersection,N,Non-Junction,None,,,         ,Joe,Hooper,Cloudy,Not Collision with Motor Vehicle in Transport,no,no,no,no,yes,False
103032395,METROPOLITAN NASHVILLE POLICE DEPT,20210376230,Davidson,Nashville,7/13/2021 7:00:00 AM,1,1,0,36.120660,-86.718100,EAST THOMPSON LN,,,,118.00,Feet,South,BROWNING RD,,,,0.00,N,Not at Intersection,N,Non-Junction,None,,,         ,Todd,Watson,Clear,Not Collision with Motor Vehicle in Transport,no,no,no,no,no,False
103032401,METROPOLITAN NASHVILLE POLICE DEPT,20210376467,Davidson,Nashville,7/13/2021 9:24:00 AM,2,0,0,36.217780,-86.746300,ELLINGTON PKWY N EXT RAMP,,,,0.00,,,HART LN,,,,0.00,Y,OTHER, ,Entrance/Exit Ramp Related,None,,,         ,Nicholas,Cochran,Cloudy,Front to Rear,no,no,no,no,no,False
103032406,METROPOLITAN NASHVILLE POLICE DEPT,20210376502,Davidson,Nashville,7/13/2021 9:50:00 AM,3,0,0,36.164680,-86.763350,I 24,,,,0.00,,,,,,,49.10,N,Not at Intersection, ,Non-Junction,None,,,         ,Michael,Agee,Cloudy,Front to Rear,no,no,no,no,no,False
103032421,METROPOLITAN NASHVILLE POLICE DEPT,20210376533,Davidson,Nashville,7/13/2021 10:17:00 AM,2,1,0,36.152700,-86.756370,GREEN ST,,,,0.00,,,FAIRFIELD AV,,,,0.00,Y,Four-Way,N,Intersection,None,,,         ,Michael,Dance,Cloudy,"Sideswipe, Same Direction",no,no,no,no,no,False
103032426,METROPOLITAN NASHVILLE POLICE DEPT,20210376382,Davidson,Nashville,7/13/2021 8:50:00 AM,2,1,0,36.073140,-86.920660,OLD HICKORY BLVD,,,,0.00,,,BELLEVUE VALLEY PLAZA PVTDR,,,,0.00,Y,T-Intersection,N,Intersection,None,,,         ,Michael,Pyle,Cloudy,Angle,no,no,no,no,no,False
103032436,METROPOLITAN NASHVILLE POLICE DEPT,20210376665,Davidson,Nashville,7/13/2021 11:25:00 AM,1,0,0,36.079240,-86.730510,SHEFFIELD DR,,,,0.00,,,COVENTRY DR,,,,0.00,Y,T-Intersection,N,Non-Junction,None,,,         ,Earl,Davis,Rain,Not Collision with Motor Vehicle in Transport,no,no,no,no,yes,False
103032438,METROPOLITAN NASHVILLE POLICE DEPT,20210376695,Davidson,Nashville,7/13/2021 11:42:00 AM,2,3,0,36.213000,-86.700390,OPRY MILLS DR,,,,500.00,Feet,North,OPRYLAND DR,,,,0.00,N,Not at Intersection,N,Non-Junction,None,,,         ,Michael,Dance,Cloudy,Angle,no,no,no,no,no,False