master_record_number,agency,agency_tracking_number,county,city,collision_date,vehicles_involved,number_injured,number_dead,latitude,longitude,roadway_name,roadway_suffix,roadway_number,roadway_local_id,distance_from_reference,miles-feet_indicator,direction_from_reference,intersection_road_name,intersection_road_name_suffix,intersection_road_number,intersection_local_id,mile_marker,intersection_indicator,intersect_type,interchange_related_indicator,relation_to_junction,work_zone_type,construction_maintenance_zone,construction_maintenance_zone_location,fatal_case_number,officer_first_name,officer_last_name,weather_condition(s),manner_of_crash,pedestrian,bicycle,scooter,parking,hitrun,mou
103033307,METROPOLITAN NASHVILLE POLICE DEPT,20210378621,Davidson,Nashville,7/14/2021 11:10:00 AM,2,0,0,36.180470,-86.800240,I 65,,,,0.00,,,,,,,85.00,N,Not at Intersection, ,Entrance/Exit Ramp Related,None,,,         ,Dylan,Cetin,Clear,Front to Rear,no,no,no,no,no,False
103033308,METROPOLITAN NASHVILLE POLICE DEPT,20210378642,Davidson,Nashville,7/14/2021 12:00:00 AM,2,1,0,36.121808,-86.755266,,,I440,,0.25,Feet,East,,,,,6.00,N,Not at Intersection,N,Non-Junction,None,,,         ,Earl,Davis,Cloudy,"Sideswipe, Same Direction",no,no,no,no,yes,False
103033317,METROPOLITAN NASHVILLE POLICE DEPT,20210378560,Davidson,Nashville,7/14/2021 10:30:00 AM,1,0,0,36.182980,-86.775260,I 24,,,,0.00,,,,,,,47.40,N,Not at Intersection, ,Non-Junction,None,,,         ,Hunter,Hodge,Clear,Not Collision with Motor Vehicle in Transport,no,no,no,no,no,False
103033330,METROPOLITAN NASHVILLE POLICE DEPT,20210378516,Davidson,Nashville,7/14/2021 8:05:00 AM,2,0,0,36.142980,-86.706490,I 40,,,,0.00,,,,,,,214.40,N,Not at Intersection, ,Non-Junction,None,,,         ,Sean,Fitzmaurice,Clear,Front to Rear,no,no,no,no,no,False
103033333,METROPOLITAN NASHVILLE POLICE DEPT,20210378637,Davidson,Nashville,7/14/2021 10:10:00 AM,2,0,0,36.201150,-86.689000,BRILEY PKWYS,,,,294.00,Feet,North,BRILEY PKWYN,,,,0.00,N,Not at Intersection,N,Non-Junction,None,,,         ,Rex,Engelbert,Clear,"Sideswipe, Same Direction",no,no,no,no,yes,False
103033337,METROPOLITAN NASHVILLE POLICE DEPT,2021-0378699,Davidson,Nashville,7/14/2021 12:10:00 PM,2,0,0,36.131680,-86.768430,BENTON AV,,,,0.00,,,BRANSFORD AV,,,,0.00,Y,Four-Way, ,Intersection,None,,,         ,Po,Cheng,Cloudy,Angle,no,no,no,no,no,False
103033342,METROPOLITAN NASHVILLE POLICE DEPT,20210378698,Davidson,Nashville,7/14/2021 12:40:00 PM,2,0,0,36.044620,-86.659460,I24 E ENT RAMP,,,,0.00,,,I 24,,,,0.00,Y,T-Intersection, ,Entrance/Exit Ramp Related,None,,,         ,Joe,Hooper,Clear,Angle,no,no,no,no,no,False
103033345,METROPOLITAN NASHVILLE POLICE DEPT,20210378740,Davidson,Nashville,7/14/2021 1:10:00 PM,1,1,0,36.048930,-86.715460,HICKORYVIEW DR,,,,240.00,Feet,East,HICKORY PLZ,,,,0.00,N,Not at Intersection,N,OtherLocation,None,,,         ,Earl,Davis,Clear,Not Collision with Motor Vehicle in Transport,no,no,no,no,no,False
103033365,METROPOLITAN NASHVILLE POLICE DEPT,20210378693,Davidson,Nashville,7/14/2021 12:35:00 PM,2,1,0,36.045740,-86.674350,BELL RD,,,,0.00,,,BLUE HOLE RD,,,,0.00,Y,Four-Way,Y,Intersection,None,,,         ,Steven,Williams,Clear,Front to Rear,no,no,no,no,no,False
103033369,METROPOLITAN NASHVILLE POLICE DEPT,20210378636,Davidson,Nashville,7/14/2021 11:49:00 AM,2,0,0,36.153000,-86.857610,BRILEY PKWY,,,,0.00,,,I40 W EXT RAMP,,,,0.00,Y,Four-Way,N,Intersection,None,,,         ,Robert,Crow,Clear,Angle,no,no,no,no,no,False
103033425,METROPOLITAN NASHVILLE POLICE DEPT,20210378744,Davidson,Not in City Limit,7/14/2021 1:11:00 PM,2,0,0,36.262830,-86.680500,STATE RT 45,,,,144.00,Feet,East,RIO VISTA DR,,,,0.00,N,Not at Intersection,N,Non-Junction,None,,,         ,Christopher,Littles,Clear,Front to Rear,no,no,no,no,yes,False
103033426,METROPOLITAN NASHVILLE POLICE DEPT,20210378780,Davidson,Not in City Limit,7/14/2021 1:26:00 PM,2,0,0,36.258430,-86.713540,HARRIS ST,,,,0.00,,,GALLATIN PKES,,,,0.00,Y,Four-Way, ,Intersection,None,,,         ,Christopher,Littles,Clear,"Sideswipe, Same Direction",no,no,no,no,no,False
103033430,METROPOLITAN NASHVILLE POLICE DEPT,20210378785,Davidson,Nashville,7/14/2021 1:17:00 PM,2,0,0,36.151920,-86.849810,CHARLOTTE AV,,,,25.00,Feet,East,52ND AVN,,,,0.00,N,Not at Intersection, ,,None,,,         ,Peyton,Wheatley,,,no,no,no,no,no,False
103033445,METROPOLITAN NASHVILLE POLICE DEPT,20210378810,Davidson,Old Hickory,7/14/2021 1:46:00 PM,1,0,0,36.251060,-86.645910,OLD HICKORY BLVD,,,,31.00,Feet,West,GOLF CLUB RD,,,,0.00,N,Not at Intersection,N,Non-Junction,None,,,         ,Rex,Engelbert,Clear,Not Collision with Motor Vehicle in Transport,no,no,no,no,no,False
103033455,METROPOLITAN NASHVILLE POLICE DEPT,20210378717,Davidson,Nashville,7/14/2021 12:39:00 PM,2,0,0,36.183700,-86.747390,EASTLAND AV,,,,195.00,Feet,West,N 12TH ST,,,,0.00,N,Not at Intersection,N,Non-Junction,None,,,         ,Faye,Denson,Clear,Angle,no,no,no,no,no,False
103033459,METROPOLITAN NASHVILLE POLICE DEPT,20210378815,Davidson,Nashville,7/14/2021 1:44:00 PM,3,0,0,36.172290,-86.768730,I 24,,,,0.00,,,,,,,48.30,N,Not at Intersection,N,Non-Junction,None,,,         ,Matthew,Cammarn,Clear,Front to Rear,no,no,no,no,no,False
103033469,METROPOLITAN NASHVILLE POLICE DEPT,20210378791,Davidson,Nashville,7/14/2021 1:30:00 PM,3,1,0,36.182990,-86.748720,GALLATIN AV,,,,113.00,Feet,North,STRATTON AV,,,,0.00,N,Not at Intersection,N,Non-Junction,None,,,         ,Dylan,Motes,Clear,Angle,no,no,no,no,no,False
103033519,METROPOLITAN NASHVILLE POLICE DEPT,20210378886,Davidson,Nashville,7/14/2021 2:30:00 PM,1,0,0,36.201450,-86.694210,OPRY MILLS DR,,,,1103.00,Feet,East,SHELBY BOTTOMS GRNWY,,,,0.00,N,Not at Intersection,N,Non-Junction,None,,,         ,Evan,Grace,Clear,Not Collision with Motor Vehicle in Transport,no,no,no,yes,yes,False
103033523,METROPOLITAN NASHVILLE POLICE DEPT,20210378929,Davidson,Antioch,7/14/2021 2:44:00 PM,2,0,0,36.012900,-86.610870,HEIL QUAKER BLVD,,,,23.00,Feet,East,FIRESTONE PKWY,,,,0.00,N,Not at Intersection, ,,None,,,         ,Beri,Scott,,,no,no,no,no,no,False
103033535,METROPOLITAN NASHVILLE POLICE DEPT,20210378909,Davidson,Nashville,7/14/2021 2:18:00 PM,2,0,0,36.193310,-86.751560,DOUGLAS AV,,,,8.00,Feet,East,CLINE AV,,,,0.00,N,Not at Intersection,N,Non-Junction,None,,,         ,Kelsey,Hemminger,Clear,Angle,no,no,no,no,yes,False
103033544,GOODLETTSVILLE POLICE DEPT,21-19214,Davidson,Goodlettsville,7/14/2021 12:49:00 PM,2,0,0,36.309590,-86.695860,CONFERENCE DR,,,,0.00,,,VIETNAM VETERANS BLVD SB ENT R,,,,0.00,Y,T-Intersection,N,Intersection-Related,None,,,         ,George,Henry,Clear,Front to Rear,no,no,no,no,no,False
103033563,METROPOLITAN NASHVILLE POLICE DEPT,20210378958,Davidson,Not in City Limit,7/14/2021 3:19:00 PM,2,1,0,36.291940,-86.883770,CLARKSVILLE PKE,,,,0.00,,,EATONS CREEK RD,,,,0.00,Y,T-Intersection,Y,Intersection,None,,,         ,Chase,Harriman,Clear,Angle,no,no,no,no,no,False
103033578,METROPOLITAN NASHVILLE POLICE DEPT,20210379010,Davidson,Nashville,7/14/2021 3:33:00 PM,2,0,0,36.069160,-86.683660,RICHARDS RD,,,,55.00,Feet,East,ANTIOCH PKE,,,,0.00,N,Not at Intersection,N,Non-Junction,None,,,         ,Austin,Binner,Clear,Front to Rear,no,no,no,no,no,False
103033591,METROPOLITAN NASHVILLE POLICE DEPT,20210379036,Davidson,Nashville,7/14/2021 4:13:00 PM,1,0,0,36.169890,-86.672100,OLD LEBANON PKE,,,,194.00,Feet,West,LEBANON PKE,,,,0.00,N,Not at Intersection, ,,None,,,         ,Evan,Grace,,,no,no,no,yes,no,False
103033597,METROPOLITAN NASHVILLE POLICE DEPT,20210379035,Davidson,Nashville,7/14/2021 4:08:00 PM,2,0,0,36.165900,-86.764290,I 24,,,,0.00,,,,,,,49.00,N,Not at Intersection, ,Non-Junction,None,,,         ,Kevin,Clausius,Clear,Front to Rear,no,no,no,no,no,False
103033605,METROPOLITAN NASHVILLE POLICE DEPT,20210378891,Davidson,Not in City Limit,7/14/2021 11:55:00 AM,2,1,0,36.076630,-86.944350,HIGHWAY 70S,,,,274.00,Feet,East,SAWYER BROWN RD,,,,0.00,N,Not at Intersection,N,Non-Junction,None,,,         ,Robert,Crow,Clear,Angle,no,no,no,no,no,False
103033606,METROPOLITAN NASHVILLE POLICE DEPT,20210379039,Davidson,Nashville,7/14/2021 2:50:00 PM,2,1,0,36.148580,-86.866190,CHARLOTTE PKE,,,,307.00,Feet,West,LELLYETT ST,,,,0.00,N,Not at Intersection,N,Non-Junction,None,,,         ,Michael,Sipos,Clear,Front to Rear,no,no,no,no,yes,False
103033626,METROPOLITAN NASHVILLE POLICE DEPT,20210378998,Davidson,Nashville,7/14/2021 12:00:00 AM,2,0,0,36.052530,-86.714670,NOLENSVILLE PKE,,,,380.00,Feet,North,OCALA DR,,,,0.00,N,Not at Intersection,N,"Driveway, Alley Access, etc",None,,,         ,Justin,mathias,Clear,Angle,no,no,no,no,no,False
103033651,METROPOLITAN NASHVILLE POLICE DEPT,20210379074,Davidson,Nashville,7/14/2021 4:35:00 PM,1,1,0,36.208020,-86.767550,DICKERSON PKE,,,,91.00,Feet,South,GRIZZARD AV,,,,0.00,N,Not at Intersection,N,Non-Junction,None,,,         ,Wade,Johnson,Clear,Not Collision with Motor Vehicle in Transport,yes,no,no,no,no,False
103033662,METROPOLITAN NASHVILLE POLICE DEPT,20210379116,Davidson,Antioch,7/14/2021 4:44:00 PM,2,0,0,36.029950,-86.592280,MURFREESBORO PKE,,,,0.00,,,HURRICANE CREEK BLVD,,,,0.00,Y,T-Intersection,N,Intersection,None,,,         ,Beri,Scott,Clear,Angle,no,no,no,no,no,False
103033665,VANDERBILT UNIVERSITY POLICE,20210377519,Davidson,Nashville,7/13/2021 12:00:00 AM,2,0,0,36.140640,-86.801520,MEDICAL CENTER DR,,,,73.00,Feet,South,DIXIE PL,,,,0.00,N,Not at Intersection, ,Non-Junction,None,,,         ,Frank,Marsua,Clear,Unknown,no,no,no,yes,yes,Campus
103033675,METROPOLITAN NASHVILLE POLICE DEPT,20210379128,Davidson,Nashville,7/14/2021 5:10:00 PM,2,3,0,36.209430,-86.870120,ASHLAND CITY HWY EB ENT RAMP,,,,0.00,Feet,East,ASHLAND CITY HWY,,,,0.00,N,Not at Intersection,N,Non-Junction,None,,,         ,Alec,Pellissier,Clear,Front to Rear,no,no,no,no,no,False
103033685,METROPOLITAN NASHVILLE POLICE DEPT,20210379050,Davidson,Nashville,7/14/2021 4:05:00 PM,2,0,0,36.136660,-86.795330,WEDGEWOOD AV,,,,60.00,Feet,West,MAGNOLIA BLVD,,,,0.00,N,Not at Intersection, ,Non-Junction,None,,,         ,Alex,Gibson,Clear,Front to Rear,no,no,no,no,no,False
103033692,METROPOLITAN NASHVILLE POLICE DEPT,20210379207,Davidson,Nashville,7/14/2021 4:45:00 PM,2,0,0,36.174620,-86.614270,DODSON CHAPEL RD,,,,38.00,Feet,South,CENTRAL PKE,,,,0.00,N,Not at Intersection,N,Non-Junction,None,,,         ,Steven,Luckey,Clear,Angle,no,no,no,no,no,False
103033698,METROPOLITAN NASHVILLE POLICE DEPT,20210379088,Davidson,Nashville,7/14/2021 4:45:00 PM,2,1,0,36.139160,-86.733350,MURFREESBORO PKE,,,,103.00,Feet,West,ARLINGTON AV,,,,0.00,N,Not at Intersection,N,Non-Junction,None,,,         ,Jeffrey,Palomino-Gonzalez,Clear,Front to Rear,no,no,no,no,yes,False
103033707,VANDERBILT UNIVERSITY POLICE,21200379016,Davidson,Nashville,7/14/2021 12:00:00 AM,1,0,0,36.142520,-86.800920,MEDICAL CENTER DR,,,,282.00,Feet,West,21ST AVS,,,,0.00,N,Not at Intersection, ,Non-Junction,Construction Zone,,,         ,Alan,Reed,Clear,Not Collision with Motor Vehicle in Transport,no,no,no,yes,no,Campus
103033708,METROPOLITAN NASHVILLE POLICE DEPT,20210378932,Davidson,Nashville,7/14/2021 2:26:00 PM,2,1,0,36.155210,-86.852830,MORROW RD,,,,0.00,,,GEORGIA AV,,,,0.00,Y,Four-Way,N,Intersection,None,,,         ,Matthew,Mrowiec,Clear,Angle,no,no,no,no,no,False
103033713,METROPOLITAN NASHVILLE POLICE DEPT,20210379277,Davidson,Nashville,7/14/2021 6:46:00 PM,1,1,0,36.157310,-86.770860,PEABODY ST,,,,0.00,,,RUTLEDGE ST,,,,0.00,Y,T-Intersection,Y,Intersection,None,,,         ,Trevor,Taylor,Clear,Not Collision with Motor Vehicle in Transport,yes,no,no,no,no,False
103033718,METROPOLITAN NASHVILLE POLICE DEPT,20210379238,Davidson,Nashville,7/14/2021 6:00:00 PM,2,0,0,36.045600,-86.706140,OLD HICKORY BLVD,,,,102.00,Feet,West,PINECREST DR,,,,0.00,N,Not at Intersection, ,Non-Junction,None,,,         ,Robert,Higgins,Clear,Front to Rear,no,no,no,no,no,False
103033749,METROPOLITAN NASHVILLE POLICE DEPT,20210379481,Davidson,Nashville,7/14/2021 12:00:00 AM,2,0,0,36.072130,-86.732890,EDMONDSON PKE,,,,0.00,,,WHISPERING HILLS DR,,,,0.00,Y,Four-Way,N,Intersection-Related,None,,,         ,Justin,mathias,Clear,Front to Rear,no,no,no,no,yes,False
103033771,METROPOLITAN NASHVILLE POLICE DEPT,20210379123,Davidson,Nashville,7/14/2021 5:00:00 PM,2,0,0,36.152740,-86.828160,CHARLOTTE AV,,,,8.00,Feet,East,37TH AVN,,,,0.00,N,Not at Intersection,N,Non-Junction,None,,,         ,Aaron,Jumonville,Clear,Front to Rear,no,no,no,no,no,False
103033799,METROPOLITAN NASHVILLE POLICE DEPT,20210379247,Davidson,Nashville,7/14/2021 4:18:00 PM,2,0,0,36.131460,-86.713970,MILLWOOD DR,,,,751.00,Feet,North,MURFREESBORO PKE,,,,0.00,N,Not at Intersection,N,"Driveway, Alley Access, etc",None,,,         ,Dontaveous,Eubanks,Clear,Angle,no,no,no,yes,no,False
103033801,METROPOLITAN NASHVILLE POLICE DEPT,20210379187,Davidson,Nashville,7/14/2021 5:48:00 PM,3,0,0,36.126700,-86.711090,EAST THOMPSON LN,,,,0.00,,,MURFREESBORO PKE,,,,0.00,Y,Four-Way,N,Intersection-Related,None,,,         ,Brian,Sherman,Clear,Front to Rear,no,no,no,no,no,False
103033804,METROPOLITAN NASHVILLE POLICE DEPT,20210379509,Davidson,Nashville,7/14/2021 9:17:00 PM,2,1,0,36.140590,-86.721930,I 40,,,,0.00,,,,,,,213.50,N,Not at Intersection,N,Non-Junction,None,,,         ,Evan,Grace,Clear,"Sideswipe, Same Direction",no,no,no,no,yes,False
103033851,METROPOLITAN NASHVILLE POLICE DEPT,20210379572,Davidson,Nashville,7/14/2021 10:17:00 PM,2,1,0,36.106230,-86.673050,DONELSON PKE,,,,0.00,,,MURFREESBORO PKE,,,,0.00,Y,Four-Way,N,Intersection-Related,None,,,         ,Beri,Scott,Clear,Front to Rear,no,no,no,no,yes,False
103033862,METROPOLITAN NASHVILLE POLICE DEPT,20210379553,Davidson,Nashville,7/14/2021 9:38:00 PM,1,0,0,36.184150,-86.754990,CLEVELAND ST,,,,151.00,Feet,West,W EASTLAND AV,,,,0.00,N,Not at Intersection,N,Non-Junction,None,,,         ,Trevor,Jones,,Not Collision with Motor Vehicle in Transport,no,no,no,yes,yes,False
103033876,METROPOLITAN NASHVILLE POLICE DEPT,20210379573,Davidson,Nashville,7/14/2021 12:00:00 AM,2,1,0,36.111440,-86.757980,THOMPSON LN,,,,8.00,Feet,East,KRAFT DR,,,,0.00,N,Not at Intersection,N,Non-Junction,None,,,         ,Kristopher,Sharpe,Clear,"Sideswipe, Same Direction",no,no,no,no,no,False
103033901,METROPOLITAN NASHVILLE POLICE DEPT,20210379686,Davidson,Not in City Limit,7/14/2021 7:00:00 PM,3,0,0,36.259460,-86.676950,TARY CT,,,,47.00,Feet,South,NOTTINGHAM DR,,,,0.00,N,Not at Intersection,N,Non-Junction,None,,,         ,John,Hoesli,Clear,Angle,no,no,no,yes,yes,False
103033902,METROPOLITAN NASHVILLE POLICE DEPT,20210379449,Davidson,Nashville,7/14/2021 4:56:00 PM,2,0,0,36.111900,-86.767110,POWELL AV,,,,157.00,Feet,South,THOMPSON LN,,,,0.00,N,Not at Intersection,N,Non-Junction,None,,,         ,Colin,Bleem,Clear,Front to Rear,no,no,no,no,yes,False
103033911,METROPOLITAN NASHVILLE POLICE DEPT,20210379621,Davidson,Madison,7/14/2021 9:27:00 PM,3,2,0,36.238810,-86.723860,GALLATIN PKES,,,,0.00,,,WALTON LN,,,,0.00,Y,Four-Way,Y,Intersection,None,,,         ,Reuben,Hewit,Clear,Angle,no,no,no,no,no,False
103033913,METROPOLITAN NASHVILLE POLICE DEPT,20210379758,Davidson,Nashville,7/15/2021 12:00:00 AM,1,0,0,36.227270,-86.810000,WHITES CREEK PKE,,,,1394.00,Feet,North,AUGUSTA DR,,,,0.00,N,Not at Intersection,N,Non-Junction,None,,,         ,David,Crisman,Clear,Unknown,no,no,no,no,yes,False
103033914,METROPOLITAN NASHVILLE POLICE DEPT,20210379790,Davidson,Nashville,7/15/2021 1:06:00 AM,2,0,0,36.151060,-86.770750,-- UNKNOWN RAMP/ROAD --,,,,0.00,Feet,East,I 40,,,,0.00,N,Not at Intersection,N,Non-Junction,None,,,         ,Tim,Le,Clear,Front to Rear,no,no,no,no,yes,False
103033927,METROPOLITAN NASHVILLE POLICE DEPT,20210379612,Davidson,Nashville,7/14/2021 10:54:00 PM,2,1,0,36.206430,-86.775680,W TRINITY LN,,,,45.00,Feet,East,I65 N ENT RAMP,,,,0.00,N,Not at Intersection,N,Non-Junction,None,,,         ,Spencer,Arroyo,,Front to Rear,no,no,no,no,no,False
103033930,METROPOLITAN NASHVILLE POLICE DEPT,20210379859,Davidson,Nashville,7/15/2021 2:13:00 AM,1,1,0,36.120380,-86.802500,I440 W EXT RAMP,,,,0.00,,,I 440,,,,0.00,Y,OTHER,Y,Entrance/Exit Ramp Related,None,,,         ,Taylor,Hurley,Clear,Not Collision with Motor Vehicle in Transport,no,no,no,no,no,False
103033993,METROPOLITAN NASHVILLE POLICE DEPT,20210379999,Davidson,Nashville,7/15/2021 4:58:00 AM,1,1,0,36.105480,-86.717620,I 24,,,,0.00,,,,,,,54.05,N,Not at Intersection,N,Non-Junction,Maintenance Zone,Work On Shoulder Or Median,Unknown,         ,Autumn,Manning,Clear,Not Collision with Motor Vehicle in Transport,no,no,no,no,no,False
103034039,METROPOLITAN NASHVILLE POLICE DEPT,20210380075,Davidson,Nashville,7/15/2021 6:40:00 AM,2,0,0,36.044950,-86.659750,I24 E ENT RAMP,,,,0.00,,,I 24,,,,0.00,Y,Four-Way,Y,Intersection,None,,,         ,Darrin,Hardin,Clear,Angle,no,no,no,no,no,False
103034043,METROPOLITAN NASHVILLE POLICE DEPT,20210380057,Davidson,Nashville,7/15/2021 6:10:00 AM,3,3,0,36.073600,-86.692270,I 24,,,,0.00,,,,,,,56.70,N,Not at Intersection,N,Non-Junction,None,,,         ,Dillon,Gann,Clear,Front to Rear,no,no,no,no,no,False
103034044,METROPOLITAN NASHVILLE POLICE DEPT,20210380127,Davidson,Nashville,7/15/2021 7:23:00 AM,1,1,0,36.239640,-86.743480,BRILEY PKWY W ENT RAMP,,,,198.00,Feet,East,BRILEY PKWYW,,,,0.00,N,Not at Intersection,N,Non-Junction,None,,,         ,Christopher,Littles,Clear,Not Collision with Motor Vehicle in Transport,no,no,no,no,no,False
103034054,METROPOLITAN NASHVILLE POLICE DEPT,20210380101,Davidson,Nashville,7/15/2021 7:09:00 AM,1,0,0,36.159610,-86.821520,I440 W EXT RAMP,,,,0.00,,,I 40,,,,0.00,Y,OTHER,Y,Entrance/Exit Ramp Related,None,,,         ,Jarram,Plastow,Clear,Not Collision with Motor Vehicle in Transport,no,no,no,no,no,False
103034057,METROPOLITAN NASHVILLE POLICE DEPT,20210380179,Davidson,Nashville,7/15/2021 7:59:00 AM,2,1,0,36.103070,-86.666210,MURFREESBORO PKE,,,,0.00,,,TOWN PARK DR,,,,0.00,Y,T-Intersection,N,Intersection,None,,,         ,Joe,Hooper,Clear,Angle,no,no,no,no,no,False
103034074,METROPOLITAN NASHVILLE POLICE DEPT,20210380185,Davidson,Nashville,7/15/2021 8:03:00 AM,2,1,0,36.169220,-86.681050,LEBANON PKE,,,,344.00,Feet,West,MCGAVOCK PKE,,,,0.00,N,Not at Intersection,N,Non-Junction,None,,,         ,Michael,Dance,Clear,"Sideswipe, Same Direction",no,no,no,no,yes,False
103034087,METROPOLITAN NASHVILLE POLICE DEPT,20210380150,Davidson,Nashville,7/15/2021 7:46:00 AM,2,0,0,36.222620,-86.837950,CLARKSVILLE PKE,,,,389.00,Feet,North,FAIRMEADE DR,,,,0.00,N,Not at Intersection,N,Non-Junction,Construction Zone,Intermittent Moving Work,Activity Area,         ,James,Wray,Clear,Front to Rear,no,no,no,no,no,False
103034088,METROPOLITAN NASHVILLE POLICE DEPT,20210380218,Davidson,Nashville,7/15/2021 8:15:00 AM,2,0,0,36.070940,-86.635150,MURFREESBORO PKE,,,,456.00,Feet,South,BELL RD,,,,0.00,N,Not at Intersection,N,Non-Junction,None,,,         ,Darrin,Hardin,Clear,Angle,no,no,no,no,no,False
103034090,METROPOLITAN NASHVILLE POLICE DEPT,20210380171,Davidson,Nashville,7/15/2021 7:48:00 AM,2,0,0,36.093050,-86.652370,MURFREESBORO PKE,,,,335.00,Feet,South,OLD MURFREESBORO PKE,,,,0.00,N,Not at Intersection, ,Non-Junction,None,,,         ,Joe,Hooper,Clear,Front to Rear,no,no,no,no,no,False
103034096,METROPOLITAN NASHVILLE POLICE DEPT,20210380225,Davidson,Nashville,7/15/2021 7:41:00 AM,2,0,0,36.155850,-86.827100,I 40,,,,0.00,,,,,,,205.65,N,Not at Intersection,N,Entrance/Exit Ramp Related,None,,,         ,Nicholas,Smith,Clear,Angle,no,no,no,no,yes,False
103034111,METROPOLITAN NASHVILLE POLICE DEPT,20210380189,Davidson,Nashville,7/15/2021 8:04:00 AM,3,0,0,36.038470,-86.783450,OLD HICKORY BLVD,,,,0.00,,,I65 S EXT RAMP,,,,0.00,Y,OTHER,Y,OtherLocation,None,,,         ,Earl,Davis,Clear,"Sideswipe, Same Direction",no,no,no,no,yes,False
103034124,METROPOLITAN NASHVILLE POLICE DEPT,20210380313,Davidson,Nashville,7/15/2021 9:34:00 AM,2,0,0,36.080350,-86.723300,HARDING PL,,,,0.00,,,HARDING MALL DR,,,,0.00,Y,T-Intersection,N,Intersection,None,,,         ,Joe,Hooper,Clear,Angle,no,no,no,no,no,False
103034126,METROPOLITAN NASHVILLE POLICE DEPT,20210379011,Davidson,Nashville,7/14/2021 3:35:00 PM,2,0,0,36.165770,-86.764260,I 24,,,,0.00,,,,,,,49.00,N,Not at Intersection,N,Non-Junction,None,,,         ,Trent,Craig,Clear,Front to Rear,no,no,no,no,no,False
103034140,METROPOLITAN NASHVILLE POLICE DEPT,20210380188,Davidson,Nashville,7/15/2021 8:09:00 AM,4,0,0,36.124380,-86.740830,I 440,,,,0.00,,,GLENROSE AV,,,,0.00,,Not at Intersection, ,Non-Junction,None,,,         ,Stanley,Collins,Clear,Front to Rear,no,no,no,no,no,False
103034149,METROPOLITAN NASHVILLE POLICE DEPT,20210380324,Davidson,Nashville,7/15/2021 9:39:00 AM,2,6,0,36.243890,-86.756580,SKYLINE MEMORIAL CT,,,,0.00,,,DICKERSON PKE,,,,0.00,Y,Four-Way,N,Intersection,None,,,         ,Christopher,Littles,Clear,Front to Rear,no,no,no,no,yes,False
103034167,METROPOLITAN NASHVILLE POLICE DEPT,20210380273,Davidson,Nashville,7/15/2021 8:50:00 AM,2,0,0,36.159380,-86.780990,7TH AVS,,,,0.00,,,BROADWAY,,,,0.00,Y,Four-Way,N,Intersection,None,,,         ,Jason,King,Clear,Angle,no,no,no,no,no,False
103034174,METROPOLITAN NASHVILLE POLICE DEPT,20210380393,Davidson,Nashville,7/15/2021 10:21:00 AM,2,0,0,36.047470,-86.656030,BELL RD,,,,40.00,Feet,West,HICKORY HOLLOW PKWY,,,,0.00,N,Not at Intersection, ,Non-Junction,None,,,         ,Joe,Hooper,Clear,Front to Rear,no,no,no,no,no,False
103034204,METROPOLITAN NASHVILLE POLICE DEPT,20210380468,Davidson,Nashville,7/15/2021 10:52:00 AM,2,0,0,36.044940,-86.659760,I24 E EXT RAMP,,,,0.00,,,BELL RD,,,,0.00,Y,T-Intersection,N,Entrance/Exit Ramp Related,None,,,         ,Joe,Hooper,Clear,Front to Rear,no,no,no,no,yes,False
103034209,METROPOLITAN NASHVILLE POLICE DEPT,20210380099,Davidson,Nashville,7/15/2021 6:58:00 AM,3,0,0,36.142870,-86.707180,I 40,,,,0.00,,,,,,,214.35,N,Not at Intersection,N,Non-Junction,None,,,         ,Patrick,Lancaster,Clear,Front to Rear,no,no,no,no,no,False
103034217,METROPOLITAN NASHVILLE POLICE DEPT,20210380455,Davidson,Nashville,7/14/2021 7:30:00 PM,2,0,0,36.179570,-86.741530,N 16TH ST,,,,72.00,Feet,South,ORDWAY PL,,,,0.00,N,Not at Intersection,N,Non-Junction,None,,,         ,Dylan,Motes,Clear,"Sideswipe, Same Direction",no,no,no,no,yes,False
103034235,METROPOLITAN NASHVILLE POLICE DEPT,20210380349,Davidson,Nashville,7/15/2021 9:45:00 AM,2,0,0,36.117730,-86.702120,BRILEY PKWY S ENT RAMP,,,,0.00,,,BRILEY PKWYS,,,,0.00,Y,Y-Intersection, ,Non-Junction,None,,,         ,Martin,Brown,Clear,"Sideswipe, Same Direction",no,no,no,no,no,False
103034239,METROPOLITAN NASHVILLE POLICE DEPT,20210380567,Davidson,Nashville,7/15/2021 11:08:00 AM,2,1,0,36.119030,-86.726500,I 24,,,,0.00,,,,,,,53.00,N,Not at Intersection,N,Non-Junction,None,,,         ,Joe,Hooper,Clear,"Sideswipe, Same Direction",no,no,no,no,yes,False
103034254,METROPOLITAN NASHVILLE POLICE DEPT,20210380565,Davidson,Nashville,7/15/2021 12:07:00 PM,2,3,0,36.167010,-86.599220,OLD HICKORY BLVD,,,,84.00,Feet,North,CROSSHILL WAY,,,,0.00,N,Not at Intersection,N,Non-Junction,None,,,         ,Rex,Engelbert,Clear,Front to Rear,no,no,no,no,no,False