master_record_number,agency,agency_tracking_number,county,city,collision_date,vehicles_involved,number_injured,number_dead,latitude,longitude,roadway_name,roadway_suffix,roadway_number,roadway_local_id,distance_from_reference,miles-feet_indicator,direction_from_reference,intersection_road_name,intersection_road_name_suffix,intersection_road_number,intersection_local_id,mile_marker,intersection_indicator,intersect_type,interchange_related_indicator,relation_to_junction,work_zone_type,construction_maintenance_zone,construction_maintenance_zone_location,fatal_case_number,officer_first_name,officer_last_name,weather_condition(s),manner_of_crash,pedestrian,bicycle,scooter,parking,hitrun,mou
103036044,METROPOLITAN NASHVILLE POLICE DEPT,20210383378,Davidson,Nashville,7/17/2021 12:30:00 AM,2,0,0,36.165250,-86.800830,HERMAN ST,,,,139.00,Feet,East,BLANK ST,,,,0.00,N,Not at Intersection,N,Non-Junction,None,,,         ,Christopher,Royer,Clear,"Sideswipe, Same Direction",no,no,no,no,yes,False
103036053,METROPOLITAN NASHVILLE POLICE DEPT,20210383501,Davidson,Not in City Limit,7/17/2021 3:00:00 AM,1,0,0,36.272620,-86.736070,I 65,,,,0.00,,,,,,,92.80,N,Not at Intersection,N,Non-Junction,None,,,         ,Alexander,Hartle,Clear,Not Collision with Motor Vehicle in Transport,no,no,no,no,no,False
103036054,METROPOLITAN NASHVILLE POLICE DEPT,20210383333,Davidson,Nashville,7/17/2021 12:00:00 AM,2,1,0,36.235050,-86.714660,BRILEY PKWYW,,,,127.00,Feet,East,BRUSH HILL RD,,,,0.00,N,Not at Intersection,N,Non-Junction,None,,,         ,Amanda,Topping,Clear,Front to Rear,no,no,no,no,no,False
103036068,METROPOLITAN NASHVILLE POLICE DEPT,20210383528,Davidson,Nashville,7/17/2021 12:00:00 AM,1,0,0,36.232240,-86.832490,CLARKSVILLE PKE,,,,649.00,Feet,North,CLARKSVILLE PKE SB EXT RAMP,,,,0.00,N,Not at Intersection,N,Unknown,None,,,         ,Jacob,Ross,Clear,Unknown,no,no,no,no,yes,False
103036073,METROPOLITAN NASHVILLE POLICE DEPT,20210383559,Davidson,Antioch,7/17/2021 4:20:00 AM,1,0,0,36.023650,-86.664570,PETTUS RD,,,,561.00,Feet,South,PRESTON RD,,,,0.00,N,Not at Intersection,N,Non-Junction,None,,,         ,Jacob,Snyder,Cloudy,Not Collision with Motor Vehicle in Transport,no,no,no,no,no,False
103036091,METROPOLITAN NASHVILLE POLICE DEPT,20210383546,Davidson,Nashville,7/17/2021 3:00:00 AM,2,0,0,36.163030,-86.780090,5TH AVN,,,,58.00,Feet,South,CHURCH ST,,,,0.00,N,Not at Intersection,N,Non-Junction,None,,,         ,Spencer,Arroyo,Clear,Angle,no,no,no,no,yes,False
103036093,METROPOLITAN NASHVILLE POLICE DEPT,20210383548,Davidson,Antioch,7/17/2021 3:55:00 AM,2,0,0,36.018200,-86.664400,PETTUS RD,,,,1080.00,Feet,North,SUNDOWN DR,,,,0.00,N,Not at Intersection,N,Non-Junction,None,,,         ,Jacob,Snyder,Cloudy,Not Collision with Motor Vehicle in Transport,no,no,no,no,no,False
103036097,METROPOLITAN NASHVILLE POLICE DEPT,20210383508,Davidson,Nashville,7/17/2021 12:00:00 AM,2,0,0,36.160470,-86.790790,12TH AVN,,,,501.00,Feet,South,CHARLOTTE AV,,,,0.00,N,Not at Intersection,N,Non-Junction,None,,,         ,Maximillian,Goldberg,Clear,Unknown,no,no,no,no,yes,False
103036100,METROPOLITAN NASHVILLE POLICE DEPT,20210383542,Davidson,Nashville,7/17/2021 3:54:00 AM,1,1,0,36.205570,-86.771140,LUCAS LN,,,,187.00,Feet,South,W TRINITY LN,,,,0.00,N,Not at Intersection,N,Non-Junction,None,,,         ,Alexander,Donald,Cloudy,Not Collision with Motor Vehicle in Transport,yes,no,no,no,yes,False
103036111,METROPOLITAN NASHVILLE POLICE DEPT,20210383248,Davidson,Nashville,7/16/2021 12:00:00 AM,2,0,0,36.045430,-86.703610,OLD HICKORY BLVD,,,,0.00,,,EULALA DR,,,,0.00,Y,Four-Way,Y,Intersection,None,,,         ,McKenzie,Harper,Clear,Angle,no,no,no,no,no,False
103036167,METROPOLITAN NASHVILLE POLICE DEPT,20210383633,Davidson,Nashville,7/17/2021 6:48:00 AM,2,1,0,36.135230,-86.724350,I24 W EXT RAMP,,,,0.00,Feet,,MURFREESBORO PKE,,,,0.00,Y,Four-Way,Y,Non-Junction,None,,,         ,Neil,Wolfe,Clear,Angle,no,no,no,no,no,False
103036169,METROPOLITAN NASHVILLE POLICE DEPT,20210383744,Davidson,Nashville,7/17/2021 12:00:00 AM,1,0,0,36.109460,-86.748720,HARLIN DR,,,,446.00,Feet,West,LOUISE DR,,,,0.00,N,Not at Intersection,N,Non-Junction,None,,,         ,Jackson,Smythe,Unknown,Not Collision with Motor Vehicle in Transport,no,no,no,yes,yes,False
103036176,METROPOLITAN NASHVILLE POLICE DEPT,20210383734,Davidson,Nashville,7/17/2021 9:11:00 AM,2,1,0,36.072330,-86.636020,BELL RD,,,,175.00,Feet,North,MURFREESBORO PKE,,,,0.00,N,Not at Intersection,N,Non-Junction,None,,,         ,Jason,Hees,Cloudy,Angle,no,no,no,no,no,False
103036198,VANDERBILT UNIVERSITY POLICE,20210380684,Davidson,Nashville,7/15/2021 1:23:00 PM,2,0,0,36.141850,-86.801340,MEDICAL CENTER DR,,,,369.00,Feet,North,21ST AVS,,,,0.00,N,Not at Intersection, ,,None,,,         ,Harlan,Jones,,,no,no,no,yes,no,Campus
103036210,METROPOLITAN NASHVILLE POLICE DEPT,20210383788,Davidson,Nashville,7/17/2021 10:00:00 AM,2,0,0,36.204670,-86.749680,ELLINGTON PKWY N ENT RAMP,,,,0.00,,,E TRINITY LN,,,,0.00,Y,Four-Way, ,Intersection,None,,,         ,Brandon,Evans,Cloudy,Angle,no,no,no,no,no,False
103036213,METROPOLITAN NASHVILLE POLICE DEPT,20210383845,Davidson,Nashville,7/17/2021 11:20:00 AM,2,2,0,36.227490,-86.597540,SAUNDERSVILLE RD,,,,196.00,Feet,North,WYNTERGRACE FARM RD,,,,0.00,N,Not at Intersection,N,Non-Junction,None,,,         ,Ian,Wilson,Clear,Front to Rear,no,no,no,no,no,False
103036218,METROPOLITAN NASHVILLE POLICE DEPT,20210383761,Davidson,Nashville,7/17/2021 9:45:00 AM,1,1,0,36.169890,-86.809730,21ST AVN,,,,44.00,Feet,West,SCOVEL ST,,,,0.00,N,Not at Intersection,N,Non-Junction,None,,,         ,Pamela,Caulder,Cloudy,Not Collision with Motor Vehicle in Transport,no,no,no,no,no,False
103036222,METROPOLITAN NASHVILLE POLICE DEPT,20210383801,Davidson,Nashville,7/17/2021 10:25:00 AM,1,0,0,36.211150,-86.710490,RIVERWOOD DR,,,,72.00,Feet,East,OLGA AV,,,,0.00,N,Not at Intersection,N,Non-Junction,None,,,         ,Nicholas,Cochran,Cloudy,Not Collision with Motor Vehicle in Transport,no,no,no,no,no,False
103036245,METROPOLITAN NASHVILLE POLICE DEPT,20210383695,Davidson,Nashville,7/17/2021 8:10:00 AM,2,3,0,36.109810,-86.733270,THOMPSON LN,,,,75.00,Feet,East,TUGGLE AV,,,,0.00,N,Not at Intersection,N,Non-Junction,None,,,         ,James,Thomas,Cloudy,Angle,no,no,no,no,no,False
103036249,METROPOLITAN NASHVILLE POLICE DEPT,20210383910,Davidson,Nashville,7/17/2021 12:00:00 AM,1,0,0,36.247500,-86.714220,DUE WEST AVE,,,,135.00,Feet,West,MILLIKEN BEND RD,,,,0.00,N,Not at Intersection, ,,None,,,         ,Chase,Carter,,,no,no,no,no,no,False
103036255,METROPOLITAN NASHVILLE POLICE DEPT,20210383897,Davidson,Nashville,7/17/2021 12:04:00 PM,2,0,0,36.069790,-86.695880,HAYWOOD LN,,,,0.00,,,KEELEY DR,,,,0.00,Y,T-Intersection, ,Intersection,None,,,         ,Marcus,Darden,Clear,Angle,no,no,no,no,no,False
103036274,METROPOLITAN NASHVILLE POLICE DEPT,20210383920,Davidson,Not in City Limit,7/17/2021 12:30:00 PM,2,0,0,36.263070,-86.700610,E OLD HICKORY BLVD,,,,67.00,Feet,West,EAST MAPLE SUITES PVTDR,,,,0.00,N,Not at Intersection, ,Non-Junction,None,,,         ,Eric,Richardson,Cloudy,Front to Rear,no,no,no,no,no,False
103036294,METROPOLITAN NASHVILLE POLICE DEPT,20210383885,Davidson,Nashville,7/17/2021 10:38:00 AM,2,0,0,36.152240,-86.625070,BLACKWOOD DR,,,,0.00,,,STEWARTS FERRY PKE,,,,0.00,Y,Four-Way,N,Intersection-Related,None,,,         ,MIchael,Mihajlov,Clear,Angle,no,no,no,no,no,False
103036295,METROPOLITAN NASHVILLE POLICE DEPT,20210383900,Davidson,Nashville,7/17/2021 12:19:00 PM,3,0,0,36.191760,-86.783080,I 65,,,,0.00,,,,,,,86.15,N,Not at Intersection, ,OtherLocation,None,,,         ,Harold,Wells,Clear,Front to Rear,no,no,no,no,no,False
103036307,METROPOLITAN NASHVILLE POLICE DEPT,20210383879,Davidson,Not in City Limit,7/17/2021 11:55:00 AM,1,1,0,36.051570,-86.998680,POPLAR CREEK RD,,,,1884.00,Feet,East,RUSSELL RD,,,,0.00,N,Not at Intersection,N,Non-Junction,None,,,         ,Gerry,Hutcheson,Clear,Not Collision with Motor Vehicle in Transport,no,no,no,no,no,False
103036308,METROPOLITAN NASHVILLE POLICE DEPT,20210383850,Davidson,Nashville,7/17/2021 11:24:00 AM,2,2,0,36.221690,-86.761650,HART LN,,,,7.00,Feet,East,DICKERSON PKE,,,,0.00,N,Not at Intersection,N,Non-Junction,None,,,         ,Steven,Meador,Clear,Angle,no,no,no,no,no,False
103036309,METROPOLITAN NASHVILLE POLICE DEPT,20210383914,Davidson,Nashville,7/17/2021 12:33:00 PM,3,0,0,36.166630,-86.764780,SHELBY AV,,,,16.00,Feet,South,I24 W ENT RAMP,,,,0.00,N,Not at Intersection,N,Non-Junction,None,,,         ,Matthew,Cammarn,Clear,Front to Rear,no,no,no,no,yes,False
103036310,METROPOLITAN NASHVILLE POLICE DEPT,20210383927,Davidson,Nashville,7/17/2021 11:05:00 AM,1,0,0,36.172020,-86.721460,BARCLAY DR,,,,400.00,Feet,South,HODY DR,,,,0.00,N,Not at Intersection,N,Non-Junction,None,,,         ,Nicholas,Cochran,Clear,Not Collision with Motor Vehicle in Transport,no,no,no,no,no,False
103036363,METROPOLITAN NASHVILLE POLICE DEPT,20210383935,Davidson,Nashville,7/17/2021 12:51:00 PM,2,0,0,36.083400,-86.708240,HARDING PL,,,,745.00,Feet,West,LINBAR DR,,,,0.00,N,Not at Intersection, ,Non-Junction,None,,,         ,Jason,Hees,Clear,Front to Rear,no,no,no,no,yes,False
103036368,METROPOLITAN NASHVILLE POLICE DEPT,20210383967,Davidson,Nashville,7/17/2021 1:40:00 PM,2,0,0,36.178520,-86.774410,N 1ST ST,,,,123.00,Feet,South,I24 E EXT RAMP,,,,0.00,N,Not at Intersection,N,Non-Junction,None,,,         ,Brandon,Evans,Clear,Front to Rear,no,no,no,no,no,False
103036387,METROPOLITAN NASHVILLE POLICE DEPT,20210383997,Davidson,Nashville,7/17/2021 11:35:00 AM,2,0,0,36.089570,-86.638940,NASHBORO BLVD PVTDR,,,,66.00,Feet,South,NASHBORO BLVD,,,,0.00,N,Not at Intersection,N,Non-Junction,None,,,         ,Wesley,Tilley,Clear,Front to Rear,no,no,no,no,no,False
103036405,METROPOLITAN NASHVILLE POLICE DEPT,20210383963,Davidson,Nashville,7/17/2021 1:32:00 PM,3,0,0,36.083060,-86.709300,HARDING PL,,,,327.00,Feet,South,LARGO DR,,,,0.00,N,Not at Intersection,N,Non-Junction,None,,,         ,Rachael,Robinson,Cloudy,Front to Rear,no,no,no,no,no,False
103036439,GOODLETTSVILLE POLICE DEPT,21-19589,Davidson,Goodlettsville,7/17/2021 3:07:00 PM,2,0,0,36.303950,-86.708060,I 65,,,,0.00,,,,,,,95.45,N,Not at Intersection, ,Non-Junction,None,,,         ,Brian,Hajdu,Cloudy,Front to Rear,no,no,no,no,no,False
103036442,METROPOLITAN NASHVILLE POLICE DEPT,20210384030,Davidson,Nashville,7/17/2021 2:59:00 PM,2,0,0,36.096050,-86.707930,I 24,,,,0.00,,,,,,,54.90,N,Not at Intersection,N,Non-Junction,None,,,         ,Taylor,Blackwelder,Clear,"Sideswipe, Same Direction",no,no,no,no,yes,False
103036445,METROPOLITAN NASHVILLE POLICE DEPT,20210384048,Davidson,Nashville,7/17/2021 2:45:00 PM,2,0,0,36.194140,-86.753100,ELLINGTON PKWY S EXT RAMP,,,,0.00,Feet,East,ELLINGTON PKWYS,,,,0.00,N,Not at Intersection,N,Non-Junction,None,,,         ,Jason,Milyaro Lucas,Clear,Front to Rear,no,no,no,no,no,False
103036448,METROPOLITAN NASHVILLE POLICE DEPT,20210384078,Davidson,Nashville,7/17/2021 3:41:00 PM,2,0,0,36.167020,-86.763760,I24 W ENT RAMP,,,,0.00,,,I 24,,,,0.00,Y,Four-Way, ,Intersection-Related,None,,,         ,Adam,Warren,Clear,Angle,no,no,no,no,no,False
103036456,VANDERBILT UNIVERSITY POLICE,20210379009,Davidson,Nashville,7/14/2021 3:30:00 PM,2,0,0,36.137890,-86.803400,BLAKEMORE AV,,,,86.00,Feet,West,23RD AVS,,,,0.00,N,Not at Intersection, ,Non-Junction,None,,,         ,Frank,Marsua,,Rear to Side,no,no,no,yes,no,Campus
103036500,METROPOLITAN NASHVILLE POLICE DEPT,20210384066,Davidson,Nashville,7/17/2021 3:32:00 PM,2,0,0,36.040530,-86.771080,VALLEY VIEW RD,,,,23.00,Feet,South,SEVEN SPRINGS WAY PVTDR,,,,0.00,N,Not at Intersection,N,Non-Junction,None,,,         ,Edin,Plancic,Clear,Front to Rear,no,no,no,no,no,False
103036519,METROPOLITAN NASHVILLE POLICE DEPT,20210384157,Davidson,Nashville,7/17/2021 4:55:00 PM,1,0,0,36.154560,-86.792210,BROADWAY,,,,229.00,Feet,East,16TH AVS,,,,0.00,N,Not at Intersection,N,OtherLocation,None,,,         ,Jacob,Robbins,Cloudy,Not Collision with Motor Vehicle in Transport,no,no,no,no,yes,False
103036530,METROPOLITAN NASHVILLE POLICE DEPT,20210384036,Davidson,Nashville,7/17/2021 1:45:00 PM,2,0,0,36.231510,-86.780150,EWING DR,,,,402.00,Feet,East,BRICK CHURCH PKE,,,,0.00,N,Not at Intersection,N,Non-Junction,None,,,         ,Brandon,Lopez,Clear,Angle,no,no,no,yes,yes,False
103036546,METROPOLITAN NASHVILLE POLICE DEPT,20210384211,Davidson,Nashville,7/17/2021 5:50:00 PM,2,1,0,36.148940,-86.804370,WEST END AV,,,,63.00,Feet,East,23RD AVN,,,,0.00,N,Not at Intersection,N,Non-Junction,None,,,         ,Cory,Stratton,Clear,Front to Rear,no,no,no,no,no,Campus
103036552,METROPOLITAN NASHVILLE POLICE DEPT,20210384005,Davidson,Nashville,7/17/2021 2:38:00 PM,3,1,0,36.143270,-86.704020,I 40,,,,0.00,,,,,,,214.50,N,Not at Intersection,N,Non-Junction,None,,,         ,Crockett,Bruce,Clear,Front to Rear,no,no,no,no,no,False
103036558,METROPOLITAN NASHVILLE POLICE DEPT,20210384134,Davidson,Nashville,7/17/2021 12:00:00 AM,2,5,0,36.232500,-86.772190,BRICKDALE LN,,,,484.00,Feet,North,CREEKWOOD DR,,,,0.00,N,Not at Intersection,N,Non-Junction,None,,,         ,Vincent,McCrary,Clear,HeadOn,no,no,no,no,no,False
103036575,METROPOLITAN NASHVILLE POLICE DEPT,20210384243,Davidson,Not in City Limit,7/17/2021 6:10:00 PM,2,0,0,36.265660,-86.741580,PORT DR,,,,134.00,Feet,South,OLD HICKORY BLVDW,,,,0.00,N,Not at Intersection,N,Non-Junction,None,,,         ,Vincent,McCrary,Clear,HeadOn,no,no,no,no,no,False
103036596,METROPOLITAN NASHVILLE POLICE DEPT,20210384242,Davidson,Nashville,7/17/2021 5:55:00 PM,3,0,0,36.241970,-86.757200,BRILEY PKWY W ENT RAMP,,,,0.00,Feet,East,DICKERSON PKE ENT RAMP,,,,0.00,N,Not at Intersection, ,Non-Junction,None,,,         ,David,Harms,Clear,Front to Rear,no,no,no,no,no,False
103036604,METROPOLITAN NASHVILLE POLICE DEPT,20210384315,Davidson,Nashville,7/17/2021 7:27:00 PM,1,2,0,36.140830,-86.659250,I 40,,,,0.00,,,,,,,217.00,N,Not at Intersection,N,Non-Junction,None,,,         ,Mary,Robinson,Rain,Not Collision with Motor Vehicle in Transport,no,no,no,no,no,False
103036610,VANDERBILT UNIVERSITY POLICE,2021-0384359,Davidson,Nashville,7/17/2021 7:48:00 PM,1,0,0,36.142160,-86.801110,MEDICAL CENTER DR,,,,0.00,,,,,,,0.00,,, ,,Construction Zone,,,         ,Dontrell,Weakley,,,no,no,no,yes,no,Campus
103036612,METROPOLITAN NASHVILLE POLICE DEPT,20210384295,Davidson,Nashville,7/17/2021 7:09:00 PM,3,0,0,36.167450,-86.765480,I 24,,,,0.00,,,,,,,48.90,N,Not at Intersection,N,Non-Junction,None,,,         ,Roy,Sain Jr.,Clear,Front to Rear,no,no,no,no,yes,False
103036625,METROPOLITAN NASHVILLE POLICE DEPT,20210384420,Davidson,Nashville,7/17/2021 8:32:00 PM,1,0,0,36.144600,-86.859700,MAUDINA AV,,,,0.00,,,OCEOLA AV,,,,0.00,,Not at Intersection,N,Non-Junction,None,,,         ,Jared,Dick,Clear,Not Collision with Motor Vehicle in Transport,no,no,no,no,yes,False
103036626,METROPOLITAN NASHVILLE POLICE DEPT,20210384094,Davidson,Nashville,7/17/2021 4:03:00 PM,2,1,0,36.157180,-86.826280,INDIANA AV,,,,0.00,,,34TH AVN,,,,0.00,Y,T-Intersection,N,Intersection,None,,,         ,Matthew,Mrowiec,Clear,Angle,no,no,no,no,yes,False
103036648,METROPOLITAN NASHVILLE POLICE DEPT,20210384145,Davidson,Nashville,7/17/2021 4:40:00 PM,2,0,0,36.060310,-86.716450,NOLENSVILLE PKE,,,,367.00,Feet,South,MCMURRAY DR,,,,0.00,N,Not at Intersection, ,Non-Junction,None,,,         ,Keith,Parlato,Clear,Angle,no,no,no,yes,no,False
103036679,METROPOLITAN NASHVILLE POLICE DEPT,20210384437,Davidson,Nashville,7/17/2021 8:30:00 PM,2,0,0,36.160530,-86.820240,29TH AVN,,,,125.00,Feet,North,BOOKER ST,,,,0.00,N,Not at Intersection,N,Non-Junction,None,,,         ,Michael,Intrieri,Clear,Unknown,no,no,no,no,yes,False
103036681,METROPOLITAN NASHVILLE POLICE DEPT,20210384308,Davidson,Antioch,7/17/2021 7:16:00 PM,2,1,0,36.044570,-86.650830,CROSSINGS BLVD,,,,54.00,Feet,East,HICKORY HOLLOW PKWY,,,,0.00,N,Not at Intersection,N,Non-Junction,None,,,         ,Matthew,Swindell,Clear,Angle,no,no,no,no,yes,False
103036707,METROPOLITAN NASHVILLE POLICE DEPT,20210384374,Davidson,OTHER,7/17/2021 8:15:00 PM,2,1,0,36.035890,-86.611160,OLD HICKORY BLVD,,,,0.00,Feet,,HOBSON PKE,,,,0.00,Y,Four-Way,Y,Intersection-Related,None,,,         ,Garrett,Latham,Clear,Front to Rear,no,no,no,no,no,False
103036708,METROPOLITAN NASHVILLE POLICE DEPT,20210384471,Davidson,Nashville,7/17/2021 9:38:00 PM,2,0,0,36.106200,-86.718820,I 24,,,,0.00,,,,,,,54.00,N,Not at Intersection,N,Non-Junction,None,,,         ,YUNUS,ADAK,Clear,Angle,no,no,no,no,yes,False
103036728,METROPOLITAN NASHVILLE POLICE DEPT,20210384492,Davidson,Not in City Limit,7/17/2021 10:00:00 PM,1,1,0,36.259000,-86.738280,I 65,,,,0.00,,,,,,,91.85,N,Not at Intersection,N,Non-Junction,None,,,         ,Dylan,Bradley,Rain,Not Collision with Motor Vehicle in Transport,no,no,no,no,no,False
103036738,METROPOLITAN NASHVILLE POLICE DEPT,20210384533,Davidson,Nashville,7/17/2021 10:25:00 PM,2,0,0,36.176280,-86.779170,JEFFERSON ST,,,,250.00,Feet,West,OLDHAM ST PVTDR,,,,0.00,N,Not at Intersection,N,Non-Junction,None,,,         ,Eric,Jackson,Clear,Front to Rear,no,no,no,no,yes,False
103036739,METROPOLITAN NASHVILLE POLICE DEPT,20210384529,Davidson,Nashville,7/17/2021 10:43:00 PM,3,1,0,36.211560,-86.622780,OLD HICKORY BLVD,,,,330.00,Feet,South,RACHELS LN,,,,0.00,N,Not at Intersection,N,Non-Junction,None,,,         ,Jeffrey,Mullins,Rain,HeadOn,no,no,no,no,yes,False
103036741,METROPOLITAN NASHVILLE POLICE DEPT,20210384524,Davidson,Nashville,7/17/2021 10:10:00 PM,2,1,0,36.191020,-86.798950,VANTAGE WAY CT,,,,0.00,,,VANTAGE WAY,,,,0.00,Y,Four-Way,Y,Intersection,None,,,         ,Luke,Steigerwalt,Clear,Front to Rear,no,no,no,no,no,False
103036742,METROPOLITAN NASHVILLE POLICE DEPT,20210384412,Davidson,Goodlettsville,7/17/2021 8:49:00 PM,2,1,0,36.292310,-86.733910,DICKERSON PKES,,,,58.00,Feet,West,W CAMPBELL RD,,,,0.00,N,Not at Intersection,N,Non-Junction,None,,,         ,Miles,Posey,Cloudy,Angle,no,no,no,no,yes,False
103036758,METROPOLITAN NASHVILLE POLICE DEPT,20210384629,Davidson,Nashville,7/17/2021 12:00:00 AM,1,1,0,36.236100,-86.763180,I 65,,,,0.00,,,,,,,89.60,N,Not at Intersection,N,Non-Junction,None,,,         ,Jacob,Ross,Rain,Not Collision with Motor Vehicle in Transport,no,no,no,no,no,False
103036759,METROPOLITAN NASHVILLE POLICE DEPT,20210384536,Davidson,Goodlettsville,7/17/2021 10:34:00 PM,2,0,0,36.302750,-86.691850,RIVERGATE MARKETPLACE PVTDR,,,,0.00,,,GALLATIN PKEN,,,,0.00,Y,Four-Way,Y,Intersection-Related,None,,,         ,Miles,Posey,Rain,Angle,no,no,no,no,no,False
103036773,METROPOLITAN NASHVILLE POLICE DEPT,20210384605,Davidson,Nashville,7/17/2021 11:26:00 PM,2,0,0,36.015170,-86.620230,OLD HICKORY,BLVD,,,0.00,,,,,I24,,0.00,Y,Four-Way,Y,Entrance/Exit Ramp Related,None,,,         ,Kevin,Breeding,Clear,Angle,no,no,no,no,no,False
103036806,METROPOLITAN NASHVILLE POLICE DEPT,20210384606,Davidson,Nashville,7/17/2021 11:32:00 PM,2,0,0,36.145190,-86.784610,11TH AVS,,,,0.00,,,ARCHER ST,,,,0.00,Y,T-Intersection,N,Intersection,None,,,         ,Kelsey,Hicks,Clear,Angle,no,no,no,no,no,False
103036808,METROPOLITAN NASHVILLE POLICE DEPT,20210384616,Davidson,Nashville,7/17/2021 11:36:00 PM,2,0,0,36.203930,-86.741560,E TRINITY LN,,,,135.00,Feet,West,CASPER AV,,,,0.00,N,Not at Intersection, ,Non-Junction,None,,,         ,Spencer,Arroyo,Clear,Front to Rear,no,no,no,no,no,False
103036825,METROPOLITAN NASHVILLE POLICE DEPT,20210384535,Davidson,Nashville,7/17/2021 10:40:00 PM,2,0,0,36.159360,-86.772580,1ST AVS,,,,10.00,Feet,South,MOLLOY ST,,,,0.00,N,Not at Intersection, ,,None,,,         ,Peter,Kinsey,,,no,no,no,no,no,False
103036858,METROPOLITAN NASHVILLE POLICE DEPT,20210384952,Davidson,Nashville,7/18/2021 3:39:00 AM,2,2,0,36.085570,-86.701440,I24 E EXT RAMP,,,,0.00,,,I 24,,,,0.00,Y,Four-Way,N,Intersection,None,,,         ,Kaleigh,Pearce,Clear,Angle,no,no,no,no,no,False
103036878,METROPOLITAN NASHVILLE POLICE DEPT,20210384955,Davidson,Nashville,7/18/2021 3:31:00 AM,2,2,0,36.044630,-86.659490,I24 E ENT RAMP,,,,0.00,Feet,East,I 24,,,,0.00,N,Not at Intersection,N,Entrance/Exit Ramp Related,None,,,         ,Holly,Davis,Clear,Angle,no,no,no,no,no,False
103036892,METROPOLITAN NASHVILLE POLICE DEPT,20210384541,Davidson,Nashville,7/17/2021 10:14:00 PM,2,1,0,36.053660,-86.715020,NOLENSVILLE PKE,,,,0.00,,,BREWER DR,,,,0.00,Y,Four-Way,Y,Intersection,None,,,         ,James,Wells Jr.,Clear,Angle,no,no,no,no,no,False
103036908,BELLE MEADE POLICE DEPT,21-0144,Davidson,Nashville,7/17/2021 12:10:00 PM,2,0,0,36.125920,-86.846340,HARDING PKE,,,,40.00,Feet,East,KENNER AVN,,,,0.00,N,Not at Intersection,N,Non-Junction,None,,,         ,Wes,Bowker,Clear,Angle,no,no,no,no,no,False
103036924,METROPOLITAN NASHVILLE POLICE DEPT,20210385075,Davidson,Nashville,7/18/2021 5:44:00 AM,1,1,0,36.253190,-86.733840,S GRAYCROFT AV,,,,458.00,Feet,North,FAIROAKS DR,,,,0.00,N,Not at Intersection,N,Non-Junction,None,,,         ,Jonathon,Sheppard,,Not Collision with Motor Vehicle in Transport,no,no,no,no,no,False
103036970,METROPOLITAN NASHVILLE POLICE DEPT,20210385123,Davidson,Nashville,7/18/2021 7:43:00 AM,2,0,0,36.191630,-86.763600,LISCHEY AV,,,,46.00,Feet,South,RICHARDSON AV,,,,0.00,N,Not at Intersection,N,Non-Junction,None,,,         ,Brandon,Evans,Clear,"Sideswipe, Opposite Direction",no,no,no,no,yes,False
103036981,METROPOLITAN NASHVILLE POLICE DEPT,20210385144,Davidson,Nashville,7/18/2021 8:09:00 AM,1,1,0,36.217330,-86.737210,SAUNDERS AV,,,,277.00,Feet,North,SAUNDERS CT,,,,0.00,N,Not at Intersection,N,Non-Junction,None,,,         ,Brandon,Evans,Clear,Not Collision with Motor Vehicle in Transport,no,no,no,no,yes,False
103036987,METROPOLITAN NASHVILLE POLICE DEPT,20210385086,Davidson,Nashville,7/18/2021 6:53:00 AM,1,1,0,36.055220,-86.660200,HIGHLANDER DR,,,,184.00,Feet,North,MT VIEW RD,,,,0.00,N,Not at Intersection,N,Non-Junction,None,,,         ,Tyler,Heckaman,Cloudy,Not Collision with Motor Vehicle in Transport,no,no,no,no,no,False
103037021,METROPOLITAN NASHVILLE POLICE DEPT,20210385274,Davidson,Nashville,7/18/2021 11:09:00 AM,2,0,0,36.192880,-86.623830,JUAREZ DR,,,,0.00,Feet,West,LEBANON PKE,,,,0.00,N,Not at Intersection, ,,None,,,         ,Rex,Engelbert,,,no,no,no,no,no,False
103037038,METROPOLITAN NASHVILLE POLICE DEPT,20210385243,Davidson,Nashville,7/18/2021 10:26:00 AM,2,1,0,36.235710,-86.758240,DICKERSON PKE,,,,224.00,Feet,North,HOMESTEAD RD,,,,0.00,N,Not at Intersection,N,"Driveway, Alley Access, etc",None,,,         ,Matthew,Cammarn,Clear,Angle,no,no,no,no,no,False
103037046,METROPOLITAN NASHVILLE POLICE DEPT,20210385228,Davidson,Nashville,7/18/2021 9:58:00 AM,1,1,0,36.112300,-86.922600,I40 W EXT RAMP,,,,0.00,Feet,East,I 40,,,,0.00,N,Not at Intersection,N,Non-Junction,None,,,         ,Christopher,Alceus,Clear,Not Collision with Motor Vehicle in Transport,no,no,no,no,no,False
103037048,METROPOLITAN NASHVILLE POLICE DEPT,20210385316,Davidson,Nashville,7/18/2021 11:55:00 AM,2,1,0,36.176650,-86.773280,I24 E EXT RAMP,,,,0.00,Feet,East,I 24,,,,0.00,N,Not at Intersection,N,Entrance/Exit Ramp Related,None,,,         ,Hunter,Hodge,Clear,Front to Rear,no,no,no,no,no,False