master_record_number,agency,agency_tracking_number,county,city,collision_date,vehicles_involved,number_injured,number_dead,latitude,longitude,roadway_name,roadway_suffix,roadway_number,roadway_local_id,distance_from_reference,miles-feet_indicator,direction_from_reference,intersection_road_name,intersection_road_name_suffix,intersection_road_number,intersection_local_id,mile_marker,intersection_indicator,intersect_type,interchange_related_indicator,relation_to_junction,work_zone_type,construction_maintenance_zone,construction_maintenance_zone_location,fatal_case_number,officer_first_name,officer_last_name,weather_condition(s),manner_of_crash,pedestrian,bicycle,scooter,parking,hitrun,mou
103039571,METROPOLITAN NASHVILLE POLICE DEPT,20210389474,Davidson,Nashville,7/20/2021 10:34:00 PM,3,2,0,36.114690,-86.724670,I 24,,,,0.00,,,,,,,53.30,N,Not at Intersection,N,Non-Junction,None,,,         ,Beri,Scott,Clear,Front to Rear,no,no,no,no,no,False
103039574,METROPOLITAN NASHVILLE POLICE DEPT,20210390813,Davidson,Nashville,7/21/2021 12:00:00 AM,2,2,0,36.189210,-86.627860,LEBANON PKE,,,,560.00,Feet,East,HICKORY HILL LN,,,,0.00,N,Not at Intersection,N,Non-Junction,None,,,         ,Keenan,McCann,Clear,Angle,no,no,no,no,no,False
103039591,METROPOLITAN NASHVILLE POLICE DEPT,20210390969,Davidson,Nashville,7/21/2021 12:00:00 AM,2,0,0,36.047160,-86.648030,MT VIEW RD,,,,36.00,Feet,North,BELL FORGE LNE,,,,0.00,N,Not at Intersection,N,Non-Junction,None,,,         ,Luis,Pena,Clear,Unknown,no,no,no,yes,yes,False
103039592,METROPOLITAN NASHVILLE POLICE DEPT,20210390981,Davidson,Nashville,7/21/2021 5:10:00 PM,2,0,0,36.172160,-86.592660,CENTRAL PKE,,,,300.00,Feet,West,VALLEY GROVE DR,,,,0.00,N,Not at Intersection,N,Non-Junction,None,,,         ,Michael,Fox,Clear,Front to Rear,no,no,no,no,no,False
103039600,METROPOLITAN NASHVILLE POLICE DEPT,20210390708,Davidson,Nashville,7/21/2021 12:00:00 AM,2,0,0,36.160690,-86.783620,ROSA L PARKS BLVD,,,,0.00,,,,,,,0.00,,,N,Non-Junction,None,,,         ,Joel,Cottrill,Clear,Unknown,no,no,no,yes,yes,False
103039603,METROPOLITAN NASHVILLE POLICE DEPT,20210390858,Davidson,Nashville,7/21/2021 4:45:00 PM,3,1,0,36.171060,-86.764290,S 5TH ST,,,,89.00,Feet,North,RUSSELL ST,,,,0.00,N,Not at Intersection,N,Non-Junction,None,,,         ,Zachary,Aldrich,Clear,Front to Rear,no,no,no,no,no,False
103039609,METROPOLITAN NASHVILLE POLICE DEPT,20210391019,Davidson,Nashville,7/21/2021 4:59:00 PM,2,1,0,36.139990,-86.776110,I 65,,,,0.00,,,,,,,81.85,N,Not at Intersection,N,Non-Junction,None,,,         ,Brady,Reynolds,Clear,Front to Rear,no,no,no,no,no,False
103039611,METROPOLITAN NASHVILLE POLICE DEPT,20210390993,Davidson,Nashville,7/21/2021 5:51:00 PM,2,0,0,36.109450,-86.728050,BRILEY PKWYN,,,,0.00,,,BRILEY PKWYS,,,,0.00,Y,Four-Way,Y,Intersection,None,,,         ,Christopher,Cantrell,Clear,"Sideswipe, Same Direction",no,no,no,no,no,False
103039612,METROPOLITAN NASHVILLE POLICE DEPT,20210391010,Davidson,Nashville,7/21/2021 5:25:00 PM,2,1,0,36.090780,-86.711200,ECKHART DR,,,,0.00,,,JASMIN DR,,,,0.00,Y,Four-Way,N,Intersection,None,,,         ,Gary,Anderson,Clear,Angle,no,no,no,no,no,False
103039620,METROPOLITAN NASHVILLE POLICE DEPT,20210390874,Davidson,Nashville,7/21/2021 4:15:00 PM,3,0,0,36.164490,-86.794090,I 40,,,,0.00,,,,,,,208.55,N,Not at Intersection,N,Non-Junction,None,,,         ,John,Kelley,Clear,Front to Rear,no,no,no,no,no,False
103039621,METROPOLITAN NASHVILLE POLICE DEPT,20210391017,Davidson,Nashville,7/21/2021 5:00:00 PM,3,1,0,36.121310,-86.727250,I 24,,,,0.00,,,,,,,52.80,N,Not at Intersection,N,Non-Junction,None,,,         ,Timothy,Ward,Clear,Front to Rear,no,no,no,no,no,False
103039626,METROPOLITAN NASHVILLE POLICE DEPT,20210390983,Davidson,Nashville,7/21/2021 6:14:00 PM,3,1,0,36.073540,-86.637760,MURFREESBORO PKE,,,,430.00,Feet,South,RURAL HILL RD,,,,0.00,N,Not at Intersection,N,Non-Junction,None,,,         ,Nathaniel,Myers,Clear,Front to Rear,no,no,no,no,no,False
103039628,METROPOLITAN NASHVILLE POLICE DEPT,20210390797,Davidson,Nashville,7/21/2021 4:08:00 PM,2,0,0,36.156520,-86.774290,4TH AVS,,,,185.00,Feet,North,PEABODY ST,,,,0.00,N,Not at Intersection, ,Non-Junction,None,,,         ,Eric,Jackson,Clear,"Sideswipe, Same Direction",no,no,no,no,no,False
103039643,METROPOLITAN NASHVILLE POLICE DEPT,20210389122,Davidson,Nashville,7/20/2021 12:00:00 AM,1,0,0,36.086810,-86.730340,ELYSIAN FIELDS RD,,,,45.00,Feet,West,ELYSIAN FIELDS CT,,,,0.00,N,Not at Intersection,N,Non-Junction,None,,,         ,Zachary,Akers,Clear,Not Collision with Motor Vehicle in Transport,no,no,no,no,yes,False
103039654,METROPOLITAN NASHVILLE POLICE DEPT,20210390669,Davidson,Nashville,7/21/2021 2:58:00 PM,2,1,0,36.044790,-86.724870,ENCLAVE CIR,,,,0.00,,,OLD HICKORY BLVD,,,,0.00,Y,Four-Way,Y,Intersection-Related,None,,,         ,Zachary,Akers,Clear,Angle,no,no,no,no,no,False
103039661,METROPOLITAN NASHVILLE POLICE DEPT,20210391008,Davidson,Madison,7/21/2021 6:15:00 PM,2,0,0,36.248220,-86.723420,DUE WEST AVW,,,,50.00,Feet,East,GIBSON DR,,,,0.00,N,Not at Intersection,N,Non-Junction,None,,,         ,Jacob,Snyder,Cloudy,Angle,no,no,no,no,no,False
103039662,METROPOLITAN NASHVILLE POLICE DEPT,20210391159,Davidson,Nashville,7/21/2021 7:20:00 PM,2,0,0,36.088320,-86.690430,HARDING PL,,,,616.00,Feet,East,ANTIOCH PKE,,,,0.00,N,Not at Intersection,N,Non-Junction,None,,,         ,John,Walden,Clear,Rear to Side,no,no,no,no,yes,False
103039663,METROPOLITAN NASHVILLE POLICE DEPT,20210391160,Davidson,Nashville,7/21/2021 7:40:00 PM,2,0,0,36.044830,-86.662570,BELL RD,,,,310.00,Feet,West,CANE RIDGE RD,,,,0.00,N,Not at Intersection,N,Non-Junction,None,,,         ,Garrett,Latham,Clear,Angle,no,no,no,no,yes,False
103039672,METROPOLITAN NASHVILLE POLICE DEPT,20210391151,Davidson,Nashville,7/21/2021 7:15:00 PM,2,0,0,36.162910,-86.768700,S 1ST ST,,,,36.00,Feet,South,KOREAN VETERANS BLVD,,,,0.00,N,Not at Intersection,N,Non-Junction,None,,,         ,Seth,Quiles,Clear,Unknown,no,no,no,no,yes,False
103039683,METROPOLITAN NASHVILLE POLICE DEPT,20210390944,Davidson,Nashville,7/17/2021 11:00:00 AM,2,0,0,36.186340,-86.608920,ANDREW JACKSON PKWY,,,,218.00,Feet,South,JACKSON PASS,,,,0.00,N,Not at Intersection,N,Non-Junction,None,,,         ,Steven,Luckey,Clear,Rear to Side,no,no,no,no,yes,False
103039695,METROPOLITAN NASHVILLE POLICE DEPT,20210391235,Davidson,Nashville,7/21/2021 8:53:00 PM,1,0,0,36.155980,-86.824310,I40 E EXT RAMP,,,,0.00,Feet,East,I 40,,,,0.00,N,Not at Intersection,N,Entrance/Exit Ramp Related,None,,,         ,Jared,Dick,Clear,Not Collision with Motor Vehicle in Transport,no,no,no,no,no,False
103039732,METROPOLITAN NASHVILLE POLICE DEPT,20210391021,Davidson,Not in City Limit,7/21/2021 4:49:00 PM,2,0,0,36.324210,-86.867010,I 24,,,,0.00,,,,,,,35.00,N,Not at Intersection, ,Non-Junction,None,,,         ,Paxton,Montgomery,Clear,"Sideswipe, Same Direction",no,no,no,no,yes,False
103039748,METROPOLITAN NASHVILLE POLICE DEPT,20210391123,Davidson,Lakewood,7/21/2021 7:43:00 PM,2,2,0,36.239080,-86.630410,OLD HICKORY BLVD,,,,162.00,Feet,West,LAKESHORE DR,,,,0.00,N,Not at Intersection,N,Non-Junction,None,,,         ,Cheri,Cox,,HeadOn,no,no,no,no,no,False
103039758,METROPOLITAN NASHVILLE POLICE DEPT,20210391227,Davidson,Nashville,7/21/2021 8:45:00 PM,2,1,0,36.088430,-86.701990,I 24,,,,0.00,,,,,,,55.55,N,Not at Intersection,N,Non-Junction,None,,,         ,Steven,Begley,Clear,"Sideswipe, Same Direction",no,no,no,no,no,False
103039759,METROPOLITAN NASHVILLE POLICE DEPT,20210391268,Davidson,Nashville,7/21/2021 9:21:00 PM,3,1,0,36.124020,-86.740850,EVELYN DR,,,,186.00,Feet,West,MILLER ST,,,,0.00,N,Not at Intersection,N,Non-Junction,None,,,         ,Douglas,Sykes,Clear,"Sideswipe, Same Direction",no,no,no,no,yes,False
103039784,METROPOLITAN NASHVILLE POLICE DEPT,20210391344,Davidson,Nashville,7/21/2021 10:25:00 PM,1,0,0,36.141780,-86.884050,PREMIER DR,,,,113.00,Feet,North,ANNEX AV,,,,0.00,N,Not at Intersection,N,Non-Junction,None,,,         ,Eric,Westbrook,Clear,Not Collision with Motor Vehicle in Transport,no,no,no,no,yes,False
103039790,METROPOLITAN NASHVILLE POLICE DEPT,20210391250,Davidson,Nashville,7/21/2021 8:57:00 PM,2,0,0,36.153080,-86.857090,I40 W EXT RAMP,,,,0.00,,,I 40,,,,0.00,Y,OTHER,N,Entrance/Exit Ramp Related,None,,,         ,Torian,Cox,Clear,Angle,no,no,no,no,no,False
103039806,METROPOLITAN NASHVILLE POLICE DEPT,20210391520,Davidson,Nashville,7/22/2021 12:18:00 AM,1,1,0,36.043260,-86.762120,HEARTHSTONE LN,,,,246.00,Feet,South,TROUSDALE DR,,,,0.00,N,Not at Intersection,N,Non-Junction,None,,,         ,Sierra,Walker,Clear,Not Collision with Motor Vehicle in Transport,no,no,no,no,no,False
103039809,METROPOLITAN NASHVILLE POLICE DEPT,20210391483,Davidson,Nashville,7/21/2021 10:31:00 PM,2,0,0,36.089420,-86.702820,I 24,,,,0.00,,,,,,,55.40,N,Not at Intersection,N,Non-Junction,Construction Zone,Laneclosure,Activity Area,         ,Tyler,Lewis,,Front to Rear,no,no,no,no,yes,False
103039895,METROPOLITAN NASHVILLE POLICE DEPT,20210391815,Davidson,Nashville,7/22/2021 5:19:00 AM,2,0,0,36.126660,-86.636090,TIMBER VALLEY DR,,,,157.00,Feet,South,TIMBER PT,,,,0.00,N,Not at Intersection,N,Non-Junction,None,,,         ,Bridget,Griepentrog,Clear,Angle,no,no,no,no,yes,False
103039896,METROPOLITAN NASHVILLE POLICE DEPT,20210391788,Davidson,Nashville,7/22/2021 5:48:00 AM,2,0,0,36.153980,-86.840580,I 40,,,,0.00,,,,,,,204.85,N,Not at Intersection, ,Non-Junction,None,,,         ,Michael,Hones,Clear,Front to Rear,no,no,no,no,no,False
103039899,METROPOLITAN NASHVILLE POLICE DEPT,20210391834,Davidson,Not in City Limit,7/22/2021 5:36:00 AM,1,0,0,36.013810,-86.665150,PETTUS RD,,,,496.00,Feet,South,SUNDOWN DR,,,,0.00,N,Not at Intersection,N,Non-Junction,None,,,         ,Douglas,Meringer,Clear,Not Collision with Motor Vehicle in Transport,no,no,no,no,yes,False
103039902,METROPOLITAN NASHVILLE POLICE DEPT,20210391402,Davidson,Nashville,7/21/2021 8:42:00 PM,2,0,0,36.151280,-86.625210,BELL RD,,,,350.00,Feet,South,STEWARTS FERRY PKE,,,,0.00,N,Not at Intersection,Y,Non-Junction,None,,,         ,Bridget,Griepentrog,Clear,"Sideswipe, Same Direction",no,no,no,no,yes,False
103039913,METROPOLITAN NASHVILLE POLICE DEPT,20210391742,Davidson,Nashville,7/22/2021 3:37:00 AM,2,0,0,36.154100,-86.837190,I 40,,,,0.00,,,,,,,205.05,N,Not at Intersection, ,Non-Junction,Maintenance Zone,,,         ,Theodore,Meskers,Clear,Not Collision with Motor Vehicle in Transport,no,no,no,no,no,False
103039927,METROPOLITAN NASHVILLE POLICE DEPT,20210391877,Davidson,Nashville,7/22/2021 6:49:00 AM,2,1,0,36.223560,-86.774540,I 65,,,,0.00,,,,,,,88.50,N,Not at Intersection,N,Non-Junction,None,,,         ,William,Coy,Clear,Front to Rear,no,no,no,no,no,False
103039928,METROPOLITAN NASHVILLE POLICE DEPT,20210391831,Davidson,Nashville,7/22/2021 5:48:00 AM,2,2,0,36.103620,-86.666480,FAIRCLOTH LN,,,,0.00,,,OLD MURFREESBORO PKE,,,,0.00,Y,T-Intersection,N,Intersection,None,,,         ,Thomas,Vasquez,Clear,Angle,no,no,no,no,no,False
103039943,METROPOLITAN NASHVILLE POLICE DEPT,20210391879,Davidson,Nashville,7/22/2021 6:36:00 AM,3,1,0,36.108900,-86.724590,BRILEY PKWYN,,,,0.00,Feet,East,I24 E ENT RAMP,,,,0.00,N,Not at Intersection,N,Non-Junction,None,,,         ,Joe,Hooper,Clear,HeadOn,no,no,no,no,no,False
103039944,METROPOLITAN NASHVILLE POLICE DEPT,20210391872,Davidson,Nashville,7/22/2021 6:35:00 AM,2,0,0,36.095870,-86.655200,MURFREESBORO PKE,,,,163.00,Feet,East,SMITH SPRINGS RD,,,,0.00,N,Not at Intersection,N,Non-Junction,None,,,         ,Michael,Brooks,Cloudy,Front to Rear,no,no,no,no,yes,False
103039957,METROPOLITAN NASHVILLE POLICE DEPT,20210391929,Davidson,Nashville,7/22/2021 12:00:00 AM,2,0,0,36.159030,-86.797630,CHARLOTTE AV,,,,178.00,Feet,East,17TH AVN,,,,0.00,N,Not at Intersection, ,Non-Junction,None,,,         ,Julie,Nabors,Clear,Front to Rear,no,no,no,no,no,False
103039959,METROPOLITAN NASHVILLE POLICE DEPT,20210391992,Davidson,Nashville,7/22/2021 7:53:00 AM,2,0,0,36.125571,-86.733156,,,I440 W,,0.00,,,,,,,7.20,N,Not at Intersection,N,Non-Junction,None,,,         ,Joe,Hooper,Clear,Front to Rear,no,no,no,no,no,False
103039971,METROPOLITAN NASHVILLE POLICE DEPT,20210391948,Davidson,Nashville,7/22/2021 7:43:00 AM,2,0,0,36.069100,-86.690680,HAYWOOD LN,,,,0.00,,,I24 E ENT RAMP,,,,0.00,Y,OTHER,Y,Entrance/Exit Ramp Related,None,,,         ,Stanley,Collins,Clear,Angle,no,no,no,no,no,False
103039981,VANDERBILT UNIVERSITY POLICE,20210382543,Davidson,Nashville,7/16/2021 1:50:00 PM,2,0,0,36.109920,-86.764880,POWELL AV,,,,0.00,,,,,,,0.00,,,N,Non-Junction,None,,,         ,Fred,Oakley,Clear,Angle,no,no,no,yes,yes,OHO
103039987,METROPOLITAN NASHVILLE POLICE DEPT,20210391874,Davidson,Nashville,7/22/2021 6:44:00 AM,2,1,0,36.189530,-86.837690,COUNTY HOSPITAL RD,,,,0.00,,,HYDES FERRY RD,,,,0.00,Y,Four-Way,N,Intersection,None,,,         ,Tyler,Adcock,Cloudy,Angle,no,no,no,no,yes,False
103039994,METROPOLITAN NASHVILLE POLICE DEPT,20210392016,Davidson,Nashville,7/22/2021 8:25:00 AM,2,0,0,36.146740,-86.743790,RUNDLE AV,,,,8.00,Feet,West,FESSLERS LN,,,,0.00,N,Not at Intersection, ,Entrance/Exit Ramp Related,None,,,         ,Hunter,Hodge,Clear,"Sideswipe, Same Direction",no,no,no,no,no,False
103040000,METROPOLITAN NASHVILLE POLICE DEPT,20210388129,Davidson,Nashville,7/20/2021 7:10:00 AM,1,0,1,36.013210,-86.601620,J P HENNESSY DR,,,,2500.00,Feet,East,FIRESTONE PKWY,,,,0.00,N,Not at Intersection,N,Non-Junction,None,,,         ,Donald,Davidson,Clear,Not Collision with Motor Vehicle in Transport,no,no,no,no,no,False
103040011,Metro Park Police,2021-0392019,Davidson,Nashville,7/22/2021 8:30:00 AM,2,0,0,36.077880,-86.886260,HIGHWAY 100,,,,467.00,Feet,South,VAUGHNS GAP RD,,,,0.00,N,Not at Intersection, ,Non-Junction,None,,,         ,Michael,Sanders,Clear,Front to Rear,no,no,no,no,no,False
103040017,GOODLETTSVILLE POLICE DEPT,21-20150,Davidson,Goodlettsville,7/22/2021 7:30:00 AM,4,0,0,36.312257,-86.675378,VIETNAM VETERANS,BLVD,SR386,,1.00,Miles,East,CONFERENCE,DR,,,2.20,N,Not at Intersection,N,Non-Junction,None,,,         ,Brian,Hajdu,Clear,Front to Rear,no,no,no,no,no,False
103040025,METROPOLITAN NASHVILLE POLICE DEPT,20210392048,Davidson,Madison,7/22/2021 8:55:00 AM,2,2,0,36.263540,-86.711760,GALLATIN PKEN,,,,177.00,Feet,North,STATE RT 45,,,,0.00,N,Not at Intersection,N,Non-Junction,None,,,         ,Christopher,Littles,Clear,Front to Rear,no,no,no,no,no,False
103040026,METROPOLITAN NASHVILLE POLICE DEPT,20210392162,Davidson,Nashville,7/22/2021 10:12:00 AM,2,1,0,36.072730,-86.635890,BELL RD,,,,323.00,Feet,North,MURFREESBORO PKE,,,,0.00,N,Not at Intersection,N,Non-Junction,None,,,         ,Joe,Hooper,Clear,Angle,no,no,no,no,no,False
103040027,METROPOLITAN NASHVILLE POLICE DEPT,20210392111,Davidson,Nashville,7/22/2021 9:35:00 AM,2,0,0,36.124010,-86.707650,MURFREESBORO PKE,,,,67.00,Feet,North,VULTEE BLVD,,,,0.00,N,Not at Intersection,N,Non-Junction,None,,,         ,Charles,Wakefield,Clear,Front to Rear,no,no,no,no,no,False
103040043,METROPOLITAN NASHVILLE POLICE DEPT,20210392152,Davidson,Nashville,7/22/2021 10:00:00 AM,2,0,0,36.124750,-86.847960,HARDING PKE,,,,128.00,Feet,West,WHITE BRIDGE PKE,,,,0.00,N,Not at Intersection, ,Non-Junction,None,,,         ,Douglas,Atwood,Clear,"Sideswipe, Same Direction",no,no,no,no,no,False
103040044,METROPOLITAN NASHVILLE POLICE DEPT,20210392200,Davidson,Madison,7/22/2021 10:31:00 AM,2,1,0,36.264180,-86.735430,I65 N EXT RAMP,,,,0.00,,,OLD HICKORY BLVDW,,,,0.00,Y,T-Intersection,Y,Entrance/Exit Ramp Related,None,,,         ,Michelle,Steidl,Clear,Front to Rear,no,no,no,no,no,False
103040053,METROPOLITAN NASHVILLE POLICE DEPT,20210392274,Davidson,Nashville,7/22/2021 11:25:00 AM,1,0,0,36.038400,-86.647170,I 24,,,,0.00,,,,,,,60.20,N,Not at Intersection,N,Non-Junction,Construction Zone,Work On Shoulder Or Median,Activity Area,         ,Joe,Hooper,Clear,Not Collision with Motor Vehicle in Transport,no,no,no,no,no,False
103040072,METROPOLITAN NASHVILLE POLICE DEPT,20210392245,Davidson,Nashville,7/22/2021 11:07:00 AM,2,0,0,36.082170,-86.765930,I65 S ENT RAMP,,,,0.00,,,I 65,,,,0.00,Y,OTHER, ,Entrance/Exit Ramp Related,None,,,         ,Earl,Davis,Clear,Front to Rear,no,no,no,no,no,False
103040082,METROPOLITAN NASHVILLE POLICE DEPT,20210392337,Davidson,Nashville,7/22/2021 11:46:00 AM,2,0,0,36.119340,-86.726330,I 24,,,,0.00,,,,,,,53.00,N,Not at Intersection, ,Non-Junction,None,,,         ,Joe,Hooper,Clear,"Sideswipe, Same Direction",no,no,no,no,no,False
103040108,METROPOLITAN NASHVILLE POLICE DEPT,20210392312,Davidson,Nashville,7/22/2021 11:53:00 AM,2,0,0,36.164310,-86.793850,I 40,,,,0.00,,,,,,,208.50,N,Not at Intersection,N,Non-Junction,None,,,         ,Earl,Davis,Clear,Not Collision with Motor Vehicle in Transport,no,no,no,no,yes,False
103040151,METROPOLITAN NASHVILLE POLICE DEPT,20210392448,Davidson,Nashville,7/22/2021 1:22:00 PM,2,2,0,36.049980,-86.649500,BELL RD,,,,0.00,,,MT VIEW RD,,,,0.00,Y,Four-Way,N,Intersection,None,,,         ,Joe,Hooper,Clear,Angle,no,no,no,no,no,False
103040153,METROPOLITAN NASHVILLE POLICE DEPT,20210392453,Davidson,Madison,7/22/2021 1:23:00 PM,2,0,0,36.262300,-86.711470,E OLD HICKORY BLVD,,,,220.00,Feet,East,GALLATIN PKES,,,,0.00,N,Not at Intersection, ,,None,,,         ,Christopher,Littles,,,no,no,no,no,no,False
103040154,METROPOLITAN NASHVILLE POLICE DEPT,20210392248,Davidson,Nashville,7/22/2021 10:34:00 AM,2,0,0,36.174390,-86.784280,JACKSON ST RAMP,,,,0.00,Feet,East,3RD AVN,,,,0.00,N,Not at Intersection,N,Non-Junction,None,,,         ,Joseph,Progar,Cloudy,Front to Rear,no,no,no,no,no,False
103040155,VANDERBILT UNIVERSITY POLICE,20210392350,Davidson,Nashville,7/22/2021 12:30:00 PM,2,0,0,36.139810,-86.804010,PIERCE AV,,,,0.00,,,,,,,0.00,,, ,,None,,,         ,Karl,Haury,,,no,no,no,yes,no,Campus
103040156,METROPOLITAN NASHVILLE POLICE DEPT,20210392325,Davidson,Nashville,7/22/2021 12:02:00 PM,3,2,0,36.226770,-86.778350,I 24,,,,0.00,,,I65 S ENT RAMP,,,,0.00,Y,Y-Intersection,Y,Non-Junction,None,,,         ,William,Coy,Clear,Front to Rear,no,no,no,no,no,False
103040157,METROPOLITAN NASHVILLE POLICE DEPT,20210392353,Davidson,Nashville,7/22/2021 11:57:00 AM,2,0,0,36.176880,-86.776180,COWAN ST,,,,0.00,Feet,,SPRING ST,,,,0.00,Y,Four-Way,N,Intersection,None,,,         ,Tristen,Mayfield,Clear,Front to Rear,no,no,no,no,yes,False
103040164,METROPOLITAN NASHVILLE POLICE DEPT,20210392456,Davidson,Nashville,7/22/2021 12:24:00 PM,2,0,0,36.192150,-86.606620,ANDREW JACKSON PKWY,,,,224.00,Feet,South,STONERS GLEN DR,,,,0.00,N,Not at Intersection,N,Non-Junction,None,,,         ,Michael,Brooks,Cloudy,Front to Rear,no,no,no,no,yes,False
103040165,METROPOLITAN NASHVILLE POLICE DEPT,20210392408,Davidson,Nashville,7/22/2021 12:23:00 PM,2,0,0,36.158620,-86.791380,I 40,,,,0.00,,,,,,,208.10,N,Not at Intersection, ,Non-Junction,None,,,         ,Dylan,Motes,Clear,"Sideswipe, Same Direction",no,no,no,no,no,False
103040168,METROPOLITAN NASHVILLE POLICE DEPT,20210392482,Davidson,Nashville,7/22/2021 1:34:00 PM,2,0,0,36.119730,-86.787280,KIRKWOOD AV,,,,0.00,,,LEALAND LN,,,,0.00,Y,Four-Way, ,Intersection,None,,,         ,Earl,Davis,Clear,Angle,no,no,no,no,no,False
103040187,METROPOLITAN NASHVILLE POLICE DEPT,20210392473,Davidson,Nashville,7/22/2021 1:24:00 PM,2,0,0,36.204640,-86.749680,E TRINITY LN,,,,0.00,,,ELLINGTON PKWY N ENT RAMP,,,,0.00,Y,Four-Way,Y,Intersection-Related,None,,,         ,Jarret,Sonnenberg,Clear,"Sideswipe, Same Direction",no,no,no,no,yes,False
103040244,METROPOLITAN NASHVILLE POLICE DEPT,20210392465,Davidson,Nashville,7/22/2021 1:20:00 PM,2,0,0,36.124980,-86.847640,HARDING PKE,,,,0.00,,,WHITE BRIDGE PKE,,,,0.00,Y,Four-Way, ,Intersection,None,,,         ,Robert,Crow,Clear,"Sideswipe, Same Direction",no,no,no,no,no,False
103040275,METROPOLITAN NASHVILLE POLICE DEPT,20210392581,Davidson,Nashville,7/22/2021 2:59:00 PM,2,0,0,36.153010,-86.683890,ELM HILL PKE,,,,159.00,Feet,West,MCGAVOCK PKE,,,,0.00,N,Not at Intersection,N,Non-Junction,None,,,         ,Evan,Grace,Clear,Front to Rear,no,no,no,no,yes,False
103040283,METROPOLITAN NASHVILLE POLICE DEPT,20210392521,Davidson,Nashville,7/22/2021 2:07:00 PM,1,0,0,36.203130,-86.740040,E TRINITY LN,,,,0.00,,,,,,,0.00,,,N,Non-Junction,None,,,         ,Nathan,Mayo,Clear,Not Collision with Motor Vehicle in Transport,no,no,no,yes,no,False
103040293,METROPOLITAN NASHVILLE POLICE DEPT,20210392531,Davidson,Nashville,7/22/2021 2:21:00 PM,2,0,0,36.153710,-86.788030,I 40,,,,0.00,,,,,,,209.25,N,Not at Intersection, ,Non-Junction,None,,,         ,William,Hamblen,Clear,"Sideswipe, Same Direction",no,no,no,no,no,False
103040308,METROPOLITAN NASHVILLE POLICE DEPT,20210392618,Davidson,Nashville,7/22/2021 3:21:00 PM,2,0,0,36.169360,-86.679890,LEBANON PKE,,,,0.00,Feet,West,MCGAVOCK PKE,,,,0.00,N,Not at Intersection,N,Non-Junction,None,,,         ,Evan,Grace,Clear,Front to Rear,no,no,no,no,yes,False
103040328,METROPOLITAN NASHVILLE POLICE DEPT,20210392633,Davidson,Nashville,7/22/2021 3:12:00 PM,2,1,0,36.154630,-86.779160,LAFAYETTE ST,,,,0.00,,,8TH AVS,,,,0.00,Y,Roundabout,N,Intersection,None,,,         ,James,Hill,Clear,Angle,no,no,no,no,no,False
103040332,METROPOLITAN NASHVILLE POLICE DEPT,20210392647,Davidson,Nashville,7/22/2021 3:30:00 PM,2,0,0,36.195770,-86.775570,I 65,,,,0.00,,,,,,,86.55,N,Not at Intersection, ,Non-Junction,None,,,         ,Steffani,Dahlstrom,Clear,"Sideswipe, Same Direction",no,no,no,no,no,False
103040337,METROPOLITAN NASHVILLE POLICE DEPT,20210392686,Davidson,Nashville,7/22/2021 2:48:00 PM,2,0,0,36.098340,-86.711670,ANTIOCH PKE,,,,190.00,Feet,West,MCILLWAIN PL,,,,0.00,N,Not at Intersection,N,Non-Junction,None,,,         ,John,Walden,Clear,Angle,no,no,no,no,yes,False
103040361,METROPOLITAN NASHVILLE POLICE DEPT,20210392616,Davidson,Nashville,7/22/2021 3:20:00 PM,2,1,0,36.159780,-86.813900,25TH AVN,,,,104.00,Feet,North,MERRY ST,,,,0.00,N,Not at Intersection,N,Non-Junction,None,,,         ,Jonathan,Sharp,Clear,Angle,no,no,no,no,no,False
103040381,METROPOLITAN NASHVILLE POLICE DEPT,20210392718,Davidson,Not in City Limit,7/22/2021 4:39:00 PM,2,0,0,36.262210,-86.712210,GALLATIN PKES,,,,0.00,Feet,East,E OLD HICKORY BLVD,,,,0.00,N,Not at Intersection,N,Non-Junction,None,,,         ,Kyle,Eicholtz,Clear,Angle,no,no,no,no,no,False
103040389,METROPOLITAN NASHVILLE POLICE DEPT,20210392736,Davidson,Nashville,7/22/2021 3:22:00 PM,2,0,0,36.131300,-86.801510,21ST AVS,,,,0.00,,,BERNARD AV,,,,0.00,Y,T-Intersection, ,Non-Junction,None,,,         ,Sekou,Samassi,Clear,Angle,no,no,no,no,no,False
103040406,METROPOLITAN NASHVILLE POLICE DEPT,20210392698,Davidson,Nashville,7/22/2021 4:25:00 PM,2,0,0,36.037700,-86.636930,OLD FRANKLIN RD,,,,921.00,Feet,North,DANA WAY,,,,0.00,N,Not at Intersection,N,Non-Junction,None,,,         ,Matthew,Swindell,Clear,Angle,no,no,no,no,yes,False
103040407,VANDERBILT UNIVERSITY POLICE,20210392692,Davidson,Nashville,7/22/2021 2:55:00 PM,1,0,0,36.141690,-86.800760,21ST AVS,,,,0.00,,,,,,,0.00,,, ,,None,,,         ,James,McDaniel,,,no,no,no,yes,no,Campus