master_record_number,agency,agency_tracking_number,county,city,collision_date,vehicles_involved,number_injured,number_dead,latitude,longitude,roadway_name,roadway_suffix,roadway_number,roadway_local_id,distance_from_reference,miles-feet_indicator,direction_from_reference,intersection_road_name,intersection_road_name_suffix,intersection_road_number,intersection_local_id,mile_marker,intersection_indicator,intersect_type,interchange_related_indicator,relation_to_junction,work_zone_type,construction_maintenance_zone,construction_maintenance_zone_location,fatal_case_number,officer_first_name,officer_last_name,weather_condition(s),manner_of_crash,pedestrian,bicycle,scooter,parking,hitrun,mou
103041192,METROPOLITAN NASHVILLE POLICE DEPT,20210394438,Davidson,Nashville,7/23/2021 1:47:00 PM,2,0,0,36.064790,-86.628480,HAMILTON CHURCH RD,,,,0.00,,,MURFREESBORO PKE,,,,0.00,Y,Four-Way,N,Intersection,None,,,         ,Nathaniel,Myers,Clear,Angle,no,no,no,no,yes,False
103041194,METROPOLITAN NASHVILLE POLICE DEPT,20210394415,Davidson,Nashville,7/23/2021 3:37:00 PM,1,0,0,36.154830,-86.763340,HERMITAGE AV,,,,0.00,,,ANTHES DR,,,,0.00,Y,Four-Way, ,Intersection,Construction Zone,,,         ,Jason,King,Clear,Not Collision with Motor Vehicle in Transport,no,no,no,no,no,False
103041196,METROPOLITAN NASHVILLE POLICE DEPT,20210394422,Davidson,Nashville,7/23/2021 3:40:00 PM,2,0,0,36.154720,-86.822630,I440 W EXT RAMP,,,,0.00,,,I 440,,,,0.00,Y,OTHER,Y,Entrance/Exit Ramp Related,None,,,         ,Matthew,Mrowiec,Clear,Front to Rear,no,no,no,no,no,False
103041224,METROPOLITAN NASHVILLE POLICE DEPT,20210394430,Davidson,Nashville,7/23/2021 2:44:00 PM,2,0,0,36.136420,-86.727170,I 24,,,,0.00,,,,,,,51.15,N,Not at Intersection, ,,None,,,         ,Beri,Scott,,,no,no,no,no,no,False
103041238,METROPOLITAN NASHVILLE POLICE DEPT,20210394514,Davidson,Nashville,7/23/2021 4:43:00 PM,2,0,0,36.069400,-86.684010,ANTIOCH PKE,,,,115.00,Feet,North,RICHARDS RD,,,,0.00,N,Not at Intersection, ,Non-Junction,None,,,         ,Joseph,Hurst,Clear,Front to Rear,no,no,no,no,no,False
103041246,METROPOLITAN NASHVILLE POLICE DEPT,20210394441,Davidson,Nashville,7/23/2021 1:50:00 PM,3,0,0,36.209460,-86.753130,OAKWOOD AV,,,,100.00,Feet,North,PAULAWOOD DR,,,,0.00,N,Not at Intersection,N,Non-Junction,None,,,         ,Jeremy,Smith,Clear,"Sideswipe, Same Direction",no,no,no,no,yes,False
103041270,METROPOLITAN NASHVILLE POLICE DEPT,20210394397,Davidson,Nashville,7/23/2021 3:22:00 PM,2,4,0,36.249010,-86.717430,E PALESTINE AV,,,,523.00,Feet,West,LIBERTY CIR,,,,0.00,N,Not at Intersection,N,Non-Junction,Construction Zone,Intermittent Moving Work,Unknown,         ,David,Harms,Clear,HeadOn,no,no,no,no,no,False
103041273,METROPOLITAN NASHVILLE POLICE DEPT,20210394332,Davidson,Old Hickory,7/23/2021 2:35:00 PM,2,5,0,36.244820,-86.637850,PITTS AV,,,,0.00,Feet,West,32ND ST,,,,0.00,N,Not at Intersection,N,Non-Junction,None,,,         ,Christian,Vanders,Clear,Angle,no,no,no,no,no,False
103041280,METROPOLITAN NASHVILLE POLICE DEPT,20210394462,Davidson,Nashville,7/23/2021 3:10:00 PM,2,0,0,36.165830,-86.794780,I 40,,,,0.00,,,,,,,208.65,N,Not at Intersection,N,Non-Junction,None,,,         ,Hendrik,Kruger,Clear,Front to Rear,no,no,no,no,no,False
103041292,METROPOLITAN NASHVILLE POLICE DEPT,20210394606,Davidson,Not in City Limit,7/23/2021 5:46:00 PM,2,0,0,36.264850,-86.737480,I 65,,,,0.00,,,,,,,92.25,N,Not at Intersection,N,Non-Junction,None,,,         ,Forrest,Punke,Clear,Front to Rear,no,no,no,no,yes,False
103041293,METROPOLITAN NASHVILLE POLICE DEPT,20210394543,Davidson,Nashville,7/23/2021 4:08:00 PM,2,0,0,36.168490,-86.813490,I40 E EXT RAMP,,,,0.00,Feet,East,I 40,,,,0.00,N,Not at Intersection,N,Non-Junction,None,,,         ,Lucas,Thomas,Clear,Angle,no,no,no,no,yes,False
103041297,METROPOLITAN NASHVILLE POLICE DEPT,20210394392,Davidson,Nashville,7/23/2021 3:22:00 PM,2,2,0,36.150510,-86.695500,ELM HILL PKE,,,,373.00,Feet,East,WANDA DR,,,,0.00,N,Not at Intersection,N,Non-Junction,None,,,         ,Rami,Rouhi,Clear,Front to Rear,no,no,no,no,no,False
103041300,METROPOLITAN NASHVILLE POLICE DEPT,20210394456,Davidson,Nashville,7/23/2021 4:06:00 PM,3,0,0,36.193510,-86.601190,OAKCREST LN,,,,8.00,Feet,East,CHANDLER RD,,,,0.00,N,Not at Intersection,N,Non-Junction,None,,,         ,Crockett,Bruce,Clear,Angle,no,no,no,no,no,False
103041302,METROPOLITAN NASHVILLE POLICE DEPT,20210394694,Davidson,Antioch,7/23/2021 3:55:00 PM,2,0,0,36.016520,-86.619960,OLD HICKORY BLVD,,,,121.00,Feet,South,FIRESTONE PKWY,,,,0.00,N,Not at Intersection, ,Non-Junction,None,,,         ,Nathaniel,Myers,Clear,Angle,no,no,no,yes,no,False
103041303,METROPOLITAN NASHVILLE POLICE DEPT,20210394590,Davidson,Nashville,7/23/2021 5:30:00 PM,2,1,0,36.175860,-86.799020,ARTHUR AV,,,,300.00,Feet,West,CHEATHAM PL,,,,0.00,N,Not at Intersection,N,Non-Junction,None,,,         ,Hendrik,Kruger,Clear,HeadOn,no,no,no,no,no,False
103041304,METROPOLITAN NASHVILLE POLICE DEPT,20210394454,Davidson,Nashville,7/23/2021 3:51:00 PM,2,0,0,36.140060,-86.666390,DONELSON PKE,,,,4.00,Feet,North,I40 E EXT RAMP,,,,0.00,N,Not at Intersection, ,Entrance/Exit Ramp Related,None,,,         ,Phillip,Burke,Clear,Front to Rear,no,no,no,no,no,False
103041309,METROPOLITAN NASHVILLE POLICE DEPT,20210394508,Davidson,Nashville,7/23/2021 4:38:00 PM,2,0,0,36.160360,-86.778710,BROADWAY,,,,91.00,Feet,West,5TH AVS,,,,0.00,N,Not at Intersection, ,Non-Junction,None,,,         ,Seth,Quiles,Clear,Front to Rear,no,no,no,no,no,False
103041310,METROPOLITAN NASHVILLE POLICE DEPT,20210394617,Davidson,Nashville,7/23/2021 1:00:00 PM,2,0,0,36.187550,-86.862430,BRILEY PKWYN,,,,0.00,,,COUNTY HOSPITAL RD,,,,0.00,Y,T-Intersection, ,Intersection,None,,,         ,Scarlett,Collins,Clear,Angle,no,no,no,no,no,False
103041324,METROPOLITAN NASHVILLE POLICE DEPT,20210394466,Davidson,Nashville,7/23/2021 4:14:00 PM,2,1,0,36.071040,-86.635270,MURFREESBORO PKE,,,,404.00,Feet,South,BELL RD,,,,0.00,N,Not at Intersection,N,Non-Junction,None,,,         ,Beri,Scott,Clear,Angle,no,no,no,no,no,False
103041327,METROPOLITAN NASHVILLE POLICE DEPT,20210394660,Davidson,Nashville,7/23/2021 6:15:00 PM,2,0,0,36.172470,-86.766260,JAMES ROBERTSON PKWY,,,,0.00,,,,,,,0.00,,, ,,None,,,         ,Flynn,Ireland,,,no,no,no,no,no,False
103041353,METROPOLITAN NASHVILLE POLICE DEPT,20210394618,Davidson,Nashville,7/23/2021 5:58:00 PM,2,0,0,36.142400,-86.709300,I 40,,,,0.00,,,,,,,214.25,N,Not at Intersection, ,Non-Junction,None,,,         ,Phillip,Burke,Clear,Front to Rear,no,no,no,no,no,False
103041355,METROPOLITAN NASHVILLE POLICE DEPT,20210394584,Davidson,Nashville,7/23/2021 5:29:00 PM,1,1,0,36.160150,-86.673130,WOODBERRY DR,,,,54.00,Feet,East,MICHAEL DR,,,,0.00,N,Not at Intersection,N,Non-Junction,None,,,         ,Dontaveous,Eubanks,Clear,Not Collision with Motor Vehicle in Transport,no,no,no,no,no,False
103041362,METROPOLITAN NASHVILLE POLICE DEPT,20210394533,Davidson,Nashville,7/23/2021 4:46:00 PM,3,0,0,36.206580,-86.777470,W TRINITY LN,,,,129.00,Feet,East,BRICK CHURCH PKE,,,,0.00,N,Not at Intersection,N,Non-Junction,None,,,         ,Craig,Paschetti,Clear,Front to Rear,no,no,no,no,no,False
103041397,METROPOLITAN NASHVILLE POLICE DEPT,20210394848,Davidson,Nashville,7/23/2021 7:50:00 PM,3,1,0,36.158890,-86.782110,8TH AVS,,,,0.00,,,ROSA L PARKS BLVD,,,,0.00,Y,Four-Way,N,Intersection,None,,,         ,Nicholas,Kiraly,Clear,"Sideswipe, Same Direction",no,no,no,no,no,False
103041437,METROPOLITAN NASHVILLE POLICE DEPT,20210394709,Davidson,Nashville,7/23/2021 6:06:00 PM,2,0,0,36.145390,-86.741030,I 40,,,,0.00,,,,,,,212.20,N,Not at Intersection,N,Non-Junction,None,,,         ,Beri,Scott,Clear,Front to Rear,no,no,no,no,yes,False
103041461,METROPOLITAN NASHVILLE POLICE DEPT,20210394938,Davidson,Nashville,7/23/2021 8:40:00 PM,1,0,0,36.089290,-86.721140,PARAGON MILLS RD,,,,129.00,Feet,West,DEWAIN DR,,,,0.00,N,Not at Intersection,N,Non-Junction,None,,,         ,Beri,Scott,Clear,Not Collision with Motor Vehicle in Transport,no,no,no,yes,yes,False
103041527,METROPOLITAN NASHVILLE POLICE DEPT,20210394916,Davidson,Nashville,7/23/2021 8:55:00 PM,2,0,0,36.089720,-86.635140,DOUBLETREE LN,,,,398.00,Feet,West,VILLAGE GREEN DR,,,,0.00,N,Not at Intersection,N,Non-Junction,None,,,         ,Phillip,Burke,Clear,Angle,no,no,no,no,no,False
103041556,METROPOLITAN NASHVILLE POLICE DEPT,20210395100,Davidson,Not in City Limit,7/23/2021 12:00:00 AM,1,0,0,36.304550,-86.813880,I 24,,,,0.00,,,,,,,38.45,N,Not at Intersection,N,Non-Junction,None,,,         ,David,Crisman,Clear,Unknown,no,no,no,no,yes,False
103041583,METROPOLITAN NASHVILLE POLICE DEPT,20210395071,Davidson,Nashville,7/23/2021 11:00:00 PM,2,1,0,36.128710,-86.906520,RIVER RD,,,,26.00,Feet,West,CHARLOTTE PKE,,,,0.00,N,Not at Intersection,N,Non-Junction,None,,,         ,Billy,Price,Clear,Front to Rear,no,no,no,no,no,False
103041596,METROPOLITAN NASHVILLE POLICE DEPT,20210395207,Davidson,Nashville,7/24/2021 12:24:00 AM,2,0,0,36.149660,-86.639280,I 40,,,,0.00,,,,,,,218.30,N,Not at Intersection,N,Non-Junction,None,,,         ,Amy,Hirschmann,Clear,"Sideswipe, Same Direction",no,no,no,no,yes,False
103041605,METROPOLITAN NASHVILLE POLICE DEPT,20210394819,Davidson,Nashville,7/23/2021 7:38:00 PM,2,0,0,36.186910,-86.608550,ANDREW JACKSON PKWY,,,,17.00,Feet,North,JACKSON PASS,,,,0.00,N,Not at Intersection, ,Non-Junction,None,,,         ,Mary,Robinson,Clear,Angle,no,no,no,no,no,False
103041614,METROPOLITAN NASHVILLE POLICE DEPT,20210395221,Davidson,Nashville,7/24/2021 12:28:00 AM,2,2,0,36.142070,-86.762310,2ND AVS,,,,55.00,Feet,South,HART ST,,,,0.00,N,Not at Intersection,N,Non-Junction,None,,,         ,Tavin,Emlund,Clear,Not Collision with Motor Vehicle in Transport,no,no,no,no,no,False
103041617,METROPOLITAN NASHVILLE POLICE DEPT,20210395395,Davidson,Nashville,7/24/2021 2:40:00 AM,2,0,0,36.045020,-86.659810,I24 E EXT RAMP,,,,0.00,Feet,East,I 24,,,,0.00,N,Not at Intersection,N,Entrance/Exit Ramp Related,None,,,         ,Dylan,Ramos,Clear,Angle,no,no,no,no,no,False
103041618,METROPOLITAN NASHVILLE POLICE DEPT,20210395438,Davidson,Nashville,7/23/2021 12:00:00 AM,2,0,0,36.087410,-86.729390,ELYSIAN FIELDS CT,,,,315.00,Feet,East,NOLENSVILLE PKE,,,,0.00,N,Not at Intersection,N,Non-Junction,None,,,         ,Sierra,Walker,Clear,Unknown,no,no,no,yes,yes,False
103041619,METROPOLITAN NASHVILLE POLICE DEPT,20210395346,Davidson,Nashville,7/24/2021 2:00:00 AM,2,0,0,36.158410,-86.790610,GEORGE L DAVIS BLVD,,,,0.00,,,CHURCH ST,,,,0.00,Y,Four-Way,Y,Intersection,None,,,         ,Maximillian,Goldberg,Clear,Angle,no,no,no,no,no,False
103041640,METROPOLITAN NASHVILLE POLICE DEPT,20210395423,Davidson,Nashville,7/24/2021 12:00:00 AM,2,1,0,36.205890,-86.768610,E TRINITY LN,,,,0.00,,,DICKERSON PKE,,,,0.00,Y,Four-Way,N,Non-Junction,None,,,         ,Kiana,Perry,Clear,Angle,no,no,no,no,no,False
103041667,METROPOLITAN NASHVILLE POLICE DEPT,20210395520,Davidson,Nashville,7/24/2021 6:10:00 AM,1,1,0,36.195580,-86.621710,LEBANON PKE,,,,0.00,,,BONNASPRING DR,,,,0.00,Y,T-Intersection,N,Non-Junction,None,,,         ,Torry,Hill,Clear,Not Collision with Motor Vehicle in Transport,no,no,no,no,no,False
103041675,METROPOLITAN NASHVILLE POLICE DEPT,20210395475,Davidson,Nashville,7/24/2021 12:00:00 AM,1,0,0,36.181840,-86.641530,LEBANON PKE,,,,19.00,Feet,East,DOWNEYMEADE DR,,,,0.00,N,Not at Intersection,N,Non-Junction,None,,,         ,Nelson,Hemingway,Clear,Not Collision with Motor Vehicle in Transport,no,no,no,no,yes,False
103041714,METROPOLITAN NASHVILLE POLICE DEPT,20210395538,Davidson,Nashville,7/24/2021 6:10:00 AM,1,2,0,36.070290,-86.684540,ANTIOCH PKE,,,,0.00,,,HAYWOOD LN,,,,0.00,Y,Four-Way,N,Non-Junction,None,,,         ,Eric,Burford,Clear,Not Collision with Motor Vehicle in Transport,no,no,no,no,yes,False
103041715,METROPOLITAN NASHVILLE POLICE DEPT,20210395589,Davidson,Nashville,7/24/2021 7:34:00 AM,1,0,0,36.206030,-86.638410,JACKSONIAN DR,,,,500.00,Feet,North,BONNALAKE DR,,,,0.00,N,Not at Intersection,N,Non-Junction,None,,,         ,Rex,Engelbert,Clear,Not Collision with Motor Vehicle in Transport,no,no,no,no,no,False
103041724,METROPOLITAN NASHVILLE POLICE DEPT,20210395566,Davidson,Nashville,7/24/2021 7:05:00 AM,2,0,0,36.044720,-86.650610,CROSSINGS BLVD,,,,138.00,Feet,East,HICKORY HOLLOW PKWY,,,,0.00,N,Not at Intersection,N,Non-Junction,None,,,         ,James,Thomas,Clear,"Sideswipe, Same Direction",no,no,no,no,yes,False
103041750,METROPOLITAN NASHVILLE POLICE DEPT,20210395563,Davidson,Nashville,7/24/2021 5:15:00 AM,1,1,0,36.071580,-86.708830,TURLEY DR,,,,13.00,Feet,North,LEO LN,,,,0.00,N,Not at Intersection,N,Non-Junction,None,,,         ,Burton,Beeson,Clear,Not Collision with Motor Vehicle in Transport,no,no,no,no,no,False
103041754,METROPOLITAN NASHVILLE POLICE DEPT,20210395531,Davidson,Not in City Limit,7/24/2021 6:35:00 AM,2,0,0,36.018300,-87.030660,HIGHWAY 100,,,,0.00,,,,,,,0.00,,,N,Non-Junction,None,,,         ,Bradley,Pope,Clear,Angle,no,no,no,yes,no,False
103041762,METROPOLITAN NASHVILLE POLICE DEPT,20210395644,Davidson,Nashville,7/24/2021 9:00:00 AM,2,0,0,36.146470,-86.814650,29TH AVN,,,,214.00,Feet,South,BURCH AV,,,,0.00,N,Not at Intersection, ,Non-Junction,None,,,         ,Kimberly,Annson,Clear,"Sideswipe, Same Direction",no,no,no,no,no,False
103041788,METROPOLITAN NASHVILLE POLICE DEPT,20210395704,Davidson,Nashville,7/24/2021 9:51:00 AM,2,0,0,36.162120,-86.782650,CHURCH ST,,,,0.00,Feet,North,7TH AVN,,,,0.00,N,Not at Intersection, ,,None,,,         ,Harold,Wells,,,no,no,no,no,no,False
103041797,Metro Park Police,2021-0395569,Davidson,Nashville,7/24/2021 9:55:00 AM,2,0,0,36.159130,-86.777550,5TH AVS,,,,268.00,Feet,North,DEMONBREUN ST,,,,0.00,N,Not at Intersection,N,Non-Junction,Unknown,,,         ,Curtis,"Avant, Jr.",Clear,Unknown,no,no,no,no,no,False
103041809,GOODLETTSVILLE POLICE DEPT,21-20293,Davidson,Goodlettsville,7/23/2021 5:08:00 PM,2,1,0,36.323040,-86.701250,CONFERENCE DR,,,,181.00,Feet,South,NORTHGATE CIR,,,,0.00,N,Not at Intersection,N,Non-Junction,None,,,         ,Jessica,Gistarb,Clear,Angle,no,no,no,no,no,False
103041820,METROPOLITAN NASHVILLE POLICE DEPT,20210395640,Davidson,Nashville,7/24/2021 9:13:00 AM,2,0,0,36.166230,-86.765790,I24 E EXT RAMP,,,,0.00,Feet,,I 24,,,,0.00,Y,Four-Way,N,Intersection-Related,None,,,         ,Jason,Thomas,Clear,Angle,no,no,no,no,no,False
103041831,VANDERBILT UNIVERSITY POLICE,20210395731,Davidson,Nashville,7/24/2021 12:00:00 AM,1,0,0,36.143380,-86.810740,28TH AVS,,,,0.00,,,,,,,0.00,,Not at Intersection,N,Non-Junction,Unknown,,,         ,Eugene,Kessler,Clear,Unknown,no,no,no,yes,yes,Campus
103041836,METROPOLITAN NASHVILLE POLICE DEPT,20210395773,Davidson,Nashville,7/24/2021 11:15:00 AM,2,0,0,36.151420,-86.768640,I 40,,,,0.00,,,,,,,210.45,N,Not at Intersection, ,Non-Junction,None,,,         ,Tyler,Hall,Clear,Front to Rear,no,no,no,no,no,False
103041837,METROPOLITAN NASHVILLE POLICE DEPT,20210395787,Davidson,Nashville,7/24/2021 12:00:00 PM,3,0,0,36.109310,-86.922490,OLD HICKORY BLVD,,,,190.00,Feet,South,SONYA DR,,,,0.00,N,Not at Intersection,N,Non-Junction,None,,,         ,Wesley,Tilley,Clear,Front to Rear,no,no,no,no,no,False
103041847,METROPOLITAN NASHVILLE POLICE DEPT,20210395807,Davidson,Nashville,7/24/2021 11:45:00 AM,2,0,0,36.153630,-86.846840,I 40,,,,0.00,,,,,,,204.50,N,Not at Intersection, ,Non-Junction,None,,,         ,Alex,Gibson,Clear,"Sideswipe, Same Direction",no,no,no,no,no,False
103041892,METROPOLITAN NASHVILLE POLICE DEPT,20210395817,Davidson,Nashville,7/24/2021 12:21:00 PM,3,0,0,36.086870,-86.730230,NOLENSVILLE PKE,,,,0.00,,,ELYSIAN FIELDS CT,,,,0.00,Y,Four-Way,N,Intersection,None,,,         ,Jackson,Smythe,Clear,Front to Rear,no,no,no,no,no,False
103041895,METROPOLITAN NASHVILLE POLICE DEPT,20210395779,Davidson,Nashville,7/24/2021 11:54:00 AM,2,1,0,36.110940,-86.745220,THOMPSON LN,,,,0.00,,,NOLENSVILLE PKE,,,,0.00,Y,Four-Way,Y,Intersection,None,,,         ,Darrin,Hardin,Clear,Front to Rear,no,no,no,no,no,False
103041909,METROPOLITAN NASHVILLE POLICE DEPT,20210395782,Davidson,Nashville,7/24/2021 11:04:00 AM,2,0,0,36.089430,-86.762490,I 65,,,,0.00,,,,,,,78.30,N,Not at Intersection,N,Non-Junction,None,,,         ,William,Caillouette,Clear,Angle,no,no,no,no,yes,False
103041910,METROPOLITAN NASHVILLE POLICE DEPT,20210395853,Davidson,Not in City Limit,7/24/2021 1:18:00 PM,2,0,0,36.281160,-86.707990,GALLATIN PKEN,,,,200.00,Feet,North,ODETTE ST,,,,0.00,N,Not at Intersection, ,Non-Junction,None,,,         ,Joshua,Murray,,"Sideswipe, Same Direction",no,no,no,no,no,False
103041923,METROPOLITAN NASHVILLE POLICE DEPT,20210395900,Davidson,Nashville,7/24/2021 1:40:00 PM,2,0,0,36.120540,-86.750020,I440 E ENT RAMP,,,,0.00,Feet,East,NOLENSVILLE PKE,,,,0.00,N,Not at Intersection, ,Entrance/Exit Ramp Related,None,,,         ,Cecelia,Brown,Clear,Front to Rear,no,no,no,no,no,False
103041924,METROPOLITAN NASHVILLE POLICE DEPT,20210395876,Davidson,Nashville,7/24/2021 1:39:00 PM,3,1,0,36.188910,-86.614300,OLD HICKORY BLVD,,,,643.00,Feet,South,OLD LEBANON DIRT RD,,,,0.00,N,Not at Intersection,N,Non-Junction,None,,,         ,Aimee,Ortiz,Clear,Front to Rear,no,no,no,no,no,False
103041932,METROPOLITAN NASHVILLE POLICE DEPT,20210395630,Davidson,Nashville,7/24/2021 7:50:00 AM,1,0,0,36.144660,-86.744040,ELM HILL PKE,,,,0.00,Feet,,FESSLERS LN,,,,0.00,Y,Four-Way,N,Intersection,None,,,         ,Eric,Cunningham,Clear,Not Collision with Motor Vehicle in Transport,no,no,no,no,yes,False
103041978,METROPOLITAN NASHVILLE POLICE DEPT,20210395896,Davidson,Nashville,7/24/2021 2:10:00 PM,4,0,0,36.173600,-86.790120,7TH AVN,,,,13.00,Feet,North,JEFFERSON ST,,,,0.00,N,Not at Intersection,N,Non-Junction,None,,,         ,Michael,Richardson,Clear,Front to Rear,no,no,no,no,no,False
103041980,METROPOLITAN NASHVILLE POLICE DEPT,20210395912,Davidson,Nashville,7/24/2021 1:10:00 PM,2,1,0,36.247020,-86.720960,GALLATIN PKES,,,,140.00,Feet,North,BERKLEY DR,,,,0.00,N,Not at Intersection,N,Non-Junction,None,,,         ,Dylan,Bradley,Clear,Front to Rear,no,no,no,no,yes,False
103041990,METROPOLITAN NASHVILLE POLICE DEPT,20210395918,Davidson,Nashville,7/24/2021 2:16:00 PM,2,3,0,36.170840,-86.764150,S 5TH ST,,,,0.00,,,RUSSELL ST,,,,0.00,Y,Four-Way,N,Intersection,None,,,         ,Adam,Warren,Clear,Angle,no,no,no,no,no,False
103042025,METROPOLITAN NASHVILLE POLICE DEPT,20210395948,Davidson,Antioch,7/24/2021 3:06:00 PM,2,0,0,36.044840,-86.668400,BELL RD,,,,8.00,Feet,West,BEECHWOOD TER,,,,0.00,N,Not at Intersection,N,Non-Junction,None,,,         ,Brandon,Simpkins,Cloudy,Angle,no,no,no,no,yes,False
103042026,METROPOLITAN NASHVILLE POLICE DEPT,20210395973,Davidson,Nashville,7/24/2021 3:25:00 PM,2,0,0,36.192290,-86.777110,I 65,,,,0.00,,,,,,,86.50,N,Not at Intersection, ,,None,,,         ,Scarlett,Collins,,,no,no,no,no,no,False
103042033,METROPOLITAN NASHVILLE POLICE DEPT,20210395922,Davidson,Nashville,7/24/2021 1:02:00 PM,2,1,0,36.143610,-86.701830,I 40,,,,0.00,,,,,,,214.60,N,Not at Intersection,N,Non-Junction,None,,,         ,Robert,Marquez,Clear,Front to Rear,no,no,no,no,no,False
103042051,METROPOLITAN NASHVILLE POLICE DEPT,20210396026,Davidson,Nashville,7/24/2021 4:16:00 PM,2,0,0,36.152920,-86.765560,I 40,,,,0.00,,,,,,,210.60,N,Not at Intersection, ,Non-Junction,None,,,         ,Daniel,Tomlinson,Clear,Front to Rear,no,no,no,no,no,False
103042056,METROPOLITAN NASHVILLE POLICE DEPT,20210396018,Davidson,Nashville,7/24/2021 2:10:00 PM,2,0,0,36.098410,-86.677330,OLD EZELL RD,,,,0.00,Feet,East,DONELSON PKE,,,,0.00,N,Not at Intersection,N,Non-Junction,None,,,         ,Timothy,Ward,Clear,"Sideswipe, Same Direction",no,no,no,no,no,False
103042074,METROPOLITAN NASHVILLE POLICE DEPT,20210396063,Davidson,Nashville,7/24/2021 4:38:00 PM,2,1,0,36.192710,-86.744370,DOUGLAS AV,,,,0.00,,,GALLATIN AV,,,,0.00,Y,Four-Way,N,Intersection,None,,,         ,Adam,Warren,Clear,Angle,no,no,no,no,yes,False
103042083,METROPOLITAN NASHVILLE POLICE DEPT,20210396020,Davidson,Nashville,7/24/2021 4:09:00 PM,2,0,0,36.066790,-86.687770,VILLAS OF BAVARIA PVTDR,,,,0.00,,,APACHE TRL,,,,0.00,Y,T-Intersection,N,Non-Junction,None,,,         ,Steven,Bowler,Clear,HeadOn,no,no,no,no,yes,False
103042091,METROPOLITAN NASHVILLE POLICE DEPT,20210395951,Davidson,Nashville,7/24/2021 1:30:00 PM,2,0,0,36.201450,-86.617560,LEBANON PKE,,,,100.00,Feet,North,TYLER DR,,,,0.00,N,Not at Intersection, ,Non-Junction,None,,,         ,Christian,Vanders,Clear,HeadOn,no,no,no,no,no,False
103042093,METROPOLITAN NASHVILLE POLICE DEPT,20210396143,Davidson,Nashville,7/24/2021 5:12:00 PM,2,0,0,36.063450,-86.627000,MURFREESBORO PKE,,,,656.00,Feet,South,HAMILTON CHURCH RD,,,,0.00,N,Not at Intersection, ,Non-Junction,None,,,         ,YUNUS,ADAK,Clear,Front to Rear,no,no,no,no,no,False
103042094,METROPOLITAN NASHVILLE POLICE DEPT,20210396019,Davidson,Not in City Limit,7/24/2021 4:00:00 PM,2,1,0,36.263830,-86.711650,GALLATIN PKEN,,,,7.00,Feet,North,OLD TIME VILLAGE PVTDR,,,,0.00,N,Not at Intersection,N,Non-Junction,None,,,         ,Wallace,Seay III,Clear,"Sideswipe, Same Direction",no,no,no,no,no,False
103042096,METROPOLITAN NASHVILLE POLICE DEPT,2021-0395991,Davidson,Nashville,7/24/2021 3:46:00 PM,2,0,0,36.084160,-86.705890,LINBAR DR,,,,0.00,,,HARDING PL,,,,0.00,Y,Four-Way,N,Intersection,None,,,         ,Wayne,Helm,Clear,Front to Rear,no,no,no,no,yes,False
103042097,METROPOLITAN NASHVILLE POLICE DEPT,2021-0396009,Davidson,Nashville,7/24/2021 4:01:00 PM,2,2,0,36.070040,-86.698800,EAST RIDGE DR,,,,3.00,Feet,North,HAYWOOD LN,,,,0.00,N,Not at Intersection,N,Non-Junction,None,,,         ,Wayne,Helm,Clear,Front to Rear,no,no,no,no,no,False
103042103,METROPOLITAN NASHVILLE POLICE DEPT,20210396065,Davidson,Not in City Limit,7/24/2021 4:17:00 PM,2,0,0,36.264170,-86.735500,I65 N EXT RAMP,,,,0.00,Feet,East,OLD HICKORY BLVDW,,,,0.00,N,Not at Intersection, ,Non-Junction,None,,,         ,Dylan,Bradley,Clear,Front to Rear,no,no,no,no,no,False
103042106,METROPOLITAN NASHVILLE POLICE DEPT,20210396168,Davidson,Nashville,7/24/2021 12:00:00 AM,2,1,0,36.171840,-86.764770,S 5TH ST,,,,0.00,,,WOODLAND ST,,,,0.00,Y,Four-Way,N,Intersection,None,,,         ,Brent,Morris,Clear,Angle,no,no,no,no,yes,False
103042108,METROPOLITAN NASHVILLE POLICE DEPT,20210396102,Davidson,Nashville,7/24/2021 5:20:00 PM,2,2,0,36.203570,-86.694860,OPRY MILLS DR,,,,0.63,Miles,South,OPRYLAND DR,,,,0.00,N,Not at Intersection,N,Non-Junction,None,,,         ,Robert,Higgins,Clear,"Sideswipe, Same Direction",no,no,no,yes,no,False
103042116,VANDERBILT UNIVERSITY POLICE,20210389069,Davidson,Nashville,7/20/2021 4:00:00 PM,2,0,0,36.142150,-86.804040,24TH AVS,,,,0.00,,,,,,,0.00,,, ,Non-Junction,None,,,         ,David,Taliaferro,Cloudy,"Sideswipe, Same Direction",no,no,no,yes,no,Campus
103042117,METROPOLITAN NASHVILLE POLICE DEPT,20210396137,Davidson,Not in City Limit,7/24/2021 5:35:00 PM,3,0,0,36.324870,-86.874780,I 24,,,,0.00,,,,,,,34.55,N,Not at Intersection,N,Non-Junction,None,,,         ,Scarlett,Collins,Clear,Front to Rear,no,no,no,no,no,False
103042136,METROPOLITAN NASHVILLE POLICE DEPT,20210396188,Davidson,Not in City Limit,7/24/2021 6:25:00 PM,1,0,0,36.093590,-86.937950,I 40,,,,0.00,,,,,,,197.70,N,Not at Intersection,N,Non-Junction,None,,,         ,Ryan,Papp,Clear,Not Collision with Motor Vehicle in Transport,no,no,no,no,no,False