master_record_number,agency,agency_tracking_number,county,city,collision_date,vehicles_involved,number_injured,number_dead,latitude,longitude,roadway_name,roadway_suffix,roadway_number,roadway_local_id,distance_from_reference,miles-feet_indicator,direction_from_reference,intersection_road_name,intersection_road_name_suffix,intersection_road_number,intersection_local_id,mile_marker,intersection_indicator,intersect_type,interchange_related_indicator,relation_to_junction,work_zone_type,construction_maintenance_zone,construction_maintenance_zone_location,fatal_case_number,officer_first_name,officer_last_name,weather_condition(s),manner_of_crash,pedestrian,bicycle,scooter,parking,hitrun,mou
103044315,METROPOLITAN NASHVILLE POLICE DEPT,20210400528,Davidson,Nashville,7/27/2021 12:03:00 PM,2,0,0,36.140900,-86.817390,WEST END AV,,,,0.00,,,ACKLEN PARK DR,,,,0.00,Y,T-Intersection, ,Intersection-Related,None,,,         ,Earl,Davis,Clear,"Sideswipe, Same Direction",no,no,no,no,no,False
103044386,METROPOLITAN NASHVILLE POLICE DEPT,20210400680,Davidson,Nashville,7/27/2021 2:30:00 PM,2,1,0,36.037580,-86.786530,FRANKLIN PKE,,,,64.00,Feet,North,OLD HICKORY BLVD,,,,0.00,N,Not at Intersection,N,Non-Junction,None,,,         ,Jarram,Plastow,Clear,Angle,no,no,no,no,no,False
103044401,METROPOLITAN NASHVILLE POLICE DEPT,20210400674,Davidson,Nashville,7/27/2021 2:26:00 PM,2,0,0,36.153720,-86.772470,4TH AVS,,,,200.00,Feet,North,ELM ST,,,,0.00,N,Not at Intersection, ,Non-Junction,None,,,         ,Joshua,Reece,Clear,Angle,no,no,no,no,no,False
103044404,METROPOLITAN NASHVILLE POLICE DEPT,20210400792,Davidson,Nashville,7/27/2021 3:29:00 PM,2,0,0,36.169550,-86.600980,OLD HICKORY BLVD,,,,0.00,Feet,,I40 E ENT RAMP,,,,0.00,Y,Four-Way, ,Intersection,None,,,         ,Destiny,Zunic,Clear,Front to Rear,no,no,no,no,no,False
103044405,METROPOLITAN NASHVILLE POLICE DEPT,20210400812,Davidson,Not in City Limit,7/27/2021 3:51:00 PM,2,0,0,36.281650,-86.732040,I 65,,,,0.00,,,,,,,93.50,N,Not at Intersection,N,Non-Junction,None,,,         ,Kyle,Eicholtz,Clear,Front to Rear,no,no,no,no,no,False
103044407,METROPOLITAN NASHVILLE POLICE DEPT,20210400740,Davidson,Antioch,7/27/2021 3:00:00 PM,2,0,0,36.043650,-86.607340,MURFREESBORO PKE,,,,372.00,Feet,North,HOBSON PKE,,,,0.00,N,Not at Intersection, ,Non-Junction,None,,,         ,Thomas,Parsons,Clear,Angle,no,no,no,no,no,False
103044415,METROPOLITAN NASHVILLE POLICE DEPT,20210400855,Davidson,Nashville,7/27/2021 3:30:00 PM,2,0,0,36.153090,-86.765210,I 40,,,,0.00,,,,,,,210.65,N,Not at Intersection,N,Non-Junction,None,,,         ,Russell,Freeman,Clear,"Sideswipe, Same Direction",no,no,no,no,yes,False
103044419,METROPOLITAN NASHVILLE POLICE DEPT,20210400851,Davidson,Nashville,7/27/2021 8:00:00 AM,2,0,0,36.103920,-86.718050,TWIN OAKS DR,,,,192.00,Feet,West,TWIN OAKS PVTDR,,,,0.00,N,Not at Intersection,N,Non-Junction,None,,,         ,Christopher,Cantrell,Clear,"Sideswipe, Same Direction",no,no,no,no,yes,False
103044423,GOODLETTSVILLE POLICE DEPT,21-20829,Davidson,Goodlettsville,7/27/2021 4:19:00 PM,2,0,0,36.300810,-86.710830,I 65,,,,0.00,,,,,,,95.20,N,Not at Intersection, ,Non-Junction,None,,,         ,Brian,Hajdu,Clear,Front to Rear,no,no,no,no,no,False
103044425,METROPOLITAN NASHVILLE POLICE DEPT,20210400852,Davidson,Nashville,7/27/2021 4:06:00 PM,2,0,0,36.139062,-86.880590,HILLWOOD BLVD,,,,0.00,,,CHARLOTTE PK,,,,0.00,Y,Four-Way,N,Intersection,None,,,         ,Jeremy,Huffine,Clear,Angle,no,no,no,no,yes,False
103044477,METROPOLITAN NASHVILLE POLICE DEPT,20210400858,Davidson,Nashville,7/27/2021 4:15:00 PM,2,0,0,36.143010,-86.666640,DONELSON PKE,,,,262.00,Feet,North,I40 W ENT RAMP,,,,0.00,N,Not at Intersection,N,Non-Junction,None,,,         ,Christopher,Beery,Clear,Angle,no,no,no,no,no,False
103044493,METROPOLITAN NASHVILLE POLICE DEPT,20210400912,Davidson,Nashville,7/27/2021 12:00:00 AM,2,1,0,36.170820,-86.601550,OLD HICKORY BLVD,,,,0.00,,,I40 W ENT RAMP,,,,0.00,Y,Four-Way,N,Intersection,None,,,         ,Keenan,McCann,Clear,Angle,no,no,no,no,no,False
103044494,METROPOLITAN NASHVILLE POLICE DEPT,20210400719,Davidson,Nashville,7/27/2021 2:58:00 PM,2,0,0,36.173130,-86.747240,LILLIAN ST,,,,240.00,Feet,West,S 14TH ST,,,,0.00,N,Not at Intersection, ,,None,,,         ,Zachary,Aldrich,,,no,no,no,no,no,False
103044503,METROPOLITAN NASHVILLE POLICE DEPT,20210400871,Davidson,Nashville,7/27/2021 4:29:00 PM,2,0,0,36.155090,-86.830500,I 40,,,,0.00,,,,,,,205.40,N,Not at Intersection,N,Non-Junction,None,,,         ,Torian,Cox,Clear,Front to Rear,no,no,no,no,no,False
103044504,METROPOLITAN NASHVILLE POLICE DEPT,20210400922,Davidson,Goodlettsville,7/27/2021 4:16:00 PM,2,2,0,36.294920,-86.700940,RIVERGATE STATION PVTDR,,,,0.00,Feet,East,GALLATIN PKEN,,,,0.00,N,Not at Intersection,N,Non-Junction,None,,,         ,Joshua,Dodge,Clear,Angle,no,no,no,no,no,False
103044512,METROPOLITAN NASHVILLE POLICE DEPT,20210400685,Davidson,Nashville,7/27/2021 2:36:00 PM,3,0,0,36.130290,-86.899940,CHARLOTTE PKE,,,,0.00,,,I40 W EXT RAMP,,,,0.00,Y,T-Intersection,N,Intersection,None,,,         ,Adam,Reese,Clear,Angle,no,no,no,no,no,False
103044513,METROPOLITAN NASHVILLE POLICE DEPT,20210400765,Davidson,Not in City Limit,7/27/2021 3:21:00 PM,2,2,0,36.109560,-86.545990,HOBSON PKE,,,,934.00,Feet,East,GRANNY WRIGHT LN,,,,0.00,N,Not at Intersection,N,Non-Junction,None,,,         ,Nathaniel,Myers,Clear,HeadOn,no,no,no,no,no,False
103044515,METROPOLITAN NASHVILLE POLICE DEPT,20210400923,Davidson,Nashville,7/27/2021 5:00:00 PM,2,0,0,36.206620,-86.777950,W TRINITY LN,,,,0.00,,,BRICK CHURCH PKE,,,,0.00,Y,Four-Way, ,,None,,,         ,Craig,Paschetti,,,no,no,no,no,no,False
103044522,METROPOLITAN NASHVILLE POLICE DEPT,20210400966,Davidson,Nashville,7/27/2021 4:23:00 PM,2,0,0,36.096030,-86.708190,I 24,,,,0.00,,,,,,,54.90,N,Not at Intersection, ,,None,,,         ,John,Walden,,,no,no,no,no,no,False
103044529,METROPOLITAN NASHVILLE POLICE DEPT,20210401004,Davidson,Nashville,7/27/2021 5:15:00 PM,2,0,0,36.167960,-86.761270,SHELBY AV,,,,153.00,Feet,West,EDGEFIELD MANOR PVTDR,,,,0.00,N,Not at Intersection, ,Non-Junction,None,,,         ,Kevin,Clausius,Clear,"Sideswipe, Same Direction",no,no,no,no,no,False
103044532,METROPOLITAN NASHVILLE POLICE DEPT,20210400932,Davidson,Nashville,7/27/2021 12:00:00 AM,2,1,0,36.199090,-86.722980,RIVERSIDE DR,,,,54.00,Feet,South,ESSEX AV,,,,0.00,N,Not at Intersection,N,Non-Junction,None,,,         ,Maccio,Hightower,Clear,Front to Rear,no,no,no,no,no,False
103044534,METROPOLITAN NASHVILLE POLICE DEPT,20210400902,Davidson,Nashville,7/27/2021 4:24:00 PM,3,0,0,36.112480,-86.773420,FRANKLIN PKE,,,,111.00,Feet,South,FRANKLIN PKE NB ENT RAMP,,,,0.00,N,Not at Intersection, ,,None,,,         ,Tre,Marlowe,,,no,no,no,no,no,False
103044541,METROPOLITAN NASHVILLE POLICE DEPT,20210401061,Davidson,Nashville,7/27/2021 6:20:00 PM,3,1,0,36.138290,-86.726770,I 24,,,,0.00,,,,,,,52.25,N,Not at Intersection,N,Non-Junction,None,,,         ,Reagan,Heath,Clear,Front to Rear,no,no,no,no,no,False
103044542,METROPOLITAN NASHVILLE POLICE DEPT,20210401064,Davidson,Nashville,7/27/2021 12:00:00 AM,2,0,0,36.159880,-86.795310,15TH AVN,,,,41.00,Feet,South,CHARLOTTE AV,,,,0.00,N,Not at Intersection, ,Non-Junction,None,,,         ,Jeremy,Smith,Unknown,Unknown,no,no,no,no,yes,False
103044543,METROPOLITAN NASHVILLE POLICE DEPT,20210400993,Davidson,Not in City Limit,7/27/2021 5:46:00 PM,2,1,0,36.263090,-86.690490,E OLD HICKORY BLVD,,,,0.00,,,MYATT DR,,,,0.00,Y,Four-Way,Y,Intersection-Related,None,,,         ,Derek,Sibley,Clear,Angle,no,no,no,no,no,False
103044571,METROPOLITAN NASHVILLE POLICE DEPT,20210400977,Davidson,Nashville,7/27/2021 3:00:00 PM,2,0,0,36.153670,-86.808190,MURPHY,RD,,2201,1.00,Feet,North,,,,,1.00,N,Not at Intersection,N,Non-Junction,None,,,         ,William,Hamblen,Clear,Angle,no,no,no,yes,yes,False
103044572,METROPOLITAN NASHVILLE POLICE DEPT,20210401121,Davidson,Nashville,7/27/2021 6:15:00 PM,2,0,0,36.078150,-86.730520,HARDING PL,,,,343.00,Feet,East,MILNER DR,,,,0.00,N,Not at Intersection, ,,None,,,         ,Tre,Marlowe,,,no,no,no,no,no,False
103044575,METROPOLITAN NASHVILLE POLICE DEPT,20210400862,Davidson,Nashville,7/27/2021 4:20:00 PM,4,2,0,36.153420,-86.852380,I 40,,,,0.00,,,,,,,204.25,N,Not at Intersection,Y,Non-Junction,None,,,         ,Heather,Fox,Clear,Front to Rear,no,no,no,no,no,False
103044576,METROPOLITAN NASHVILLE POLICE DEPT,20210401100,Davidson,Nashville,7/27/2021 6:58:00 PM,1,1,0,36.160600,-86.778520,OPRY PL,,,,52.00,Feet,North,BROADWAY,,,,0.00,N,Not at Intersection,N,Non-Junction,None,,,         ,James,Hill,Cloudy,Not Collision with Motor Vehicle in Transport,no,no,yes,no,no,False
103044584,METROPOLITAN NASHVILLE POLICE DEPT,20210401103,Davidson,Nashville,7/27/2021 7:01:00 PM,1,1,0,36.200320,-86.716500,MARSDEN AV,,,,0.00,,,STRATFORD AV,,,,0.00,Y,Four-Way,N,Intersection,None,,,         ,Zachary,Aldrich,Clear,Not Collision with Motor Vehicle in Transport,no,no,no,no,no,False
103044593,METROPOLITAN NASHVILLE POLICE DEPT,20210401115,Davidson,Nashville,7/27/2021 5:40:00 PM,3,1,0,36.059180,-86.716240,NOLENSVILLE PKE,,,,41.00,Feet,North,TUSCULUM RD,,,,0.00,N,Not at Intersection,N,Non-Junction,None,,,         ,Timothy,Ward,Clear,Front to Rear,no,no,no,no,no,False
103044597,METROPOLITAN NASHVILLE POLICE DEPT,20210401166,Davidson,Not in City Limit,7/27/2021 7:52:00 PM,1,0,0,36.100580,-86.934940,I 40,,,,0.00,,,,,,,198.25,N,Not at Intersection,N,Non-Junction,None,,,         ,Jeremy,Huffine,Clear,Not Collision with Motor Vehicle in Transport,no,no,no,no,yes,False
103044608,METROPOLITAN NASHVILLE POLICE DEPT,20210401150,Davidson,Nashville,7/27/2021 7:40:00 PM,2,2,0,36.088240,-86.881070,CHEEKWOOD TER,,,,0.00,Feet,,HIGHWAY 100,,,,0.00,Y,T-Intersection,N,Intersection,None,,,         ,Heather,Fox,Clear,Front to Rear,no,no,no,no,no,False
103044609,METROPOLITAN NASHVILLE POLICE DEPT,20210401113,Davidson,Nashville,7/25/2021 12:00:00 PM,2,0,0,36.146580,-86.759160,HUBBARD ST,,,,0.00,,,LEWIS ST,,,,0.00,Y,T-Intersection,N,Non-Junction,None,,,         ,Christopher,Cantrell,Clear,Rear to Side,no,no,no,no,yes,False
103044615,METROPOLITAN NASHVILLE POLICE DEPT,20210401258,Davidson,Nashville,7/27/2021 6:59:00 PM,2,0,0,36.120120,-86.743020,FOSTER AVE,,,,16.00,Feet,North,PEACHTREE ST,,,,0.00,N,Not at Intersection,N,Non-Junction,None,,,         ,Austin,Binner,Clear,"Sideswipe, Opposite Direction",no,no,no,no,yes,False
103044656,METROPOLITAN NASHVILLE POLICE DEPT,20210401147,Davidson,Antioch,7/27/2021 5:52:00 PM,2,3,0,36.045250,-86.609100,MURFREESBORO PKE,,,,0.00,Feet,East,MOUNTAIN SPRINGS RD,,,,0.00,N,Not at Intersection,N,Non-Junction,None,,,         ,Beri,Scott,Clear,"Sideswipe, Same Direction",no,no,no,no,no,False
103044684,METROPOLITAN NASHVILLE POLICE DEPT,20210401140,Davidson,Nashville,7/27/2021 7:14:00 PM,2,0,0,36.057680,-86.716020,NOLENSVILLE PKE,,,,479.00,Feet,South,TUSCULUM RD,,,,0.00,N,Not at Intersection, ,Non-Junction,None,,,         ,Josh,Lauton,Clear,Front to Rear,no,no,no,no,no,False
103044710,METROPOLITAN NASHVILLE POLICE DEPT,20210401295,Davidson,Nashville,7/25/2021 12:00:00 AM,1,0,0,36.184180,-86.842860,PANORAMA DR,,,,76.00,Feet,East,COUNTY HOSPITAL RD,,,,0.00,N,Not at Intersection,N,Non-Junction,None,,,         ,Alec,Pellissier,Unknown,Not Collision with Motor Vehicle in Transport,no,no,no,yes,yes,False
103044712,METROPOLITAN NASHVILLE POLICE DEPT,20210401296,Davidson,Nashville,7/27/2021 9:26:00 PM,3,2,0,36.102270,-86.713480,I 24,,,,0.00,,,,,,,54.40,N,Not at Intersection,N,Non-Junction,Construction Zone,Laneclosure,Activity Area,         ,Beri,Scott,Clear,Front to Rear,no,no,no,no,no,False
103044723,METROPOLITAN NASHVILLE POLICE DEPT,20210401406,Davidson,Nashville,7/27/2021 11:22:00 PM,1,0,0,36.043220,-86.655130,I 24,,,,0.00,,,,,,,59.65,N,Not at Intersection,N,Non-Junction,None,,,         ,Tyler,Lewis,Clear,Not Collision with Motor Vehicle in Transport,no,no,no,no,yes,False
103044738,METROPOLITAN NASHVILLE POLICE DEPT,20210401390,Davidson,Nashville,7/27/2021 12:00:00 AM,4,0,0,36.185850,-86.772240,JOSEPH AV,,,,536.00,Feet,South,CLEVELAND ST,,,,0.00,N,Not at Intersection,N,Non-Junction,None,,,         ,Kiana,Perry,Clear,"Sideswipe, Opposite Direction",no,no,no,no,yes,False
103044741,METROPOLITAN NASHVILLE POLICE DEPT,20210401537,Davidson,Nashville,7/28/2021 1:05:00 AM,1,1,0,36.086910,-86.648680,MURFREESBORO PKE,,,,0.00,,,NASHBORO BLVD,,,,0.00,Y,Four-Way,N,Intersection,None,,,         ,Tyler,Lewis,Clear,Not Collision with Motor Vehicle in Transport,no,no,no,no,no,False
103044753,METROPOLITAN NASHVILLE POLICE DEPT,20210401380,Davidson,Nashville,7/27/2021 10:39:00 PM,3,0,0,36.087350,-86.648960,MURFREESBORO PKE,,,,180.00,Feet,North,RANSOM PL,,,,0.00,N,Not at Intersection,N,Non-Junction,None,,,         ,Ronald,Conner,Clear,Front to Rear,no,no,no,no,yes,False
103044765,METROPOLITAN NASHVILLE POLICE DEPT,20210401679,Davidson,Goodlettsville,7/28/2021 3:30:00 AM,1,0,0,36.296910,-86.699160,MYATT DR,,,,0.00,,,GALLATIN PKEN,,,,0.00,Y,Four-Way,N,Intersection-Related,None,,,         ,Jonathon,Sheppard,Clear,Not Collision with Motor Vehicle in Transport,no,no,no,no,no,False
103044785,METROPOLITAN NASHVILLE POLICE DEPT,20210401455,Davidson,Nashville,7/28/2021 12:01:00 AM,3,2,0,36.105070,-86.670390,MURFREESBORO PKE,,,,461.00,Feet,East,EZELL PKE,,,,0.00,N,Not at Intersection,N,Non-Junction,None,,,         ,Autumn,Manning,Clear,Front to Rear,no,no,no,no,no,False
103044812,METROPOLITAN NASHVILLE POLICE DEPT,20210401806,Davidson,Nashville,7/28/2021 12:30:00 AM,2,0,0,36.094270,-86.720220,CATHY JO CIR,,,,59.00,Feet,West,NORWAY TER,,,,0.00,N,Not at Intersection,N,Non-Junction,None,,,         ,Teresah,Pinho,Clear,Front to Rear,no,no,no,no,yes,False
103044829,METROPOLITAN NASHVILLE POLICE DEPT,20210401790,Davidson,Nashville,7/28/2021 5:45:00 AM,2,0,0,36.110680,-86.770780,I 65,,,,0.00,,,,,,,79.80,N,Not at Intersection,N,Non-Junction,None,,,         ,Ricardo,Cruz,Clear,"Sideswipe, Same Direction",no,no,no,no,no,False
103044830,METROPOLITAN NASHVILLE POLICE DEPT,20210401813,Davidson,Nashville,7/28/2021 6:27:00 AM,2,1,0,36.199930,-86.751680,ELLINGTON PKWY,,,,41.00,Feet,North,CHICKASAW AV,,,,0.00,N,Not at Intersection,N,Non-Junction,None,,,         ,Lindsey,Anderson,Clear,Angle,no,no,no,no,no,False
103044835,METROPOLITAN NASHVILLE POLICE DEPT,20210401867,Davidson,Nashville,7/28/2021 6:49:00 AM,2,0,0,36.077270,-86.725610,NOLENSVILLE PKE,,,,75.00,Feet,North,WALLACE RD,,,,0.00,N,Not at Intersection,N,Non-Junction,None,,,         ,Earl,Davis,Clear,Angle,no,no,no,no,yes,False
103044849,METROPOLITAN NASHVILLE POLICE DEPT,20210401827,Davidson,Nashville,7/28/2021 6:18:00 AM,1,0,0,36.206220,-86.721010,MCGAVOCK PKE,,,,69.00,Feet,West,HIDDEN TERRACE CT,,,,0.00,N,Not at Intersection,N,Non-Junction,None,,,         ,Michael,Agee,,Not Collision with Motor Vehicle in Transport,no,no,no,no,no,False
103044855,METROPOLITAN NASHVILLE POLICE DEPT,20210401952,Davidson,Not in City Limit,7/28/2021 7:58:00 AM,2,0,0,36.077160,-86.946130,HIGHWAY 70S,,,,286.00,Feet,West,SAWYER BROWN RD,,,,0.00,N,Not at Intersection, ,Non-Junction,None,,,         ,Jeffery,Leiser,Clear,Front to Rear,no,no,no,no,no,False
103044869,METROPOLITAN NASHVILLE POLICE DEPT,20210401980,Davidson,Antioch,7/28/2021 8:21:00 AM,3,0,0,36.028400,-86.590530,MURFREESBORO PKE,,,,15.00,Feet,North,LAVERGNE COUCHVILLE PKE,,,,0.00,N,Not at Intersection,N,Non-Junction,None,,,         ,Joe,Hooper,Clear,"Sideswipe, Same Direction",no,no,no,no,no,False
103044880,THP District 3 - Nashville,321050937,Davidson,Nashville,7/26/2021 4:30:00 PM,3,0,0,36.147510,-86.744370,I 40,,,,0.00,,,,,,,212.00,N,Not at Intersection, ,Non-Junction,None,,,         ,Alexander,Campbell,Rain,Front to Rear,no,no,no,no,no,False
103044890,METROPOLITAN NASHVILLE POLICE DEPT,20210402020,Davidson,Nashville,7/28/2021 8:50:00 AM,2,0,0,36.248020,-86.720000,DUE WEST AVE,,,,97.00,Feet,East,GALLATIN PKES,,,,0.00,N,Not at Intersection,N,Non-Junction,None,,,         ,Brian,Otto,Clear,Angle,no,no,no,yes,yes,False
103044895,METROPOLITAN NASHVILLE POLICE DEPT,2021-0401819,Davidson,Nashville,7/28/2021 12:00:00 AM,1,1,0,36.196020,-86.687530,BRILEY PKWY N EXT RAMP,,,,0.00,Feet,East,BRILEY PKWYN,,,,0.00,N,Not at Intersection,N,Non-Junction,None,,,         ,Joshua,McGarvey,Clear,Not Collision with Motor Vehicle in Transport,no,no,no,no,no,False
103044897,METROPOLITAN NASHVILLE POLICE DEPT,20210402120,Davidson,Not in City Limit,7/28/2021 9:52:00 AM,2,0,0,35.991170,-86.683470,NOLENSVILLE RD,,,,14.00,Feet,North,BURKITT RD,,,,0.00,N,Not at Intersection, ,Non-Junction,None,,,         ,Joe,Hooper,Clear,Front to Rear,no,no,no,no,no,False
103044900,METROPOLITAN NASHVILLE POLICE DEPT,20210402077,Davidson,Nashville,7/28/2021 9:21:00 AM,2,1,0,36.154830,-86.692110,BRILEY PKWYS,,,,27.00,Feet,North,BRILEY PKWY S EXT RAMP,,,,0.00,N,Not at Intersection,N,Non-Junction,None,,,         ,Patrick,Lancaster,Clear,Front to Rear,no,no,no,no,no,False
103044915,METROPOLITAN NASHVILLE POLICE DEPT,20210402140,Davidson,Not in City Limit,7/28/2021 10:07:00 AM,2,0,0,36.279310,-86.733940,I 65,,,,0.00,,,,,,,93.30,N,Not at Intersection, ,Non-Junction,None,,,         ,Christopher,Littles,Clear,"Sideswipe, Same Direction",no,no,no,no,no,False
103044921,METROPOLITAN NASHVILLE POLICE DEPT,20210402129,Davidson,Nashville,7/28/2021 9:39:00 AM,2,0,0,36.114180,-86.724500,EXIT 54,,,,0.00,Feet,East,I 24,,,,0.00,N,Not at Intersection,N,Non-Junction,None,,,         ,James,Thomas,Clear,Angle,no,no,no,no,yes,False
103044923,METROPOLITAN NASHVILLE POLICE DEPT,20210401825,Davidson,Not in City Limit,7/27/2021 9:00:00 PM,1,0,0,36.022370,-86.657580,BLAIRFIELD DR,,,,331.00,Feet,West,KANLOW DR,,,,0.00,N,Not at Intersection,N,Non-Junction,None,,,         ,Kristopher,Sharpe,Unknown,Not Collision with Motor Vehicle in Transport,no,no,no,no,yes,False
103044930,Metro Park Police,20210400623,Davidson,Nashville,7/27/2021 12:45:00 PM,2,0,0,36.172870,-86.734970,FATHERLAND ST,,,,573.00,Feet,North,S 19TH ST,,,,0.00,N,Not at Intersection, ,Non-Junction,None,,,         ,Bryan,Crutchfield,Clear,Rear to Side,no,no,no,yes,no,False
103044931,THP District 3 - Nashville,321051319,Davidson,Nashville,7/28/2021 7:01:00 AM,2,0,0,36.230590,-86.771140,I 65,,,,0.00,,,,,,,89.00,N,Not at Intersection, ,Non-Junction,None,,,         ,Matthew,Priest,Clear,Front to Rear,no,no,no,no,no,False
103044968,METROPOLITAN NASHVILLE POLICE DEPT,20210402334,Davidson,Nashville,7/28/2021 11:47:00 AM,2,0,0,36.085620,-86.701470,I24 E EXT RAMP,,,,20.00,Feet,East,HARDING PL,,,,0.00,N,Not at Intersection,N,Entrance/Exit Ramp Related,None,,,         ,Joe,Hooper,Clear,Front to Rear,no,no,no,no,yes,False
103044969,METROPOLITAN NASHVILLE POLICE DEPT,20210402319,Davidson,Nashville,7/28/2021 12:02:00 PM,2,1,0,36.174100,-86.608520,CENTRAL PKE,,,,0.00,,,FRIST BLVD,,,,0.00,Y,Four-Way,N,Intersection,None,,,         ,Michael,Brooks,Clear,Angle,no,no,no,no,no,False
103045030,METROPOLITAN NASHVILLE POLICE DEPT,20210402419,Davidson,Nashville,7/28/2021 1:05:00 PM,1,1,0,36.141560,-86.732790,I 40,,,,0.00,,,,,,,212.75,N,Not at Intersection,N,Non-Junction,None,,,         ,Michael,Dance,Clear,Not Collision with Motor Vehicle in Transport,no,no,no,no,no,False
103045089,METROPOLITAN NASHVILLE POLICE DEPT,20210402270,Davidson,Not in City Limit,7/28/2021 8:33:00 AM,2,0,0,36.327200,-86.891230,I 24,,,,0.00,,,,,,,33.70,N,Not at Intersection, ,,None,,,         ,Jeanine,Sarno,,,no,no,no,no,no,False
103045093,METROPOLITAN NASHVILLE POLICE DEPT,20210402303,Davidson,Nashville,7/28/2021 11:10:00 AM,1,1,0,36.127920,-86.844910,BOSLEY SPRINGS RD,,,,108.00,Feet,East,ST THOMAS DR,,,,0.00,N,Not at Intersection,N,Non-Junction,None,,,         ,Douglas,Atwood,Clear,Not Collision with Motor Vehicle in Transport,yes,no,no,yes,no,False
103045097,METROPOLITAN NASHVILLE POLICE DEPT,20210402252,Davidson,Goodlettsville,7/28/2021 10:53:00 AM,2,0,0,36.293020,-86.704070,RIVERGATE SQUARE PVTDR,,,,480.00,Feet,East,CRESTVIEW DR,,,,0.00,N,Not at Intersection,N,Non-Junction,None,,,         ,Christopher,Littles,Clear,"Sideswipe, Same Direction",no,no,no,no,yes,False
103045098,METROPOLITAN NASHVILLE POLICE DEPT,20210402277,Davidson,Not in City Limit,7/28/2021 11:33:00 AM,2,0,0,36.279350,-86.708830,GALLATIN PKEN,,,,0.00,,,ONE MILE PKWY,,,,0.00,Y,Four-Way,N,Intersection,None,,,         ,Christopher,Littles,Clear,"Sideswipe, Same Direction",no,no,no,no,yes,False
103045115,METROPOLITAN NASHVILLE POLICE DEPT,20210402525,Davidson,Goodlettsville,7/28/2021 1:55:00 PM,2,0,0,36.302510,-86.694460,RIVERGATE MALL PVTDR,,,,0.00,,,GALLATIN PKEN,,,,0.00,Y,T-Intersection,N,Intersection,None,,,         ,Christopher,Littles,Clear,"Sideswipe, Same Direction",no,no,no,yes,yes,False
103045120,METROPOLITAN NASHVILLE POLICE DEPT,20210402368,Davidson,Nashville,7/28/2021 12:33:00 PM,3,0,0,36.165180,-86.763770,I 24,,,,0.00,,,,,,,49.05,N,Not at Intersection, ,Non-Junction,None,,,         ,Matthew,Cammarn,Clear,Front to Rear,no,no,no,no,no,False
103045121,METROPOLITAN NASHVILLE POLICE DEPT,20210402427,Davidson,Nashville,7/28/2021 1:06:00 PM,2,0,0,36.082100,-86.761700,HARDING PL,,,,0.00,,,I65 N EXT RAMP,,,,0.00,Y,Four-Way, ,Intersection,None,,,         ,Earl,Davis,Clear,"Sideswipe, Same Direction",no,no,no,no,no,False
103045151,METROPOLITAN NASHVILLE POLICE DEPT,20210402478,Davidson,Nashville,7/28/2021 1:36:00 PM,3,6,0,36.124080,-86.751680,NOLENSVILLE PKE,,,,0.00,,,I440 W EXT RAMP,,,,0.00,Y,T-Intersection,N,Intersection,None,,,         ,Joe,Hooper,Clear,Angle,no,no,no,no,no,False
103045164,METROPOLITAN NASHVILLE POLICE DEPT,20210402447,Davidson,Nashville,7/28/2021 1:05:00 PM,2,1,0,36.182760,-86.774940,I 24,,,,0.00,,,,,,,47.40,N,Not at Intersection,N,Non-Junction,None,,,         ,Emelie,Skye,Clear,Front to Rear,no,no,no,no,no,False
103045165,METROPOLITAN NASHVILLE POLICE DEPT,20210402477,Davidson,Nashville,7/28/2021 1:20:00 PM,1,1,0,36.107840,-86.808940,GLEN ECHO RD,,,,155.00,Feet,East,BENHAM AV,,,,0.00,N,Not at Intersection,N,Non-Junction,Work Zone,Laneclosure,Activity Area,         ,Earl,Davis,Clear,Not Collision with Motor Vehicle in Transport,yes,no,no,no,yes,False
103045190,METROPOLITAN NASHVILLE POLICE DEPT,20210402490,Davidson,Nashville,7/28/2021 1:42:00 PM,3,0,0,36.125260,-86.733100,-- UNKNOWN RAMP/ROAD --,,,,0.00,Feet,East,I 440,,,,0.00,N,Not at Intersection, ,Non-Junction,None,,,         ,James,Thomas,Clear,Front to Rear,no,no,no,no,no,False
103045242,METROPOLITAN NASHVILLE POLICE DEPT,20210402593,Davidson,Nashville,7/28/2021 2:57:00 PM,2,2,0,36.171960,-86.591670,CENTRAL PKE,,,,0.00,Feet,East,VALLEY GROVE DR,,,,0.00,N,Not at Intersection,N,Non-Junction,None,,,         ,Evan,Grace,Clear,Front to Rear,no,no,no,no,no,False
103045256,METROPOLITAN NASHVILLE POLICE DEPT,20210402597,Davidson,Nashville,7/28/2021 1:39:00 PM,2,0,0,36.096890,-86.708890,I 24,,,,0.00,,,,,,,54.80,N,Not at Intersection,N,Non-Junction,None,,,         ,Laura,Williams,Clear,"Sideswipe, Same Direction",no,no,no,no,yes,False