master_record_number,agency,agency_tracking_number,county,city,collision_date,vehicles_involved,number_injured,number_dead,latitude,longitude,roadway_name,roadway_suffix,roadway_number,roadway_local_id,distance_from_reference,miles-feet_indicator,direction_from_reference,intersection_road_name,intersection_road_name_suffix,intersection_road_number,intersection_local_id,mile_marker,intersection_indicator,intersect_type,interchange_related_indicator,relation_to_junction,work_zone_type,construction_maintenance_zone,construction_maintenance_zone_location,fatal_case_number,officer_first_name,officer_last_name,weather_condition(s),manner_of_crash,pedestrian,bicycle,scooter,parking,hitrun,mou
103048234,METROPOLITAN NASHVILLE POLICE DEPT,20210408598,Davidson,Nashville,7/31/2021 10:25:00 PM,2,2,0,36.198740,-86.688440,BRILEY PKWYS,,,,226.00,Feet,South,BRILEY PKWY S EXT RAMP,,,,0.00,N,Not at Intersection,N,Non-Junction,None,,,         ,Christopher,Beery,Rain,Angle,no,no,no,no,no,False
103048242,METROPOLITAN NASHVILLE POLICE DEPT,20210408592,Davidson,Nashville,7/31/2021 12:00:00 AM,2,5,0,36.172590,-86.762800,S 6TH ST,,,,0.00,Feet,East,WOODLAND ST,,,,0.00,N,Not at Intersection,N,Non-Junction,None,,,         ,Maccio,Hightower,Rain,Angle,no,no,no,no,no,False
103048243,METROPOLITAN NASHVILLE POLICE DEPT,20210408554,Davidson,Nashville,7/31/2021 9:40:00 PM,1,1,0,36.167170,-86.769970,S 2ND ST,,,,569.00,Feet,South,RUSSELL ST,,,,0.00,N,Not at Intersection,N,Non-Junction,None,,,         ,Corteze,Armstrong,Rain,Not Collision with Motor Vehicle in Transport,yes,no,no,yes,no,False
103048248,METROPOLITAN NASHVILLE POLICE DEPT,20210408607,Davidson,Nashville,7/31/2021 10:34:00 PM,2,0,0,36.144410,-86.741700,LANNIE BOSWELL AV,,,,0.00,,,ELM HILL PKE,,,,0.00,Y,T-Intersection, ,Intersection,None,,,         ,Destiny,Zunic,Rain,Angle,no,no,no,no,no,False
103048249,METROPOLITAN NASHVILLE POLICE DEPT,20210408624,Davidson,Nashville,7/31/2021 10:48:00 PM,1,0,0,36.143890,-86.689340,I40 W EXT RAMP,,,,0.00,Feet,East,I 40,,,,0.00,N,Not at Intersection,N,Non-Junction,None,,,         ,Ryan,Malone,Rain,Not Collision with Motor Vehicle in Transport,no,no,no,no,no,False
103048255,METROPOLITAN NASHVILLE POLICE DEPT,20210408627,Davidson,Nashville,7/31/2021 10:45:00 PM,1,1,0,36.098160,-86.656130,OLD MURFREESBORO PKE,,,,624.00,Feet,North,MURFREESBORO PKE,,,,0.00,N,Not at Intersection,N,Non-Junction,None,,,         ,Roger,Luther,"Cloudy, Rain",Not Collision with Motor Vehicle in Transport,no,no,no,no,no,False
103048266,METROPOLITAN NASHVILLE POLICE DEPT,20210408610,Davidson,Nashville,7/31/2021 9:38:00 PM,2,1,0,36.072260,-86.636560,MURFREESBORO PKE,,,,181.00,Feet,North,BELL RD,,,,0.00,N,Not at Intersection,N,Non-Junction,None,,,         ,Eric,Laury,"Cloudy, Rain",Front to Rear,no,no,no,no,no,False
103048268,METROPOLITAN NASHVILLE POLICE DEPT,20210407661,Davidson,Nashville,7/31/2021 5:09:00 AM,1,0,0,36.183000,-86.776610,COWAN ST,,,,0.00,,,,,,,0.00,,,N,Non-Junction,None,,,         ,Tim,Le,Clear,Unknown,no,no,no,yes,yes,False
103048271,METROPOLITAN NASHVILLE POLICE DEPT,20210408635,Davidson,Nashville,7/31/2021 10:55:00 PM,2,1,0,36.208300,-86.776250,I 65,,,,0.00,,,,,,,87.40,N,Not at Intersection,N,Non-Junction,None,,,         ,Brian,DeMarce,Rain,Front to Rear,no,no,no,no,no,False
103048272,METROPOLITAN NASHVILLE POLICE DEPT,20210408672,Davidson,Nashville,7/31/2021 11:15:00 PM,1,0,0,36.116270,-86.792070,I 440,,,,0.00,,,,,,,0.00,,Not at Intersection,N,Non-Junction,None,,,         ,Jeremy,Crisp,Rain,Not Collision with Motor Vehicle in Transport,no,no,no,no,no,False
103048273,METROPOLITAN NASHVILLE POLICE DEPT,20210408584,Davidson,Nashville,7/31/2021 12:00:00 AM,2,0,0,36.139770,-86.727620,I 24,,,,0.00,,,,,,,51.35,N,Not at Intersection,N,Non-Junction,None,,,         ,Corey,Reed,Rain,Angle,no,no,no,no,no,False
103048279,METROPOLITAN NASHVILLE POLICE DEPT,20210408641,Davidson,Not in City Limit,7/31/2021 8:55:00 PM,2,0,0,36.263070,-86.711920,STATE RT 45,,,,0.00,,,GALLATIN PKEN,,,,0.00,Y,Four-Way, ,Intersection,None,,,         ,John,Hoesli,Rain,"Sideswipe, Same Direction",no,no,no,no,no,False
103048281,METROPOLITAN NASHVILLE POLICE DEPT,20210408706,Davidson,Nashville,7/31/2021 11:38:00 PM,1,1,0,36.139360,-86.638680,EAST LAKE DR,,,,284.00,Feet,North,LAKEFORD DR,,,,0.00,N,Not at Intersection,N,Non-Junction,None,,,         ,Mary,Robinson,Rain,Not Collision with Motor Vehicle in Transport,no,no,no,no,no,False
103048286,METROPOLITAN NASHVILLE POLICE DEPT,20210408167,Davidson,Nashville,7/31/2021 4:27:00 PM,3,0,0,36.141210,-86.717340,I 40,,,,0.00,,,,,,,213.20,N,Not at Intersection,N,Non-Junction,None,,,         ,Jason,Kedzierski,Clear,Angle,no,no,no,no,no,False
103048287,METROPOLITAN NASHVILLE POLICE DEPT,20210408608,Davidson,Not in City Limit,7/31/2021 9:50:00 PM,2,1,0,36.285440,-86.807110,I 24,,,,0.00,,,,,,,39.80,N,Not at Intersection,N,Non-Junction,None,,,         ,William,Badger,Rain,Front to Rear,no,no,no,no,no,False
103048288,METROPOLITAN NASHVILLE POLICE DEPT,20210408540,Davidson,Nashville,7/31/2021 7:31:00 PM,2,0,0,36.153990,-86.757420,I 40,,,,0.00,,,,,,,211.10,N,Not at Intersection, ,Non-Junction,None,,,         ,William,Sutherland,Rain,Front to Rear,no,no,no,no,no,False
103048289,METROPOLITAN NASHVILLE POLICE DEPT,20210408799,Davidson,Nashville,8/1/2021 12:28:00 AM,1,0,0,36.150380,-86.748930,I 40,,,,0.00,,,,,,,211.65,N,Not at Intersection,N,Non-Junction,None,,,         ,Dallas,Johnson,Rain,Not Collision with Motor Vehicle in Transport,no,no,no,no,no,False
103048291,METROPOLITAN NASHVILLE POLICE DEPT,20210408639,Davidson,Nashville,7/31/2021 10:14:00 PM,2,0,0,36.048800,-86.713670,NOLENSVILLE PKE,,,,0.00,,,HICKORYVIEW DR,,,,0.00,Y,T-Intersection,N,Intersection,None,,,         ,D’Mitri,Mackall,Rain,Front to Rear,no,no,no,no,yes,False
103048292,METROPOLITAN NASHVILLE POLICE DEPT,20210408613,Davidson,Nashville,7/31/2021 10:35:00 PM,2,0,0,36.160750,-86.776370,4TH AVS,,,,0.00,,,,,,,0.00,,,N,Non-Junction,None,,,         ,Jonathan,Sharp,"Cloudy, Rain",Rear to Rear,no,no,no,yes,no,False
103048293,METROPOLITAN NASHVILLE POLICE DEPT,20210408716,Davidson,Nashville,7/31/2021 12:00:00 AM,2,1,0,36.189200,-86.773090,DICKERSON PKE,,,,134.00,Feet,North,WHITES CREEK PKE,,,,0.00,N,Not at Intersection,N,Non-Junction,None,,,         ,Jerre,Fly,Rain,Front to Rear,no,no,no,no,yes,False
103048296,METROPOLITAN NASHVILLE POLICE DEPT,20210408679,Davidson,Nashville,7/31/2021 10:58:00 PM,2,0,0,36.208300,-86.776250,I 65,,,,0.00,,,,,,,87.40,N,Not at Intersection,N,Non-Junction,None,,,         ,Jeremy,Arnold,Rain,Front to Rear,no,no,no,no,no,False
103048297,METROPOLITAN NASHVILLE POLICE DEPT,20210408778,Davidson,Nashville,7/31/2021 11:40:00 PM,2,0,0,36.167620,-86.762170,SHELBY AV,,,,16.00,Feet,East,S 5TH ST,,,,0.00,N,Not at Intersection, ,Non-Junction,None,,,         ,Devyn,Hollinsworth,Rain,"Sideswipe, Same Direction",no,no,no,no,yes,False
103048305,METROPOLITAN NASHVILLE POLICE DEPT,20210408692,Davidson,Nashville,7/31/2021 12:00:00 AM,1,0,0,36.231000,-86.751060,BROADMOOR DR,,,,0.00,,,WALTON LN,,,,0.00,Y,Four-Way,N,Intersection-Related,None,,,         ,Esther,Poysti,Rain,Not Collision with Motor Vehicle in Transport,no,no,no,no,no,False
103048306,METROPOLITAN NASHVILLE POLICE DEPT,20210408886,Davidson,Nashville,8/1/2021 1:34:00 AM,2,0,0,36.151210,-86.750740,I 40,,,,0.00,,,,,,,211.55,N,Not at Intersection, ,Non-Junction,None,,,         ,Bryson,Wilkins,,Front to Rear,no,no,no,no,no,False
103048307,METROPOLITAN NASHVILLE POLICE DEPT,20210408741,Davidson,Nashville,8/1/2021 12:00:00 AM,1,0,0,36.119600,-86.766345,,,I440,,0.00,,East,,,,,5.02,N,Not at Intersection,N,Non-Junction,None,,,         ,Kelsey,Hicks,Rain,Not Collision with Motor Vehicle in Transport,no,no,no,no,no,False
103048309,METROPOLITAN NASHVILLE POLICE DEPT,20210408695,Davidson,Nashville,7/31/2021 11:31:00 PM,2,2,0,36.105620,-86.671800,MURFREESBORO PKE,,,,0.00,,,EZELL PKE,,,,0.00,Y,T-Intersection,N,Intersection,None,,,         ,Robert,Leverick,Rain,Angle,no,no,no,no,no,False
103048310,METROPOLITAN NASHVILLE POLICE DEPT,20210408810,Davidson,Nashville,8/1/2021 12:38:00 AM,2,0,0,36.069590,-86.693910,HAYWOOD LN,,,,0.00,Feet,West,EZELL RD,,,,0.00,N,Not at Intersection,Y,OtherLocation,None,,,         ,Jose,Oliveros,Rain,Angle,no,no,no,no,yes,False
103048316,METROPOLITAN NASHVILLE POLICE DEPT,20210408734,Davidson,Nashville,7/31/2021 11:55:00 PM,1,0,0,36.168020,-86.690810,BRILEY PKWY S ENT RAMP,,,,0.00,,,LEBANON PKE,,,,0.00,Y,OTHER,N,Intersection-Related,None,,,         ,Samuel,Fredericks,Rain,Not Collision with Motor Vehicle in Transport,no,no,no,no,no,False
103048317,METROPOLITAN NASHVILLE POLICE DEPT,20210408726,Davidson,Nashville,7/31/2021 10:25:00 PM,2,0,0,36.090180,-86.644040,NASHBORO VILLAGE PVTDR,,,,0.00,,,NASHBORO VILLAGE  PVTDR,,,,0.00,Y,OTHER,N,Non-Junction,None,,,         ,Samuel,Fredericks,Rain,Front to Rear,no,no,no,yes,yes,False
103048318,METROPOLITAN NASHVILLE POLICE DEPT,20210408926,Davidson,Nashville,8/1/2021 12:00:00 AM,1,0,0,36.150680,-86.749950,I 40,,,,0.00,,,,,,,211.60,N,Not at Intersection,N,Non-Junction,None,,,         ,Ryan,Malone,Rain,Not Collision with Motor Vehicle in Transport,no,no,no,no,no,False
103048324,METROPOLITAN NASHVILLE POLICE DEPT,20210408942,Davidson,Nashville,8/1/2021 12:00:00 AM,2,0,0,36.153250,-86.789110,DEMONBREUN ST,,,,237.00,Feet,West,14TH AVS,,,,0.00,N,Not at Intersection, ,Non-Junction,None,,,         ,David,Barras,Rain,Front to Rear,no,no,no,no,no,False
103048350,METROPOLITAN NASHVILLE POLICE DEPT,20210409009,Davidson,Nashville,8/1/2021 2:59:00 AM,1,0,0,36.074360,-86.629250,ANDERSON RD,,,,105.00,Feet,East,FOREST TRACE DR,,,,0.00,N,Not at Intersection,N,Non-Junction,None,,,         ,Lisa,Beck,Clear,Not Collision with Motor Vehicle in Transport,no,no,no,no,no,False
103048352,METROPOLITAN NASHVILLE POLICE DEPT,20210408686,Davidson,Not in City Limit,7/31/2021 11:20:00 PM,1,0,0,36.014340,-86.664300,PETTUS RD,,,,0.00,,,,,,,0.00,,Not at Intersection,N,Non-Junction,None,,,         ,Ronald,Conner,Rain,Not Collision with Motor Vehicle in Transport,no,no,no,yes,no,False
103048353,METROPOLITAN NASHVILLE POLICE DEPT,20210408925,Davidson,Nashville,8/1/2021 2:09:00 AM,2,0,0,36.044830,-86.662640,BELL RD,,,,331.00,Feet,West,CANE RIDGE RD,,,,0.00,N,Not at Intersection,N,Non-Junction,None,,,         ,D’Mitri,Mackall,Clear,Not Collision with Motor Vehicle in Transport,no,no,no,no,no,False
103048371,METROPOLITAN NASHVILLE POLICE DEPT,20210408974,Davidson,Nashville,8/1/2021 3:00:00 AM,2,1,0,36.154630,-86.779160,LAFAYETTE ST,,,,0.00,,,8TH AVS,,,,0.00,Y,Roundabout,N,Intersection,None,,,         ,Nathaniel,Jones,Clear,Unknown,no,no,no,no,yes,False
103048374,METROPOLITAN NASHVILLE POLICE DEPT,20210408985,Davidson,Nashville,8/1/2021 1:50:00 AM,2,0,0,36.133270,-86.896510,I40 W EXT RAMP,,,,0.00,Feet,East,I 40,,,,0.00,N,Not at Intersection, ,,None,,,         ,John,Robish,,,no,no,no,no,no,False
103048383,METROPOLITAN NASHVILLE POLICE DEPT,20210409081,Davidson,Nashville,8/1/2021 12:00:00 AM,2,0,0,36.152630,-86.761920,CHARLES E DAVIS BLVD,,,,192.00,Feet,South,GREEN ST,,,,0.00,N,Not at Intersection, ,Non-Junction,None,,,         ,Dallas,Johnson,Cloudy,Front to Rear,no,no,no,no,yes,False
103048389,METROPOLITAN NASHVILLE POLICE DEPT,20210408902,Davidson,Nashville,8/1/2021 1:51:00 AM,1,1,0,36.086550,-86.729880,NOLENSVILLE PKE,,,,155.00,Feet,South,ELYSIAN FIELDS CT,,,,0.00,N,Not at Intersection,N,Non-Junction,None,,,         ,Robert,Leverick,,Not Collision with Motor Vehicle in Transport,no,no,no,no,no,False
103048391,METROPOLITAN NASHVILLE POLICE DEPT,20210409036,Davidson,Nashville,8/1/2021 12:20:00 AM,2,0,0,36.154470,-86.770360,2ND AVS,,,,0.00,Feet,East,MIDDLETON ST,,,,0.00,N,Not at Intersection,Y,Non-Junction,None,,,         ,Tim,Le,Rain,Angle,no,no,no,no,yes,False
103048404,METROPOLITAN NASHVILLE POLICE DEPT,20210409111,Davidson,Nashville,8/1/2021 6:14:00 AM,2,0,0,36.067230,-86.661670,UNA ANTIOCH PKE,,,,0.00,,,RICHARDS RD,,,,0.00,Y,Four-Way, ,Intersection,None,,,         ,Jason,Hees,,"Sideswipe, Opposite Direction",no,no,no,no,yes,False
103048436,METROPOLITAN NASHVILLE POLICE DEPT,20210409148,Davidson,Nashville,8/1/2021 7:23:00 AM,2,0,0,36.150290,-86.771320,I 40,,,,0.00,,,,,,,210.30,N,Not at Intersection,N,Non-Junction,None,,,         ,Nicholas,Smith,Rain,Angle,no,no,no,no,yes,False
103048441,METROPOLITAN NASHVILLE POLICE DEPT,20210409157,Davidson,Nashville,8/1/2021 12:00:00 AM,1,0,0,36.152520,-86.859010,I40 W ENT RAMP,,,,0.00,Feet,East,I 40,,,,0.00,N,Not at Intersection,Y,Entrance/Exit Ramp Related,None,,,         ,Lynsey,Fish,Cloudy,Not Collision with Motor Vehicle in Transport,no,no,no,no,no,False
103048446,THP District 3 - Nashville,321052273,Davidson,Nashville,7/31/2021 5:13:00 PM,2,0,0,36.158030,-86.625350,I 40,,,,0.00,,,,,,,219.25,N,Not at Intersection, ,Non-Junction,None,,,         ,Clint,Cooper,Clear,Angle,no,no,no,no,no,False
103048458,METROPOLITAN NASHVILLE POLICE DEPT,20210409139,Davidson,Nashville,8/1/2021 7:15:00 AM,2,6,0,36.140110,-86.887400,I 40,,,,0.00,,,,,,,202.00,N,Not at Intersection,N,Non-Junction,None,,,         ,Bradley,Pope,Rain,Front to Rear,no,no,no,no,no,False
103048465,METROPOLITAN NASHVILLE POLICE DEPT,20210409180,Davidson,Nashville,8/1/2021 7:28:00 AM,1,0,0,36.194070,-86.775650,I 65,,,,0.00,,,,,,,86.45,N,Not at Intersection,Y,Entrance/Exit Ramp Related,None,,,         ,William,Coy,Cloudy,Not Collision with Motor Vehicle in Transport,no,no,no,no,no,False
103048483,METROPOLITAN NASHVILLE POLICE DEPT,20210409259,Davidson,Nashville,8/1/2021 9:30:00 AM,2,0,0,36.074550,-86.920950,OLD HICKORY BLVD,,,,25.00,Feet,North,HIGHWAY 70S,,,,0.00,N,Not at Intersection, ,Non-Junction,None,,,         ,Jeffery,Leiser,Cloudy,Front to Rear,no,no,no,no,no,False
103048488,METROPOLITAN NASHVILLE POLICE DEPT,20210409302,Davidson,Nashville,8/1/2021 10:30:00 AM,1,1,0,36.092930,-86.705670,I 24,,,,0.00,,,,,,,55.15,N,Not at Intersection,N,Non-Junction,None,,,         ,Eric,Burford,Cloudy,Not Collision with Motor Vehicle in Transport,no,no,no,no,no,False
103048490,METROPOLITAN NASHVILLE POLICE DEPT,20210409212,Davidson,Nashville,8/1/2021 2:50:00 AM,1,0,0,36.082160,-86.626900,MOSSDALE DR,,,,365.00,Feet,West,WHORLEY DR,,,,0.00,N,Not at Intersection,N,Non-Junction,None,,,         ,John,Chambers,"Cloudy, Rain",Not Collision with Motor Vehicle in Transport,no,no,no,yes,yes,False
103048561,METROPOLITAN NASHVILLE POLICE DEPT,20210409419,Davidson,Nashville,8/1/2021 12:40:00 PM,2,0,0,36.079600,-86.726320,NOLENSVILLE PKE,,,,0.00,,,HARDING PL,,,,0.00,Y,Four-Way, ,Intersection,None,,,         ,Jackson,Smythe,Cloudy,Front to Rear,no,no,no,no,no,False
103048563,METROPOLITAN NASHVILLE POLICE DEPT,20210409349,Davidson,Nashville,8/1/2021 11:30:00 AM,2,0,0,36.164130,-86.762770,I 24,,,,0.00,,,,,,,49.15,N,Not at Intersection, ,Non-Junction,None,,,         ,Faye,Denson,Clear,Front to Rear,no,no,no,no,no,False
103048616,METROPOLITAN NASHVILLE POLICE DEPT,20210409135,Davidson,Antioch,8/1/2021 7:16:00 AM,1,2,0,36.040750,-86.597030,OLD HICKORY BLVD,,,,0.00,,,CAREFREE LN,,,,0.00,Y,T-Intersection,N,Non-Junction,None,,,         ,Tyler,Heckaman,,Not Collision with Motor Vehicle in Transport,no,no,no,no,no,False
103048625,METROPOLITAN NASHVILLE POLICE DEPT,20210409442,Davidson,Nashville,8/1/2021 1:06:00 PM,2,0,0,36.128940,-86.905800,US HWY 70,,,,237.00,Feet,East,RIVER RD,,,,0.00,N,Not at Intersection, ,Non-Junction,None,,,         ,Jeffery,Leiser,Clear,Angle,no,no,no,no,no,False
103048626,METROPOLITAN NASHVILLE POLICE DEPT,20210409461,Davidson,Madison,8/1/2021 1:37:00 PM,2,0,0,36.264150,-86.735620,I65 N EXT RAMP,,,,0.00,Feet,East,OLD HICKORY BLVDW,,,,0.00,N,Not at Intersection, ,Entrance/Exit Ramp Related,None,,,         ,Michael,McCord,Clear,Front to Rear,no,no,no,no,no,False
103048633,GOODLETTSVILLE POLICE DEPT,21-21307,Davidson,Goodlettsville,8/1/2021 1:35:00 PM,2,0,0,36.325310,-86.701520,LONG HOLLOW PKE,,,,101.00,Feet,North,CONFERENCE DR,,,,0.00,N,Not at Intersection, ,Non-Junction,None,,,         ,Brian,Hajdu,Cloudy,"Sideswipe, Same Direction",no,no,no,no,no,False
103048664,METROPOLITAN NASHVILLE POLICE DEPT,20210409450,Davidson,Not in City Limit,8/1/2021 12:00:00 PM,1,0,0,36.268660,-86.774180,RIDGEMONT DR,,,,571.00,Feet,South,BELL GRIMES LN,,,,0.00,N,Not at Intersection,N,Non-Junction,None,,,         ,Ricki,Armstrong,Clear,Not Collision with Motor Vehicle in Transport,no,no,no,no,no,False
103048672,METROPOLITAN NASHVILLE POLICE DEPT,20210409483,Davidson,Antioch,8/1/2021 2:33:00 PM,2,1,0,36.032370,-86.583340,FIRELIGHT TRL,,,,352.00,Feet,South,SINGING HILLS DR,,,,0.00,N,Not at Intersection,N,Non-Junction,None,,,         ,Nadine,Klemenz,Cloudy,Rear to Side,no,no,no,no,yes,False
103048695,METROPOLITAN NASHVILLE POLICE DEPT,20210408459,Davidson,Nashville,7/31/2021 5:47:00 PM,2,1,0,36.253980,-86.700800,IDLEWILD DR,,,,0.00,Feet,,NEELYS BEND RD,,,,0.00,Y,T-Intersection,N,Intersection-Related,None,,,         ,Forrest,Punke,Clear,Angle,no,no,no,no,yes,False
103048700,METROPOLITAN NASHVILLE POLICE DEPT,20210409515,Davidson,Antioch,8/1/2021 2:58:00 PM,2,1,0,36.028350,-86.590470,MURFREESBORO PKE,,,,0.00,,,LAVERGNE COUCHVILLE PKE,,,,0.00,Y,Four-Way,Y,Intersection-Related,None,,,         ,John,McDonnell,Clear,Front to Rear,no,no,no,no,no,False
103048727,METROPOLITAN NASHVILLE POLICE DEPT,20210409510,Davidson,Nashville,8/1/2021 2:56:00 PM,1,0,0,36.116843,-86.770895,I440 WEST MM 4 8,,,,0.00,,West,,,,,4.80,N,Not at Intersection, ,Non-Junction,None,,,         ,Matthew,Hogan,Clear,Not Collision with Motor Vehicle in Transport,no,no,no,no,no,False
103048728,METROPOLITAN NASHVILLE POLICE DEPT,20210409574,Davidson,Nashville,8/1/2021 12:00:00 AM,2,0,0,36.179040,-86.605350,OLD HICKORY BLVD,,,,119.00,Feet,North,I40 E EXT RAMP,,,,0.00,N,Not at Intersection, ,,None,,,         ,Keenan,McCann,,,no,no,no,no,no,False
103048738,METROPOLITAN NASHVILLE POLICE DEPT,20210409594,Davidson,Nashville,8/1/2021 2:53:00 PM,2,0,0,36.081160,-86.726820,NOLENSVILLE PKE,,,,544.00,Feet,South,WELSHWOOD DR,,,,0.00,N,Not at Intersection,N,Non-Junction,None,,,         ,Thomas,Parsons,Clear,Angle,no,no,no,yes,yes,False
103048745,Nashville Airport Police,2021-02790,Davidson,Nashville,7/30/2021 11:23:00 AM,3,1,0,36.103620,-86.666480,FAIRCLOTH LN,,,,0.00,,,OLD MURFREESBORO PKE,,,,0.00,Y,Four-Way,Y,OtherLocation,Construction Zone,Work On Shoulder Or Median,Activity Area,         ,Alex,Giles,Clear,Front to Rear,no,no,no,no,no,False
103048761,METROPOLITAN NASHVILLE POLICE DEPT,20210409622,Davidson,Nashville,8/1/2021 1:00:00 PM,2,0,0,36.244620,-86.762080,SKYLINE COMMONS PVTDR,,,,0.00,Feet,East,DOVERSIDE DR,,,,0.00,N,Not at Intersection,N,Non-Junction,None,,,         ,Joshua,Dodge,Clear,Unknown,no,no,no,yes,yes,False
103048772,METROPOLITAN NASHVILLE POLICE DEPT,20210409660,Davidson,Nashville,8/1/2021 12:00:00 AM,2,0,0,36.198440,-86.620270,LEBANON PKE,,,,0.00,,,OLD HICKORY BLVD,,,,0.00,Y,Four-Way,N,Intersection,None,,,         ,Keenan,McCann,Clear,Front to Rear,no,no,no,no,no,False
103048796,METROPOLITAN NASHVILLE POLICE DEPT,20210409517,Davidson,Nashville,8/1/2021 3:00:00 PM,2,2,0,36.207260,-86.783600,W TRINITY LN,,,,107.00,Feet,East,MONTICELLO DR,,,,0.00,N,Not at Intersection,N,Non-Junction,None,,,         ,Keegan,Winchell,Clear,Angle,no,no,no,no,no,False
103048797,METROPOLITAN NASHVILLE POLICE DEPT,20210409656,Davidson,Nashville,8/1/2021 4:50:00 PM,2,1,0,36.220500,-86.774770,I 65,,,,0.00,,,,,,,88.30,N,Not at Intersection,N,Non-Junction,None,,,         ,Keegan,Winchell,Clear,Front to Rear,no,no,no,no,no,False
103048798,METROPOLITAN NASHVILLE POLICE DEPT,20210409521,Davidson,Nashville,8/1/2021 2:52:00 PM,1,0,0,36.159720,-86.780190,BROADWAY,,,,95.00,Feet,West,6TH AVS,,,,0.00,N,Not at Intersection,N,"Driveway, Alley Access, etc",None,,,         ,James,Hill,Clear,Not Collision with Motor Vehicle in Transport,no,no,no,yes,yes,False
103048799,METROPOLITAN NASHVILLE POLICE DEPT,20210409749,Davidson,Nashville,8/1/2021 5:36:00 PM,2,0,0,36.168750,-86.676740,LEBANON PKE,,,,0.00,,,,,,,0.00,,, ,Non-Junction,None,,,         ,Brandon,Chapman,Clear,"Sideswipe, Opposite Direction",no,no,no,no,yes,False
103048804,METROPOLITAN NASHVILLE POLICE DEPT,20210409692,Davidson,Not in City Limit,8/1/2021 5:13:00 PM,2,0,0,36.266640,-86.724740,HERITAGE DR,,,,161.00,Feet,South,HERITAGE TRACE DR,,,,0.00,N,Not at Intersection,N,Non-Junction,None,,,         ,Brandon,Lopez,Clear,Angle,no,no,no,no,yes,False
103048809,METROPOLITAN NASHVILLE POLICE DEPT,20210409743,Davidson,Nashville,8/1/2021 5:45:00 PM,2,0,0,36.154000,-86.758470,I 40,,,,0.00,,,,,,,211.05,N,Not at Intersection, ,Non-Junction,None,,,         ,Christopher,Beery,Clear,"Sideswipe, Same Direction",no,no,no,no,no,False
103048838,METROPOLITAN NASHVILLE POLICE DEPT,20210409759,Davidson,Nashville,8/1/2021 6:15:00 PM,2,3,0,36.216370,-86.812210,MOORMANS ARM RD,,,,302.00,Feet,East,CROUCH DR,,,,0.00,N,Not at Intersection,N,Non-Junction,None,,,         ,Chase,Harriman,Clear,Angle,no,no,no,no,no,False
103048845,METROPOLITAN NASHVILLE POLICE DEPT,20210409689,Davidson,Nashville,8/1/2021 5:21:00 PM,2,1,0,36.044820,-86.662540,BELL RD,,,,299.00,Feet,West,CANE RIDGE RD,,,,0.00,N,Not at Intersection,N,Non-Junction,None,,,         ,Steven,Bowler,Clear,Angle,no,no,no,no,yes,False
103048851,METROPOLITAN NASHVILLE POLICE DEPT,20210409644,Davidson,Nashville,8/1/2021 4:13:00 PM,2,0,0,36.088230,-86.701610,I 24,,,,0.00,,,,,,,55.55,N,Not at Intersection, ,Non-Junction,None,,,         ,Keith,Parlato,Clear,Not Collision with Motor Vehicle in Transport,no,no,no,no,no,False
103048858,METROPOLITAN NASHVILLE POLICE DEPT,20210409815,Davidson,Nashville,7/31/2021 10:00:00 PM,2,0,0,36.153490,-86.788590,DEMONBREUN ST,,,,60.00,Feet,West,14TH AVS,,,,0.00,N,Not at Intersection, ,Non-Junction,None,,,         ,Dakota,Davis,Clear,"Sideswipe, Same Direction",no,no,no,no,yes,False
103048874,METROPOLITAN NASHVILLE POLICE DEPT,20210409890,Davidson,Nashville,8/1/2021 8:15:00 PM,2,2,0,36.131880,-86.895530,CHARLOTTE PKE,,,,0.00,,,I40 E ENT RAMP,,,,0.00,Y,Four-Way,N,Intersection,None,,,         ,Heather,Fox,Clear,Front to Rear,no,no,no,no,no,False
103048883,METROPOLITAN NASHVILLE POLICE DEPT,20210409844,Davidson,Nashville,8/1/2021 7:34:00 PM,4,3,0,36.171840,-86.764770,S 5TH ST,,,,0.00,,,WOODLAND ST,,,,0.00,Y,Four-Way,N,Intersection,None,,,         ,Jason,Milyaro Lucas,Clear,Angle,no,no,no,no,no,False
103048885,METROPOLITAN NASHVILLE POLICE DEPT,20210409756,Davidson,Nashville,8/1/2021 6:17:00 PM,3,1,0,36.181760,-86.725590,EASTLAND AV,,,,0.00,,,RIVERSIDE DR,,,,0.00,Y,Four-Way,N,Intersection,None,,,         ,Kelsey,Hemminger,Clear,Angle,no,no,no,no,no,False
103048896,METROPOLITAN NASHVILLE POLICE DEPT,2021-0409847,Davidson,Nashville,8/1/2021 7:33:00 PM,1,1,0,36.069140,-86.689350,I 24,,,,0.00,,,,,,,57.00,N,Not at Intersection,N,Non-Junction,None,,,         ,Wayne,Helm,Clear,Not Collision with Motor Vehicle in Transport,no,no,no,no,no,False