master_record_number,agency,agency_tracking_number,county,city,collision_date,vehicles_involved,number_injured,number_dead,latitude,longitude,roadway_name,roadway_suffix,roadway_number,roadway_local_id,distance_from_reference,miles-feet_indicator,direction_from_reference,intersection_road_name,intersection_road_name_suffix,intersection_road_number,intersection_local_id,mile_marker,intersection_indicator,intersect_type,interchange_related_indicator,relation_to_junction,work_zone_type,construction_maintenance_zone,construction_maintenance_zone_location,fatal_case_number,officer_first_name,officer_last_name,weather_condition(s),manner_of_crash,pedestrian,bicycle,scooter,parking,hitrun,mou
103056565,METROPOLITAN NASHVILLE POLICE DEPT,20210423133,Davidson,Nashville,8/9/2021 8:40:00 PM,2,1,0,36.121820,-86.704830,MURFREESBORO PKE,,,,0.00,,,KERMIT DR,,,,0.00,Y,Four-Way,N,Intersection-Related,None,,,         ,Dontaveous,Eubanks,Clear,Angle,no,no,no,no,no,False
103056568,METROPOLITAN NASHVILLE POLICE DEPT,20210422847,Davidson,Not in City Limit,8/9/2021 4:58:00 PM,2,0,0,36.263070,-86.711920,STATE RT 45,,,,0.00,Feet,West,GALLATIN PKEN,,,,0.00,N,Not at Intersection, ,,None,,,         ,Austin,Bowles,,,no,no,no,no,no,False
103056576,METROPOLITAN NASHVILLE POLICE DEPT,20210423192,Davidson,Nashville,8/9/2021 10:02:00 PM,1,1,0,36.074680,-86.753550,BLACKMAN RD,,,,369.00,Feet,East,TIMBERHILL DR,,,,0.00,N,Not at Intersection,N,Non-Junction,None,,,         ,Zachary,Akers,Clear,Not Collision with Motor Vehicle in Transport,no,no,no,no,no,False
103056587,THP District 3 - Nashville,321053690,Davidson,Nashville,8/6/2021 3:53:00 PM,2,0,0,36.049430,-86.648660,MT VIEW RD,,,,317.00,Feet,East,BELL RD,,,,0.00,N,Not at Intersection, ,Non-Junction,None,,,         ,Eric,Bihembo,Clear,Front to Rear,no,no,no,no,yes,False
103056615,METROPOLITAN NASHVILLE POLICE DEPT,20210423261,Davidson,Not in City Limit,8/9/2021 11:20:00 PM,1,1,0,36.267060,-86.724570,HERITAGE DR,,,,0.00,,,HERITAGE TRACE DR,,,,0.00,,OTHER,N,Non-Junction,None,,,         ,Jonathon,Sheppard,Clear,Not Collision with Motor Vehicle in Transport,no,no,no,yes,no,False
103056621,METROPOLITAN NASHVILLE POLICE DEPT,20210423238,Davidson,Nashville,8/9/2021 9:50:00 PM,2,0,0,36.089070,-86.649990,RANSOM PL,,,,0.00,,,MURFREESBORO PKE,,,,0.00,Y,Four-Way,N,Intersection,None,,,         ,Samuel,Fredericks,Clear,Angle,no,no,no,no,no,False
103056631,METROPOLITAN NASHVILLE POLICE DEPT,20210423225,Davidson,Nashville,8/9/2021 10:48:00 PM,2,0,0,36.088210,-86.701450,I24 W ENT RAMP,,,,0.00,,East,I 24,,,,0.00,N,Not at Intersection,N,Non-Junction,None,,,         ,Antoine,Maghamez,Clear,"Sideswipe, Same Direction",no,no,no,no,no,False
103056636,METROPOLITAN NASHVILLE POLICE DEPT,20210423276,Davidson,Goodlettsville,8/9/2021 9:46:00 PM,4,0,0,36.297020,-86.699080,GALLATIN PKEN,,,,45.00,Feet,North,RIVERGATE PKWY,,,,0.00,N,Not at Intersection,N,Non-Junction,None,,,         ,Ashton,Hill,Clear,Front to Rear,no,no,no,no,yes,False
103056644,METROPOLITAN NASHVILLE POLICE DEPT,20210421937,Davidson,Nashville,8/9/2021 5:51:00 AM,1,1,0,36.086060,-86.807690,BELMONT PARK TER,,,,550.00,Feet,North,BURTON VALLEY RD,,,,0.00,N,Not at Intersection,N,Non-Junction,None,,,         ,David,Barras,Clear,Not Collision with Motor Vehicle in Transport,no,no,no,no,no,False
103056655,METROPOLITAN NASHVILLE POLICE DEPT,20210423394,Davidson,Nashville,8/10/2021 12:00:00 AM,1,0,0,36.257530,-86.652010,13TH ST,,,,14.00,Feet,East,MERRITT ST,,,,0.00,N,Not at Intersection,N,Non-Junction,None,,,         ,Nelson,Hemingway,Clear,Not Collision with Motor Vehicle in Transport,no,no,no,no,yes,False
103056731,METROPOLITAN NASHVILLE POLICE DEPT,20210423332,Davidson,Nashville,8/10/2021 12:35:00 AM,2,3,0,36.152200,-86.842180,CHARLOTTE AV,,,,11.00,Feet,East,46TH AVN,,,,0.00,N,Not at Intersection,N,Non-Junction,None,,,         ,Cameron,Schmid,Clear,Angle,no,no,no,no,no,False
103056733,METROPOLITAN NASHVILLE POLICE DEPT,20210423559,Davidson,Nashville,8/10/2021 5:39:00 AM,2,0,0,36.249090,-86.742140,I 65,,,,0.00,,,,,,,91.10,N,Not at Intersection,N,Non-Junction,None,,,         ,Jonathon,Sheppard,Clear,Front to Rear,no,no,no,no,no,False
103056755,METROPOLITAN NASHVILLE POLICE DEPT,20210423563,Davidson,Not in City Limit,8/10/2021 5:43:00 AM,1,1,0,36.267910,-86.792720,I 24,,,,0.00,,,,,,,41.25,N,Not at Intersection,N,Non-Junction,None,,,         ,Alquavious,McDaniel,Clear,Not Collision with Motor Vehicle in Transport,no,no,no,no,no,False
103056770,METROPOLITAN NASHVILLE POLICE DEPT,20210422628,Davidson,Nashville,8/9/2021 2:40:00 PM,2,0,0,36.164860,-86.767910,SHELBY AV,,,,0.00,,,S 2ND ST,,,,0.00,Y,T-Intersection, ,,None,,,         ,Michael,Douglas,,,no,no,no,no,no,False
103056772,METROPOLITAN NASHVILLE POLICE DEPT,20210423620,Davidson,Nashville,8/10/2021 6:59:00 AM,2,0,0,36.103890,-86.756090,SIDCO DR,,,,400.00,Feet,South,NORRIS AV,,,,0.00,N,Not at Intersection,N,Non-Junction,None,,,         ,Jarram,Plastow,,Front to Rear,no,no,no,no,no,False
103056775,METROPOLITAN NASHVILLE POLICE DEPT,20210423611,Davidson,Nashville,8/10/2021 6:51:00 AM,3,1,0,36.141180,-86.717590,I 40,,,,0.00,,,,,,,213.20,N,Not at Intersection,N,Non-Junction,None,,,         ,Michael,Dance,Clear,"Sideswipe, Same Direction",no,no,no,no,yes,False
103056780,METROPOLITAN NASHVILLE POLICE DEPT,20210423596,Davidson,Nashville,8/10/2021 6:30:00 AM,2,1,0,36.061300,-86.716680,NOLENSVILLE PKE,,,,0.00,,,MCMURRAY DR,,,,0.00,Y,T-Intersection,N,Intersection,None,,,         ,Ricardo,Cruz,Clear,Angle,no,no,no,no,no,False
103056789,METROPOLITAN NASHVILLE POLICE DEPT,20210423626,Davidson,Nashville,8/10/2021 6:59:00 AM,2,0,0,36.170820,-86.601550,OLD HICKORY BLVD,,,,0.00,,,I40 W EXT RAMP,,,,0.00,Y,OTHER, ,,None,,,         ,Michael,Brooks,,,no,no,no,no,no,False
103056805,METROPOLITAN NASHVILLE POLICE DEPT,20210423699,Davidson,Nashville,8/10/2021 7:42:00 AM,2,2,0,36.276660,-86.801030,I24 E ENT RAMP,,,,0.00,,,I 24,,,,0.00,Y,Four-Way,N,Intersection,None,,,         ,Christopher,Littles,Cloudy,Angle,no,no,no,no,no,False
103056816,METROPOLITAN NASHVILLE POLICE DEPT,20210423641,Davidson,Antioch,8/10/2021 7:11:00 AM,2,2,0,36.062390,-86.593400,HOBSON PKE,,,,174.00,Feet,South,BEACHMIST WAY,,,,0.00,N,Not at Intersection,N,Non-Junction,None,,,         ,Joe,Hooper,Clear,Front to Rear,no,no,no,no,no,False
103056840,METROPOLITAN NASHVILLE POLICE DEPT,20210423800,Davidson,Nashville,8/10/2021 7:34:00 AM,2,0,0,36.024950,-86.632140,I 24,,,,0.00,,,,,,,61.60,N,Not at Intersection, ,Non-Junction,Construction Zone,,,         ,Joe,Hooper,Clear,Front to Rear,no,no,no,no,no,False
103056849,METROPOLITAN NASHVILLE POLICE DEPT,20210423773,Davidson,Nashville,8/10/2021 8:20:00 AM,2,0,0,36.234380,-86.720350,BRILEY PKWYW,,,,69.00,Feet,North,BRILEY PKWYE,,,,0.00,N,Not at Intersection,N,Non-Junction,None,,,         ,Brian,Otto,Clear,Angle,no,no,no,no,no,False
103056856,METROPOLITAN NASHVILLE POLICE DEPT,20210423730,Davidson,Nashville,8/10/2021 7:50:00 AM,1,0,0,36.078170,-86.919570,OLD HICKORY BLVD,,,,222.00,Feet,North,BELLE FOREST CONDOS PVTDR,,,,0.00,N,Not at Intersection,N,Non-Junction,None,,,         ,Andrew,Anoskey,Clear,Not Collision with Motor Vehicle in Transport,no,no,no,no,no,False
103056868,METROPOLITAN NASHVILLE POLICE DEPT,20210423822,Davidson,Not in City Limit,8/10/2021 8:19:00 AM,1,0,0,36.324510,-86.880900,BINKLEY RD,,,,1828.00,Feet,East,STAGNER RD,,,,0.00,N,Not at Intersection, ,Non-Junction,None,,,         ,Ryan,Worstall,Clear,Not Collision with Motor Vehicle in Transport,no,no,no,no,no,False
103056878,METROPOLITAN NASHVILLE POLICE DEPT,20210423819,Davidson,Nashville,8/10/2021 9:05:00 AM,3,2,0,36.153270,-86.725020,LEBANON PKE,,,,1035.00,Feet,West,SPENCE LN,,,,0.00,N,Not at Intersection,N,"Driveway, Alley Access, etc",None,,,         ,Michael,Dance,Clear,Front to Rear,no,no,no,no,no,False
103056882,METROPOLITAN NASHVILLE POLICE DEPT,20210423802,Davidson,Nashville,8/10/2021 8:51:00 AM,3,1,0,36.187200,-86.756860,ELLINGTON PKWYS,,,,252.00,Feet,East,APEX ST,,,,0.00,N,Not at Intersection,N,Non-Junction,None,,,         ,Jarret,Sonnenberg,Clear,Front to Rear,no,no,no,no,no,False
103056901,METROPOLITAN NASHVILLE POLICE DEPT,20210423820,Davidson,Nashville,8/10/2021 9:05:00 AM,2,0,0,36.234430,-86.721480,BRILEY PKWYW,,,,0.00,,,BRILEY PKWY W EXT RAMP,,,,0.00,Y,OTHER,N,Entrance/Exit Ramp Related,None,,,         ,Eric,Richardson,Clear,Front to Rear,no,no,no,no,no,False
103056904,METROPOLITAN NASHVILLE POLICE DEPT,20210423848,Davidson,Nashville,8/10/2021 9:04:00 AM,2,0,0,36.101140,-86.800440,GRANNY WHITE PKE,,,,0.00,,,SHACKLEFORD RD,,,,0.00,Y,T-Intersection,N,Intersection,None,,,         ,Earl,Davis,Clear,Angle,no,no,no,no,no,False
103056920,METROPOLITAN NASHVILLE POLICE DEPT,20210423832,Davidson,Nashville,8/10/2021 9:20:00 AM,1,1,0,36.206780,-86.781010,W TRINITY LN,,,,0.00,,,SCRUGGS LN,,,,0.00,Y,T-Intersection,N,Non-Junction,None,,,         ,Michael,Richardson,Clear,Not Collision with Motor Vehicle in Transport,no,no,no,no,no,False
103056949,METROPOLITAN NASHVILLE POLICE DEPT,20210423925,Davidson,Nashville,8/10/2021 9:20:00 AM,2,0,0,36.234380,-86.720450,BRILEY PKWYW,,,,266.00,Feet,East,BRILEY PKWY W EXT RAMP,,,,0.00,N,Not at Intersection, ,,None,,,         ,Christopher,Littles,,,no,no,no,no,no,False
103056950,METROPOLITAN NASHVILLE POLICE DEPT,20210423979,Davidson,Madison,8/10/2021 10:38:00 AM,2,0,0,36.263070,-86.711920,STATE RT 45,,,,0.00,,,GALLATIN PKEN,,,,0.00,Y,Four-Way, ,Intersection,None,,,         ,Christopher,Littles,Cloudy,Angle,no,no,no,no,no,False
103056959,METROPOLITAN NASHVILLE POLICE DEPT,20210423851,Davidson,Nashville,8/10/2021 9:35:00 AM,2,0,0,36.194910,-86.776160,I 65,,,,0.00,,,,,,,86.50,N,Not at Intersection, ,OtherLocation,None,,,         ,Kenneth,Oneal,Clear,"Sideswipe, Same Direction",no,no,no,no,no,False
103056962,METROPOLITAN NASHVILLE POLICE DEPT,20210423694,Davidson,Nashville,8/10/2021 7:40:00 AM,1,1,0,36.136820,-86.741110,FOSTER AV,,,,357.00,Feet,North,MURFREESBORO PKE,,,,0.00,N,Not at Intersection,N,Non-Junction,None,,,         ,Todd,Watson,Clear,Not Collision with Motor Vehicle in Transport,no,no,no,no,no,False
103056963,METROPOLITAN NASHVILLE POLICE DEPT,20210423830,Davidson,Nashville,8/10/2021 8:30:00 AM,2,0,0,36.180660,-86.749690,ORDWAY PL,,,,0.00,,,GALLATIN AV,,,,0.00,Y,T-Intersection, ,Non-Junction,None,,,         ,Jarrett,Messick,Clear,Front to Rear,no,no,no,no,no,False
103056969,METROPOLITAN NASHVILLE POLICE DEPT,20210424057,Davidson,Nashville,8/10/2021 10:02:00 AM,2,0,0,36.161110,-86.792890,CHARLOTTE AV,,,,70.00,Feet,West,GEORGE L DAVIS BLVD,,,,0.00,N,Not at Intersection,N,Non-Junction,None,,,         ,Jason,Thomas,Cloudy,Front to Rear,no,no,no,no,yes,False
103056984,METROPOLITAN NASHVILLE POLICE DEPT,20210424014,Davidson,Nashville,8/10/2021 11:27:00 AM,3,2,0,36.216460,-86.623420,OLD HICKORY BLVD,,,,125.00,Feet,South,2ND ST,,,,0.00,N,Not at Intersection,N,Non-Junction,None,,,         ,Michael,Brooks,Cloudy,HeadOn,no,no,no,no,no,False
103056986,METROPOLITAN NASHVILLE POLICE DEPT,20210423993,Davidson,Nashville,8/10/2021 9:45:00 AM,2,1,0,36.161070,-86.793730,14TH AVN,,,,0.00,,,I40 E EXT RAMP,,,,0.00,Y,Four-Way,N,Entrance/Exit Ramp Related,None,,,         ,Derek,Garcia,Clear,Front to Rear,no,no,no,no,yes,False
103056988,METROPOLITAN NASHVILLE POLICE DEPT,20210424106,Davidson,Madison,8/10/2021 12:26:00 PM,2,0,0,36.263330,-86.714600,OLD HICKORY BLVDW,,,,0.00,,,DOUGLAS ST,,,,0.00,Y,T-Intersection,N,Intersection,None,,,         ,Christopher,Littles,Cloudy,Angle,no,no,no,no,no,False
103057001,Nashville Airport Police,2021-02971,Davidson,Nashville,8/10/2021 11:57:00 AM,1,0,0,36.129140,-86.665380,DONELSON PKE,,,,0.00,,,DONELSON PKE S ENT RAMP,,,,0.00,Y,OTHER,N,Non-Junction,None,,,         ,George,Youssef,Clear,Not Collision with Motor Vehicle in Transport,no,no,no,no,no,False
103057002,METROPOLITAN NASHVILLE POLICE DEPT,20210424139,Davidson,Nashville,8/10/2021 12:51:00 PM,2,0,0,36.152570,-86.754640,I 40,,,,0.00,,,,,,,211.30,N,Not at Intersection, ,Non-Junction,None,,,         ,Michael,Dance,Clear,"Sideswipe, Same Direction",no,no,no,no,no,False
103057007,METROPOLITAN NASHVILLE POLICE DEPT,20210424109,Davidson,Nashville,8/10/2021 12:06:00 PM,2,6,0,36.088690,-86.795240,BATTERY LN,,,,250.00,Feet,East,PADDOCK PK,,,,0.00,N,Not at Intersection,N,Non-Junction,None,,,         ,Earl,Davis,Clear,Front to Rear,no,no,no,no,no,False
103057066,METROPOLITAN NASHVILLE POLICE DEPT,20210424049,Davidson,Nashville,8/10/2021 11:49:00 AM,2,1,0,36.207090,-86.807600,W TRINITY LN,,,,188.00,Feet,West,DAY ST,,,,0.00,N,Not at Intersection,N,Non-Junction,None,,,         ,Jedidayah,Merriweather,Cloudy,"Sideswipe, Same Direction",no,no,no,no,yes,False
103057067,METROPOLITAN NASHVILLE POLICE DEPT,20210424179,Davidson,Nashville,8/10/2021 1:05:00 PM,2,0,0,36.124530,-86.847210,WOODMONT BLVD,,,,206.00,Feet,South,WHITE BRIDGE PKE,,,,0.00,N,Not at Intersection, ,Non-Junction,None,,,         ,Douglas,Atwood,Clear,Other,no,no,no,no,no,False
103057088,METROPOLITAN NASHVILLE POLICE DEPT,20210424206,Davidson,Nashville,8/10/2021 1:14:00 PM,2,0,0,36.151500,-86.804960,LOUISE AV,,,,250.00,Feet,North,ELLISTON PL,,,,0.00,N,Not at Intersection,N,Non-Junction,None,,,         ,Earl,Davis,Clear,Unknown,no,no,no,yes,yes,False
103057108,METROPOLITAN NASHVILLE POLICE DEPT,20210424205,Davidson,Nashville,8/10/2021 1:30:00 PM,2,0,0,36.040010,-86.743470,OLD HICKORY BLVD,,,,0.00,,,EDMONDSON PKE,,,,0.00,Y,Four-Way,Y,Intersection-Related,None,,,         ,Derek,Garcia,Clear,"Sideswipe, Same Direction",no,no,no,no,yes,False
103057114,GOODLETTSVILLE POLICE DEPT,21-22292,Davidson,Goodlettsville,8/10/2021 1:47:00 PM,2,0,0,36.307840,-86.703960,I65 N ENT RAMP,,,,0.00,,,RIVERGATE PKWY,,,,0.00,Y,T-Intersection, ,Entrance/Exit Ramp Related,None,,,         ,Brian,Hajdu,Cloudy,Front to Rear,no,no,no,no,no,False
103057138,METROPOLITAN NASHVILLE POLICE DEPT,20210424192,Davidson,Nashville,8/10/2021 1:20:00 PM,2,0,0,36.193300,-86.752020,DOUGLAS AV,,,,0.00,,,ELLINGTON PKWY N ENT RAMP,,,,0.00,Y,OTHER, ,Entrance/Exit Ramp Related,None,,,         ,William,Clemons,Clear,Front to Rear,no,no,no,no,no,False
103057139,METROPOLITAN NASHVILLE POLICE DEPT,20210424291,Davidson,Nashville,8/10/2021 2:50:00 PM,1,0,0,36.228370,-86.747020,ELLINGTON PKWYN,,,,215.00,Feet,North,ELLINGTON PKWYS,,,,0.00,N,Not at Intersection,N,Non-Junction,None,,,         ,Adam,Warren,Clear,Not Collision with Motor Vehicle in Transport,no,no,no,no,no,False
103057146,METROPOLITAN NASHVILLE POLICE DEPT,20210424279,Davidson,Nashville,8/10/2021 2:44:00 PM,2,2,0,36.203550,-86.738530,GALLATIN PKE,,,,0.00,,,E TRINITY LN,,,,0.00,Y,T-Intersection,Y,Intersection,None,,,         ,Kelsey,Hemminger,Clear,Angle,no,no,no,no,no,False
103057166,METROPOLITAN NASHVILLE POLICE DEPT,20210424244,Davidson,Nashville,8/10/2021 2:00:00 PM,2,1,0,36.130090,-86.912960,RIVER RD,,,,767.00,Feet,West,RIVER RD PVTDR,,,,0.00,N,Not at Intersection,N,Non-Junction,None,,,         ,Wesley,Tilley,Clear,Angle,no,no,no,no,no,False
103057171,METROPOLITAN NASHVILLE POLICE DEPT,20210424200,Davidson,Nashville,8/10/2021 1:32:00 PM,2,0,0,36.075080,-86.920980,OLD HICKORY BLVD,,,,140.00,Feet,South,BELLE FOREST SHOPPING CENTER P,,,,0.00,N,Not at Intersection, ,Non-Junction,None,,,         ,Jeffery,Leiser,Clear,"Sideswipe, Same Direction",no,no,no,no,no,False
103057201,METROPOLITAN NASHVILLE POLICE DEPT,20210424290,Davidson,Nashville,8/10/2021 2:39:00 PM,2,2,0,36.151670,-86.842180,46TH AVN,,,,194.00,Feet,South,CHARLOTTE AV,,,,0.00,N,Not at Intersection,N,"Driveway, Alley Access, etc",None,,,         ,Adam,Reese,Clear,Angle,no,no,no,no,no,False
103057212,METROPOLITAN NASHVILLE POLICE DEPT,20210424419,Davidson,Nashville,8/10/2021 1:31:00 PM,2,0,0,36.174900,-86.760000,MAIN ST,,,,307.00,Feet,East,N 7TH ST,,,,0.00,N,Not at Intersection,N,OtherLocation,None,,,         ,Kelsey,Hemminger,Clear,Unknown,no,no,no,yes,yes,False
103057213,GOODLETTSVILLE POLICE DEPT,21-22295,Davidson,Goodlettsville,8/10/2021 3:20:00 PM,2,0,0,36.309370,-86.703300,I 65,,,,0.00,,,,,,,95.95,N,Not at Intersection,N,Non-Junction,None,,,         ,Hannah,Poole,Clear,Front to Rear,no,no,no,no,no,False
103057227,METROPOLITAN NASHVILLE POLICE DEPT,20210424339,Davidson,Nashville,8/10/2021 3:14:00 PM,2,0,0,36.204580,-86.821360,BUENA VISTA PKE,,,,0.00,,,TUCKER RD,,,,0.00,Y,Y-Intersection, ,Non-Junction,None,,,         ,Jerica,Gladston,Clear,"Sideswipe, Opposite Direction",no,no,no,no,no,False
103057238,METROPOLITAN NASHVILLE POLICE DEPT,20210424439,Davidson,Antioch,8/10/2021 4:17:00 PM,2,1,0,36.067500,-86.641020,RURAL HILL RD,,,,463.00,Feet,West,RICE HILL CT,,,,0.00,N,Not at Intersection,N,Non-Junction,None,,,         ,Nathaniel,Myers,Clear,Front to Rear,no,no,no,no,yes,False
103057255,METROPOLITAN NASHVILLE POLICE DEPT,20210424397,Davidson,Nashville,8/10/2021 3:00:00 PM,2,0,0,36.173030,-86.792400,9TH AVN,,,,0.00,Feet,East,JEFFERSON ST,,,,0.00,N,Not at Intersection,N,Non-Junction,None,,,         ,Eric,McCoy,Clear,Angle,no,no,no,no,no,False
103057257,METROPOLITAN NASHVILLE POLICE DEPT,20210424379,Davidson,Nashville,8/10/2021 2:57:00 PM,2,0,0,36.220010,-86.774290,I 65,,,,0.00,,,,,,,88.25,N,Not at Intersection, ,Non-Junction,None,,,         ,Adam,Warren,Clear,Angle,no,no,no,no,no,False
103057258,METROPOLITAN NASHVILLE POLICE DEPT,20210424324,Davidson,Nashville,8/10/2021 9:30:00 AM,1,0,0,36.127020,-86.820630,GREEN VIEW,,,,452.00,Feet,South,WHITWORTH WAY,,,,0.00,N,Not at Intersection,N,OtherLocation,None,,,         ,Matthew,Turppa,Clear,Not Collision with Motor Vehicle in Transport,no,no,no,no,yes,False
103057295,METROPOLITAN NASHVILLE POLICE DEPT,20210424408,Davidson,Nashville,8/10/2021 3:52:00 PM,2,0,0,36.211490,-86.920760,ASHLAND CITY HWY,,,,78.00,Feet,East,OLD HICKORY BLVD,,,,0.00,N,Not at Intersection,N,Non-Junction,None,,,         ,Alec,Pellissier,Clear,Front to Rear,no,no,no,no,no,False
103057312,METROPOLITAN NASHVILLE POLICE DEPT,20210424392,Davidson,Nashville,8/10/2021 3:35:00 PM,2,0,0,36.150610,-86.785170,I 40,,,,0.00,,,,,,,209.50,N,Not at Intersection,N,Non-Junction,None,,,         ,Daniel,Tomlinson,Clear,Angle,no,no,no,no,yes,False
103057314,METROPOLITAN NASHVILLE POLICE DEPT,20210424539,Davidson,Nashville,8/10/2021 3:11:00 PM,2,0,0,36.087540,-86.707950,DONNA KAY DR,,,,154.00,Feet,North,JEFFERY DR,,,,0.00,N,Not at Intersection,N,Non-Junction,None,,,         ,Austin,Binner,Clear,"Sideswipe, Same Direction",no,no,no,yes,no,False
103057343,METROPOLITAN NASHVILLE POLICE DEPT,20210424459,Davidson,Nashville,8/10/2021 4:15:00 PM,2,0,0,36.171230,-86.871720,CENTENNIAL BLVD,,,,217.00,Feet,West,BRILEY PKWY S EXT RAMP,,,,0.00,N,Not at Intersection,N,Non-Junction,None,,,         ,Adam,Reese,Clear,Front to Rear,no,no,no,no,no,False
103057356,METROPOLITAN NASHVILLE POLICE DEPT,20210424607,Davidson,Nashville,8/10/2021 6:02:00 PM,2,1,0,36.175930,-86.793200,ROSA L PARKS BLVD,,,,287.00,Feet,North,MONROE ST,,,,0.00,N,Not at Intersection,N,Non-Junction,None,,,         ,Craig,Paschetti,Clear,Front to Rear,no,no,no,no,no,False
103057361,METROPOLITAN NASHVILLE POLICE DEPT,20210424549,Davidson,Nashville,8/10/2021 5:12:00 PM,3,0,0,36.184450,-86.748090,GALLATIN AV,,,,96.00,Feet,South,CHICAMAUGA AV,,,,0.00,N,Not at Intersection,N,Non-Junction,None,,,         ,Kelsey,Hemminger,Clear,Angle,no,no,no,no,no,False
103057362,METROPOLITAN NASHVILLE POLICE DEPT,20210424430,Davidson,Nashville,8/10/2021 11:01:00 AM,2,0,0,36.202300,-86.738120,LITTON AV,,,,279.00,Feet,West,DAVIS AV,,,,0.00,N,Not at Intersection,N,Non-Junction,None,,,         ,Zachary,Aldrich,Clear,Front to Rear,no,no,no,yes,yes,False
103057367,METROPOLITAN NASHVILLE POLICE DEPT,20210424478,Davidson,Madison,8/10/2021 4:40:00 PM,3,4,0,36.272840,-86.698370,ANDERSON LN,,,,0.00,Feet,East,SNOW AV,,,,0.00,N,Not at Intersection,N,Non-Junction,None,,,         ,Sean,McConnell,Clear,HeadOn,no,no,no,no,yes,False
103057377,METROPOLITAN NASHVILLE POLICE DEPT,20210424399,Davidson,Nashville,8/10/2021 3:24:00 PM,2,0,0,36.094160,-86.653160,MURFREESBORO PKE,,,,119.00,Feet,South,FRANKLIN LIMESTONE RD,,,,0.00,N,Not at Intersection,N,Non-Junction,None,,,         ,Theodore,Flick,Clear,"Sideswipe, Same Direction",no,no,no,no,yes,False
103057384,GOODLETTSVILLE POLICE DEPT,21-22306,Davidson,Goodlettsville,8/10/2021 6:25:00 PM,2,0,0,36.314520,-86.701320,I 65,,,,0.00,,,,,,,96.35,N,Not at Intersection,N,Non-Junction,None,,,         ,Thomas,Eisenbraun,Clear,Front to Rear,no,no,no,no,yes,False
103057391,METROPOLITAN NASHVILLE POLICE DEPT,20210424417,Davidson,Nashville,8/10/2021 3:50:00 PM,3,3,0,36.097040,-86.738120,NOLENSVILLE PKE,,,,275.00,Feet,South,VERITAS ST,,,,0.00,N,Not at Intersection,N,Non-Junction,None,,,         ,Beri,Scott,Clear,Front to Rear,no,no,no,no,no,False
103057396,METROPOLITAN NASHVILLE POLICE DEPT,20210424608,Davidson,Nashville,8/10/2021 3:58:00 PM,2,0,0,36.122390,-86.727600,I 24,,,,0.00,,,,,,,52.75,N,Not at Intersection,N,Non-Junction,None,,,         ,Beri,Scott,Clear,Front to Rear,no,no,no,no,yes,False
103057397,GOODLETTSVILLE POLICE DEPT,21-22304,Davidson,Goodlettsville,8/10/2021 6:09:00 PM,2,0,0,36.321570,-86.713260,S MAIN ST,,,,163.00,Feet,North,MEMORIAL DR,,,,0.00,N,Not at Intersection, ,"Driveway, Alley Access, etc",None,,,         ,Zachary,Scannell,Clear,Angle,no,no,no,no,no,False
103057398,METROPOLITAN NASHVILLE POLICE DEPT,20210424499,Davidson,Nashville,8/10/2021 6:18:00 PM,2,0,0,36.145890,-86.777000,I 65,,,,0.00,,,,,,,82.25,N,Not at Intersection, ,,None,,,         ,Dakota,Davis,,,no,no,no,no,no,False
103057404,METROPOLITAN NASHVILLE POLICE DEPT,20210424672,Davidson,Nashville,8/10/2021 12:00:00 AM,2,0,0,36.173170,-86.601370,CENTRAL PKE,,,,155.00,Feet,West,BURNING TREE DR,,,,0.00,N,Not at Intersection, ,,None,,,         ,Keenan,McCann,,,no,no,no,no,no,False
103057414,METROPOLITAN NASHVILLE POLICE DEPT,20210424592,Davidson,Nashville,8/10/2021 5:30:00 PM,2,0,0,36.163400,-86.761870,I24 W EXT RAMP,,,,0.00,,,I 24,,,,0.00,Y,OTHER, ,Entrance/Exit Ramp Related,None,,,         ,Cooper,HIll,Clear,"Sideswipe, Same Direction",no,no,no,no,no,False
103057417,METROPOLITAN NASHVILLE POLICE DEPT,20210424586,Davidson,Nashville,8/10/2021 5:45:00 PM,2,1,0,36.111520,-86.791780,WOODMONT BLVD,,,,240.00,Feet,East,GRANNY WHITE PKE,,,,0.00,N,Not at Intersection,N,Non-Junction,None,,,         ,Matthew,Hogan,Clear,Front to Rear,no,no,no,no,no,False
103057423,METROPOLITAN NASHVILLE POLICE DEPT,20210424654,Davidson,Nashville,8/10/2021 4:32:00 PM,2,0,0,36.084788,-86.703227,TRAVELERS INN DR,,,,0.00,,,HARDING PL,,,,0.00,Y,T-Intersection, ,Intersection-Related,None,,,         ,Jeremy,Huffine,Clear,Front to Rear,no,no,no,no,no,False
103057425,METROPOLITAN NASHVILLE POLICE DEPT,20210424718,Davidson,Nashville,8/10/2021 12:00:00 AM,2,0,0,36.164240,-86.819900,28TH AVN,,,,0.00,,,ALBION ST,,,,0.00,Y,T-Intersection,N,Intersection-Related,None,,,         ,Michael,Moss,Clear,Angle,no,no,no,no,yes,False
103057434,METROPOLITAN NASHVILLE POLICE DEPT,20210424740,Davidson,Nashville,8/10/2021 6:27:00 PM,2,2,0,36.148810,-86.666280,ELM HILL PKE,,,,0.00,,,DONELSON PKE,,,,0.00,Y,Four-Way,Y,Intersection,None,,,         ,Joseph,Simon,Clear,Front to Rear,no,no,no,no,no,False