master_record_number,agency,agency_tracking_number,county,city,collision_date,vehicles_involved,number_injured,number_dead,latitude,longitude,roadway_name,roadway_suffix,roadway_number,roadway_local_id,distance_from_reference,miles-feet_indicator,direction_from_reference,intersection_road_name,intersection_road_name_suffix,intersection_road_number,intersection_local_id,mile_marker,intersection_indicator,intersect_type,interchange_related_indicator,relation_to_junction,work_zone_type,construction_maintenance_zone,construction_maintenance_zone_location,fatal_case_number,officer_first_name,officer_last_name,weather_condition(s),manner_of_crash,pedestrian,bicycle,scooter,parking,hitrun,mou
103059298,BELLE MEADE POLICE DEPT,21-00168,Davidson,Belle Meade,8/12/2021 1:32:00 PM,2,1,0,36.122310,-86.851320,LYNNWOOD BLVD,,,,0.00,Feet,,HARDING PKE,,,,0.00,Y,Four-Way,N,Intersection,None,,,         ,David,Read,Cloudy,Angle,no,no,no,no,no,False
103059299,METROPOLITAN NASHVILLE POLICE DEPT,20210428046,Davidson,Nashville,8/12/2021 3:35:00 PM,2,0,0,36.211080,-86.775900,I 65,,,,0.00,,,,,,,87.65,N,Not at Intersection,N,Non-Junction,None,,,         ,Keegan,Winchell,Rain,Front to Rear,no,no,no,no,no,False
103059308,METROPOLITAN NASHVILLE POLICE DEPT,20210428153,Davidson,Nashville,8/12/2021 12:00:00 AM,2,0,0,36.229720,-86.761120,EWING DR,,,,557.00,Feet,West,DICKERSON PKE,,,,0.00,N,Not at Intersection, ,,None,,,         ,Justen,Ogle,,,no,no,no,yes,no,False
103059322,METROPOLITAN NASHVILLE POLICE DEPT,20210427971,Davidson,Nashville,8/12/2021 2:53:00 PM,2,0,0,36.233550,-86.817780,BRILEY PKWYE,,,,375.00,Feet,East,BRILEY PKWY E EXT RAMP,,,,0.00,N,Not at Intersection,N,Non-Junction,None,,,         ,Chase,Harriman,Clear,Front to Rear,no,no,no,no,no,False
103059338,GOODLETTSVILLE POLICE DEPT,21-22491,Davidson,Goodlettsville,8/12/2021 3:54:00 PM,2,0,0,36.304730,-86.702650,RIVERGATE PKWY,,,,94.00,Feet,North,RIVERGATE PKWY PVTDR,,,,0.00,N,Not at Intersection, ,Non-Junction,None,,,         ,Jessica,Gistarb,Rain,Front to Rear,no,no,no,no,no,False
103059344,VANDERBILT UNIVERSITY POLICE,202100085809,Davidson,Nashville,8/11/2021 12:00:00 AM,1,0,0,36.142080,-86.800560,21ST AVS,,,,0.00,,,,,,,0.00,,,Y,Unknown,None,,,         ,Edwin,Melgar,Clear,Unknown,no,no,no,yes,no,Campus
103059347,METROPOLITAN NASHVILLE POLICE DEPT,20210428108,Davidson,Nashville,8/12/2021 4:22:00 PM,4,0,0,36.074480,-86.638650,MURFREESBORO PKE,,,,0.00,,,RURAL HILL RD,,,,0.00,Y,Four-Way,N,Intersection,None,,,         ,Joseph,Hurst,Clear,Front to Rear,no,no,no,no,no,False
103059362,METROPOLITAN NASHVILLE POLICE DEPT,20210428174,Davidson,Nashville,8/12/2021 4:19:00 PM,2,0,0,36.229930,-86.759180,DICKERSON PKE,,,,205.00,Feet,North,BROADMOOR DR,,,,0.00,N,Not at Intersection, ,Non-Junction,None,,,         ,Steffani,Dahlstrom,Clear,"Sideswipe, Same Direction",no,no,no,no,yes,False
103059364,METROPOLITAN NASHVILLE POLICE DEPT,20210428188,Davidson,Nashville,8/12/2021 5:15:00 PM,2,1,0,36.147630,-86.841980,DAKOTA AV,,,,0.00,,,46TH AVN,,,,0.00,Y,Four-Way,N,Intersection,None,,,         ,Matthew,Mrowiec,Clear,Angle,no,no,no,no,no,False
103059365,METROPOLITAN NASHVILLE POLICE DEPT,20210428011,Davidson,Nashville,8/12/2021 3:00:00 PM,2,1,0,36.197760,-86.776280,I 65,,,,0.00,,,,,,,86.70,N,Not at Intersection,N,Non-Junction,None,,,         ,Chase,Harriman,Clear,Front to Rear,no,no,no,no,no,False
103059379,METROPOLITAN NASHVILLE POLICE DEPT,20210428028,Davidson,Nashville,8/12/2021 12:00:00 AM,2,0,0,36.148040,-86.857910,WHITE BRIDGE PKE,,,,137.00,Feet,South,LENOX AV,,,,0.00,N,Not at Intersection, ,Non-Junction,None,,,         ,Maria,Reynolds,Clear,Front to Rear,no,no,no,no,no,False
103059388,METROPOLITAN NASHVILLE POLICE DEPT,20210428243,Davidson,Nashville,8/12/2021 5:50:00 PM,2,0,0,36.065740,-86.629470,MURFREESBORO PKE,,,,0.00,,,HAMILTON CROSSINGS,,,,0.00,Y,T-Intersection,N,Intersection,None,,,         ,Eric,Laury,Clear,Angle,no,no,no,no,no,False
103059407,METROPOLITAN NASHVILLE POLICE DEPT,20210428229,Davidson,Nashville,8/12/2021 4:26:00 PM,2,0,0,36.134830,-86.741320,FOSTER AV,,,,5.00,Feet,South,WOODYCREST AV,,,,0.00,N,Not at Intersection, ,Non-Junction,None,,,         ,Jonathan,Watch,Clear,Front to Rear,no,no,no,no,yes,False
103059414,METROPOLITAN NASHVILLE POLICE DEPT,20210428194,Davidson,Nashville,8/12/2021 5:22:00 PM,2,1,0,36.169920,-86.808150,I 40,,,,0.00,,,,,,,207.20,N,Not at Intersection,N,Non-Junction,None,,,         ,Michael,Suagua,Clear,"Sideswipe, Same Direction",no,no,no,no,no,False
103059416,METROPOLITAN NASHVILLE POLICE DEPT,20210428290,Davidson,Nashville,8/12/2021 4:28:00 PM,2,0,0,36.174080,-86.607990,CENTRAL PKE,,,,156.00,Feet,East,FRIST BLVD,,,,0.00,N,Not at Intersection,N,Non-Junction,None,,,         ,Jason,Kedzierski,,Front to Rear,no,no,no,no,yes,False
103059418,METROPOLITAN NASHVILLE POLICE DEPT,20210428307,Davidson,Nashville,8/12/2021 6:15:00 PM,3,0,0,36.081430,-86.697350,I 24,,,,0.00,,,,,,,56.10,N,Not at Intersection, ,Non-Junction,None,,,         ,Damian,Confer,Clear,Front to Rear,no,no,no,no,yes,False
103059421,METROPOLITAN NASHVILLE POLICE DEPT,20210428248,Davidson,Nashville,8/12/2021 5:37:00 PM,1,0,0,36.153120,-86.628800,PERCY PRIEST DR,,,,0.00,,,,,,,0.00,,,N,Non-Junction,None,,,         ,James,Gilliam,Rain,Not Collision with Motor Vehicle in Transport,no,no,no,yes,yes,False
103059422,METROPOLITAN NASHVILLE POLICE DEPT,20210428260,Davidson,Nashville,8/12/2021 5:55:00 PM,2,0,0,36.096220,-86.655710,MURFREESBORO PKE,,,,33.00,Feet,West,SMITH SPRINGS RD,,,,0.00,N,Not at Intersection,N,Non-Junction,None,,,         ,Christian,Vanders,Cloudy,Angle,no,no,no,no,no,False
103059424,METROPOLITAN NASHVILLE POLICE DEPT,20210428056,Davidson,Nashville,8/12/2021 3:40:00 PM,2,1,0,36.151340,-86.768360,2ND AVS,,,,0.00,,,I40 E ENT RAMP,,,,0.00,Y,Four-Way,N,Intersection,None,,,         ,Phillip,Burke,Clear,Angle,no,no,no,no,no,False
103059427,METROPOLITAN NASHVILLE POLICE DEPT,20210428313,Davidson,Nashville,8/12/2021 5:46:00 PM,2,0,0,36.064800,-86.628470,HAMILTON CHURCH RD,,,,1.00,Feet,East,MURFREESBORO PKE,,,,0.00,N,Not at Intersection,N,Non-Junction,None,,,         ,Garrett,Reingardt,Clear,Front to Rear,no,no,no,no,no,False
103059443,METROPOLITAN NASHVILLE POLICE DEPT,20210428013,Davidson,Nashville,8/12/2021 3:20:00 PM,1,2,0,36.068180,-86.670320,RICHARDS RD,,,,378.00,Feet,West,DOWDY DR,,,,0.00,N,Not at Intersection,N,Non-Junction,None,,,         ,Steven,Begley,Clear,Not Collision with Motor Vehicle in Transport,yes,no,no,yes,no,False
103059444,METROPOLITAN NASHVILLE POLICE DEPT,20210428282,Davidson,Nashville,8/12/2021 5:27:00 PM,2,0,0,36.148600,-86.816320,31ST AVN,,,,46.00,Feet,North,PARTHENON AV,,,,0.00,N,Not at Intersection,N,Non-Junction,None,,,         ,Cory,Stratton,Clear,Not Collision with Motor Vehicle in Transport,no,no,no,no,no,False
103059450,METROPOLITAN NASHVILLE POLICE DEPT,20210428331,Davidson,Nashville,8/12/2021 5:13:00 PM,2,0,0,36.045430,-86.703610,CEDARMONT DR,,,,0.00,,,OLD HICKORY BLVD,,,,0.00,Y,Four-Way, ,,None,,,         ,Brian,Sherman,,,no,no,no,no,no,False
103059452,METROPOLITAN NASHVILLE POLICE DEPT,20210428177,Davidson,Nashville,8/12/2021 5:09:00 PM,2,1,0,36.214980,-86.591370,LEBANON PKE,,,,856.00,Feet,West,ANDREW JACKSON PKWY,,,,0.00,N,Not at Intersection,N,Non-Junction,None,,,         ,Cheri,Cox,Clear,"Sideswipe, Same Direction",no,no,no,no,no,False
103059454,METROPOLITAN NASHVILLE POLICE DEPT,20210428240,Davidson,Not in City Limit,8/12/2021 5:46:00 PM,3,0,0,36.058570,-86.945050,OLD HARDING PKE,,,,274.00,Feet,South,HARPETH RIV MORTON MILL GRNWY,,,,0.00,N,Not at Intersection,N,Non-Junction,None,,,         ,Michael,Sipos,Cloudy,Front to Rear,no,no,no,no,no,False
103059474,METROPOLITAN NASHVILLE POLICE DEPT,20210428428,Davidson,Nashville,8/12/2021 7:55:00 PM,2,1,0,36.192710,-86.744370,DOUGLAS AV,,,,0.00,,,GALLATIN AV,,,,0.00,Y,Four-Way,Y,Intersection,None,,,         ,Kelsey,Hemminger,Clear,Angle,no,no,no,no,no,False
103059478,METROPOLITAN NASHVILLE POLICE DEPT,20210428423,Davidson,Nashville,8/12/2021 7:50:00 PM,2,0,0,36.212790,-86.764810,DICKERSON PKE,,,,36.00,Feet,North,GORDON TER,,,,0.00,N,Not at Intersection, ,Non-Junction,None,,,         ,Cooper,HIll,Clear,"Sideswipe, Same Direction",no,no,no,no,no,False
103059504,METROPOLITAN NASHVILLE POLICE DEPT,20210428359,Davidson,Antioch,8/12/2021 6:48:00 PM,4,2,0,36.047840,-86.612050,MURFREESBORO PKE,,,,1284.00,Feet,North,MOUNTAIN SPRINGS RD,,,,0.00,N,Not at Intersection,N,Non-Junction,None,,,         ,Brandon,Simpkins,Clear,Front to Rear,no,no,no,no,yes,False
103059521,METROPOLITAN NASHVILLE POLICE DEPT,20210428278,Davidson,Nashville,8/12/2021 5:50:00 PM,2,0,0,36.081590,-86.760120,HARDING PL,,,,501.00,Feet,East,TROUSDALE DR,,,,0.00,N,Not at Intersection,N,Non-Junction,None,,,         ,Tre,Marlowe,Clear,Front to Rear,no,no,no,no,no,False
103059529,METROPOLITAN NASHVILLE POLICE DEPT,20210428057,Davidson,Nashville,8/12/2021 12:00:00 AM,2,0,0,36.153000,-86.857610,BRILEY PKWY,,,,0.00,,,I40 W EXT RAMP,,,,0.00,Y,Four-Way, ,Intersection,None,,,         ,Maria,Reynolds,Clear,Angle,no,no,no,no,no,False
103059569,METROPOLITAN NASHVILLE POLICE DEPT,20210428335,Davidson,Antioch,8/12/2021 6:44:00 PM,2,0,0,36.010420,-86.615900,I 24,,,,0.00,,,,,,,62.90,N,Not at Intersection,N,Non-Junction,None,,,         ,Gabriel,Hamilton,"Cloudy, Rain","Sideswipe, Same Direction",no,no,no,no,no,False
103059586,METROPOLITAN NASHVILLE POLICE DEPT,20210428459,Davidson,Nashville,8/12/2021 6:47:00 PM,2,1,0,36.121530,-86.750480,NOLENSVILLE PKE,,,,82.00,Feet,South,I440 E EXT RAMP,,,,0.00,N,Not at Intersection,N,Entrance/Exit Ramp Related,None,,,         ,Ashley,Kappenmacher,Cloudy,Front to Rear,no,no,no,no,no,False
103059618,THP District 3 - Nashville,321055252,Davidson,Nashville,8/12/2021 5:39:00 PM,2,0,0,36.014520,-86.619710,I24 W EXT RAMP,,,,0.00,,East,I 24,,,,0.00,N,Not at Intersection,N,Entrance/Exit Ramp Related,None,,,         ,Dakotah,Jacob,Clear,Front to Rear,no,no,no,no,no,False
103059620,METROPOLITAN NASHVILLE POLICE DEPT,20210428354,Davidson,Nashville,8/12/2021 6:56:00 PM,2,0,0,36.044820,-86.724890,AMALIE DR,,,,12.00,Feet,North,OLD HICKORY BLVD,,,,0.00,N,Not at Intersection, ,Non-Junction,None,,,         ,Tre,Marlowe,Clear,Front to Rear,no,no,no,no,no,False
103059623,METROPOLITAN NASHVILLE POLICE DEPT,20210428572,Davidson,Nashville,8/12/2021 8:50:00 PM,2,1,0,36.167310,-86.820620,28TH AVN,,,,180.00,Feet,South,JEFFERSON ST,,,,0.00,N,Not at Intersection,N,Non-Junction,None,,,         ,Scarlett,Collins,,Angle,no,no,no,no,yes,False
103059660,METROPOLITAN NASHVILLE POLICE DEPT,20210428298,Davidson,Nashville,8/12/2021 5:48:00 PM,2,0,0,36.159410,-86.774550,3RD AVS,,,,58.00,Feet,South,DEMONBREUN ST,,,,0.00,N,Not at Intersection, ,,None,,,         ,Joel,Cottrill,,,no,no,no,no,no,False
103059662,METROPOLITAN NASHVILLE POLICE DEPT,20210428205,Davidson,Nashville,8/12/2021 12:00:00 AM,2,0,0,36.158040,-86.876920,ROBERTSON AV,,,,27.00,Feet,East,JAMES AV,,,,0.00,N,Not at Intersection, ,Non-Junction,None,,,         ,Maria,Reynolds,Clear,Front to Rear,no,no,no,no,no,False
103059697,GOODLETTSVILLE POLICE DEPT,21-22508,Davidson,Goodlettsville,8/12/2021 8:11:00 PM,2,0,0,36.323520,-86.701080,NORTHGATE CIR,,,,0.00,Feet,,CONFERENCE DR,,,,0.00,Y,Four-Way,N,Intersection,None,,,         ,William,Campbell,Clear,Angle,no,no,no,no,no,False
103059704,METROPOLITAN NASHVILLE POLICE DEPT,20210428573,Davidson,Nashville,8/12/2021 9:45:00 PM,2,1,0,36.068960,-86.632960,MURFREESBORO PKE,,,,758.00,Feet,North,FOREST VIEW DR,,,,0.00,N,Not at Intersection,N,Non-Junction,None,,,         ,Garrett,Reingardt,Clear,HeadOn,no,no,no,no,no,False
103059711,METROPOLITAN NASHVILLE POLICE DEPT,20210428538,Davidson,Not in City Limit,8/12/2021 9:16:00 PM,3,1,0,36.264070,-86.723100,OLD HICKORY BLVDW,,,,0.00,Feet,West,HICKORY CHASE DR,,,,0.00,N,Not at Intersection,N,Non-Junction,None,,,         ,Brandon,Lopez,Clear,Front to Rear,no,no,no,no,no,False
103059723,METROPOLITAN NASHVILLE POLICE DEPT,20210428626,Davidson,Nashville,8/12/2021 10:40:00 PM,2,1,0,36.052940,-86.696960,DELVIN DR,,,,0.00,,,TUSCULUM CT,,,,0.00,Y,Four-Way,N,Intersection,None,,,         ,Jonathan,Handley,Clear,Front to Rear,no,no,no,no,no,False
103059751,METROPOLITAN NASHVILLE POLICE DEPT,20210428582,Davidson,Nashville,8/12/2021 9:42:00 PM,1,0,0,36.076820,-86.596410,DAISY TRL,,,,0.00,Feet,East,PHILHALL PKWY,,,,0.00,N,Not at Intersection,N,Non-Junction,None,,,         ,Thomas,Broatch,Clear,Not Collision with Motor Vehicle in Transport,no,no,no,yes,yes,False
103059755,METROPOLITAN NASHVILLE POLICE DEPT,20210428598,Davidson,Not in City Limit,8/12/2021 10:07:00 PM,1,1,0,36.257200,-86.723380,NORMAN DR,,,,78.00,Feet,East,BEVERLY DR,,,,0.00,N,Not at Intersection,N,Non-Junction,None,,,         ,Miles,Posey,Clear,Not Collision with Motor Vehicle in Transport,no,no,no,no,no,False
103059756,Nashville Airport Police,2021-03009,Davidson,Nashville,8/12/2021 12:00:00 AM,2,0,0,36.136340,-86.664270,SATELLITE WAY ENT RAMP,,,,0.00,,,TERMINAL DR,,,,0.00,Y,Y-Intersection, ,Intersection-Related,None,,,         ,Jacob,Cissell,Clear,Angle,no,no,no,no,no,False
103059780,METROPOLITAN NASHVILLE POLICE DEPT,20210428767,Davidson,Nashville,8/13/2021 12:27:00 AM,1,1,0,36.086910,-86.648680,MURFREESBORO PKE,,,,0.00,,,NASHBORO BLVD,,,,0.00,Y,Four-Way,N,Intersection,None,,,         ,Richard,Luellen,,Not Collision with Motor Vehicle in Transport,yes,no,no,no,no,False
103059794,METROPOLITAN NASHVILLE POLICE DEPT,20210428724,Davidson,Nashville,8/12/2021 11:50:00 PM,1,0,0,35.999540,-86.693340,CONCORD HILLS DR,,,,46.00,Feet,North,US HWY 31 ALT,,,,0.00,N,Not at Intersection,N,Non-Junction,None,,,         ,Leonard,Cato,Clear,Not Collision with Motor Vehicle in Transport,no,no,no,no,no,False
103059835,METROPOLITAN NASHVILLE POLICE DEPT,20210429032,Davidson,Not in City Limit,8/12/2021 4:22:00 PM,2,0,0,36.022150,-86.672760,COLES BRANCH DR,,,,341.00,Feet,West,CHANDLER COVE WAY,,,,0.00,N,Not at Intersection,N,Non-Junction,None,,,         ,Leonard,Cato,Clear,"Sideswipe, Same Direction",no,no,no,no,yes,False
103059837,METROPOLITAN NASHVILLE POLICE DEPT,20210429063,Davidson,Nashville,8/13/2021 5:04:00 AM,2,0,0,36.154060,-86.758540,I40 E ENT RAMP,,,,0.00,,,I 40,,,,0.00,Y,Y-Intersection,Y,Non-Junction,None,,,         ,Dallas,Johnson,Clear,Angle,no,no,no,no,no,False
103059839,METROPOLITAN NASHVILLE POLICE DEPT,20210428926,Davidson,Not in City Limit,8/13/2021 2:22:00 AM,2,1,0,36.256220,-86.786490,I 24,,,,0.00,,,,,,,42.15,N,Not at Intersection,N,Non-Junction,None,,,         ,Ashton,Hill,Clear,"Sideswipe, Same Direction",no,no,no,no,yes,False
103059846,METROPOLITAN NASHVILLE POLICE DEPT,20210429096,Davidson,Nashville,8/13/2021 5:59:00 AM,2,1,0,36.164040,-86.599700,ARBOR LAKE BLVD,,,,313.00,Feet,East,BELL RD,,,,0.00,N,Not at Intersection,N,Non-Junction,None,,,         ,Thomas,Vasquez,Clear,Front to Rear,no,no,no,yes,no,False
103059861,METROPOLITAN NASHVILLE POLICE DEPT,20210429069,Davidson,Nashville,8/13/2021 5:25:00 AM,1,1,0,36.251920,-86.717690,W WEBSTER ST,,,,0.00,,,GALLATIN PKES,,,,0.00,Y,T-Intersection,Y,Intersection,None,,,         ,Justan,Vance,Clear,Not Collision with Motor Vehicle in Transport,yes,no,no,no,no,False
103059882,GOODLETTSVILLE POLICE DEPT,21-22538,Davidson,Goodlettsville,8/13/2021 7:21:00 AM,2,0,0,36.324210,-86.704040,LONG HOLLOW PKE,,,,0.00,,,I 65,,,,0.00,Y,Four-Way,N,Intersection,None,,,         ,Rico,Jones,Clear,Angle,no,no,no,no,no,False
103059884,METROPOLITAN NASHVILLE POLICE DEPT,20210429159,Davidson,Not in City Limit,8/13/2021 7:10:00 AM,1,0,0,36.080810,-86.957070,I 40,,,,0.00,,,,,,,196.30,N,Not at Intersection,N,Non-Junction,None,,,         ,Wesley,Tilley,Clear,Unknown,no,no,no,no,yes,False
103059889,METROPOLITAN NASHVILLE POLICE DEPT,20210429151,Davidson,Nashville,8/13/2021 12:00:00 AM,1,0,0,36.174520,-86.594750,TULIP GROVE RD,,,,471.00,Feet,South,ROCKWOOD DR,,,,0.00,N,Not at Intersection,N,Non-Junction,None,,,         ,Rex,Engelbert,Clear,Not Collision with Motor Vehicle in Transport,no,no,no,no,yes,False
103059897,METROPOLITAN NASHVILLE POLICE DEPT,20210429190,Davidson,Nashville,8/13/2021 7:28:00 AM,2,0,0,36.144370,-86.739340,I 40,,,,0.00,,,,,,,212.35,N,Not at Intersection,N,Non-Junction,None,,,         ,Michael,Brooks,Cloudy,Front to Rear,no,no,no,no,no,False
103059911,THP District 3 - Nashville,321054723,Davidson,Nashville,8/10/2021 7:28:00 PM,2,0,0,36.077870,-86.723880,WALLACE RD,,,,571.00,Feet,East,NOLENSVILLE PKE,,,,0.00,N,Not at Intersection, ,Non-Junction,None,,,         ,Per,Hser,Clear,Angle,no,no,no,no,yes,False
103059915,METROPOLITAN NASHVILLE POLICE DEPT,20210429200,Davidson,Nashville,8/13/2021 7:20:00 AM,1,1,0,36.235570,-86.704380,BRILEY PKWYW,,,,589.00,Feet,South,BRILEY PKWYE,,,,0.00,N,Not at Intersection,N,Non-Junction,None,,,         ,Tyler,Hall,Clear,Not Collision with Motor Vehicle in Transport,no,no,no,no,no,False
103059933,METROPOLITAN NASHVILLE POLICE DEPT,20210429262,Davidson,Nashville,8/13/2021 8:00:00 AM,2,0,0,36.199820,-86.751710,CHICKASAW AV,,,,0.00,,,ELLINGTON PKWY,,,,0.00,Y,OTHER, ,Non-Junction,None,,,         ,Brandon,Evans,Clear,Front to Rear,no,no,no,no,no,False
103059936,METROPOLITAN NASHVILLE POLICE DEPT,20210428604,Davidson,Antioch,8/12/2021 9:13:00 PM,2,0,0,36.018880,-86.625300,I 24,,,,0.00,,,,,,,62.15,N,Not at Intersection, ,Non-Junction,Construction Zone,,,         ,Corey,Reed,Clear,Angle,no,no,no,no,no,False
103059940,METROPOLITAN NASHVILLE POLICE DEPT,20210429343,Davidson,Nashville,8/13/2021 9:08:00 AM,2,0,0,36.134060,-86.779110,8TH AVS,,,,50.00,Feet,South,WEDGEWOOD AV,,,,0.00,N,Not at Intersection, ,Non-Junction,None,,,         ,Earl,Davis,Clear,Front to Rear,no,no,no,no,no,False
103059942,METROPOLITAN NASHVILLE POLICE DEPT,20210428475,Davidson,Nashville,8/12/2021 8:33:00 PM,2,0,0,36.161020,-86.777200,BROADWAY,,,,0.00,,,4TH AVS,,,,0.00,Y,Traffic Circle, ,Intersection,None,,,         ,Samuel,White,Clear,"Sideswipe, Same Direction",no,no,no,no,no,False
103059964,METROPOLITAN NASHVILLE POLICE DEPT,20210429180,Davidson,Nashville,8/13/2021 7:15:00 AM,2,0,0,36.185830,-86.797950,I65 S EXT RAMP,,,,0.00,Feet,East,I 65,,,,0.00,N,Not at Intersection,N,Entrance/Exit Ramp Related,None,,,         ,Peyton,Wheatley,Cloudy,Front to Rear,no,no,no,no,no,False
103059975,METROPOLITAN NASHVILLE POLICE DEPT,20210427931,Davidson,Nashville,8/12/2021 2:10:00 PM,2,0,0,36.106210,-86.673060,MURFREESBORO PKE,,,,0.00,,,DONELSON PKE,,,,0.00,Y,Four-Way,Y,Intersection-Related,None,,,         ,James,McGill,Clear,Rear to Side,no,no,no,no,yes,False
103060027,METROPOLITAN NASHVILLE POLICE DEPT,20210429323,Davidson,Not in City Limit,8/13/2021 12:00:00 AM,2,2,0,36.000640,-86.639880,OLD HICKORY BLVD,,,,28.00,Feet,East,CLOVER GLENN WAY,,,,0.00,N,Not at Intersection,N,Non-Junction,None,,,         ,Kristopher,Sharpe,Unknown,Front to Rear,no,no,no,no,no,False
103060038,METROPOLITAN NASHVILLE POLICE DEPT,20210429505,Davidson,Nashville,8/13/2021 10:53:00 AM,2,0,0,36.152000,-86.792860,DIVISION ST,,,,0.00,,,MUSIC SQW,,,,0.00,Y,OTHER,N,Intersection,None,,,         ,Earl,Davis,Clear,Angle,no,no,no,no,no,False
103060048,METROPOLITAN NASHVILLE POLICE DEPT,20210429401,Davidson,Nashville,8/13/2021 9:52:00 AM,2,0,0,36.150690,-86.767950,2ND AVS,,,,0.00,,,LAFAYETTE ST,,,,0.00,Y,OTHER,N,Intersection-Related,None,,,         ,Michael,Brooks,Cloudy,Angle,no,no,no,no,no,False
103060049,METROPOLITAN NASHVILLE POLICE DEPT,20210429349,Davidson,Nashville,8/13/2021 9:16:00 AM,2,0,0,36.146360,-86.742300,I 40,,,,0.00,,,,,,,212.10,N,Not at Intersection,N,Non-Junction,None,,,         ,Michael,Brooks,Cloudy,"Sideswipe, Same Direction",no,no,no,no,no,False
103060050,METROPOLITAN NASHVILLE POLICE DEPT,20210429538,Davidson,Madison,8/13/2021 11:29:00 AM,2,0,0,36.283000,-86.730710,I 65,,,,0.00,,,,,,,93.60,N,Not at Intersection, ,Non-Junction,None,,,         ,Ian,Wilson,Clear,"Sideswipe, Same Direction",no,no,no,no,no,False
103060068,METROPOLITAN NASHVILLE POLICE DEPT,20210429360,Davidson,Nashville,8/13/2021 9:16:00 AM,2,0,0,36.160840,-86.760520,I 24,,,,0.00,,,,,,,49.40,N,Not at Intersection,N,Non-Junction,None,,,         ,Jason,Thomas,Cloudy,Front to Rear,no,no,no,no,no,False
103060107,METROPOLITAN NASHVILLE POLICE DEPT,20210429461,Davidson,Nashville,8/13/2021 10:34:00 AM,3,1,0,36.151360,-86.769150,I 40,,,,0.00,,,,,,,210.45,N,Not at Intersection,N,Non-Junction,None,,,         ,Michael,Brooks,Cloudy,Front to Rear,no,no,no,no,no,False
103060116,METROPOLITAN NASHVILLE POLICE DEPT,20210429583,Davidson,Nashville,8/13/2021 12:09:00 PM,2,1,0,36.206530,-86.776480,I 65,,,,0.00,,,,,,,87.30,N,Not at Intersection,N,Entrance/Exit Ramp Related,None,,,         ,Ronald,Bright,Cloudy,"Sideswipe, Same Direction",no,no,no,no,no,False
103060125,METROPOLITAN NASHVILLE POLICE DEPT,20210429468,Davidson,Nashville,8/13/2021 10:41:00 AM,2,1,0,36.047550,-86.655930,HICKORY HOLLOW PKWY,,,,0.00,,,BELL RD,,,,0.00,Y,Four-Way,N,Intersection,None,,,         ,Tyler,Heckaman,Clear,Angle,no,no,no,no,no,False
103060144,METROPOLITAN NASHVILLE POLICE DEPT,20210429593,Davidson,Nashville,8/13/2021 12:15:00 PM,2,0,0,36.151000,-86.783660,DIVISION ST,,,,202.00,Feet,East,12TH AVS,,,,0.00,N,Not at Intersection,N,Non-Junction,None,,,         ,Wesley,Young,Clear,Angle,no,no,no,no,no,False
103060150,METROPOLITAN NASHVILLE POLICE DEPT,20210429525,Davidson,Nashville,8/13/2021 11:35:00 AM,1,1,0,36.212350,-86.798640,WHITES CREEK PKE,,,,18.00,Feet,North,AVALON DR,,,,0.00,N,Not at Intersection,N,Non-Junction,None,,,         ,James,Wray,Clear,Not Collision with Motor Vehicle in Transport,no,no,no,no,no,False
103060155,METROPOLITAN NASHVILLE POLICE DEPT,20210429631,Davidson,Not in City Limit,8/13/2021 12:29:00 PM,2,0,0,36.273440,-86.710040,ANDERSON LN,,,,0.00,,,GALLATIN PKEN,,,,0.00,Y,Four-Way,N,Intersection-Related,None,,,         ,Wesley,Mcclelland,Clear,Angle,no,no,no,no,no,False
103060182,METROPOLITAN NASHVILLE POLICE DEPT,20210429681,Davidson,Nashville,8/13/2021 1:10:00 PM,2,0,0,36.268870,-86.755900,DICKERSON PKE,,,,149.00,Feet,South,OLD HICKORY BLVD,,,,0.00,N,Not at Intersection, ,,None,,,         ,Nicholas,Cochran,,,no,no,no,no,no,False
103060183,METROPOLITAN NASHVILLE POLICE DEPT,20210429645,Davidson,Nashville,8/13/2021 12:50:00 PM,1,0,0,36.237340,-86.730280,BRILEY PKWYW,,,,453.00,Feet,South,BRILEY PKWYE,,,,0.00,N,Not at Intersection, ,Non-Junction,None,,,         ,Travis,Baxter,Cloudy,Not Collision with Motor Vehicle in Transport,no,no,no,no,no,False
103060194,METROPOLITAN NASHVILLE POLICE DEPT,20210429532,Davidson,Nashville,8/13/2021 11:39:00 AM,2,0,0,36.085560,-86.701440,HARDING PL,,,,0.00,Feet,,I 24,,,,0.00,Y,OTHER,N,Intersection-Related,None,,,         ,Terry,Denton,Clear,Front to Rear,no,no,no,no,yes,False
103060197,METROPOLITAN NASHVILLE POLICE DEPT,20210429623,Davidson,Nashville,8/13/2021 12:40:00 PM,1,0,0,36.075010,-86.662540,UNA ANTIOCH PKE,,,,0.00,,,BILLINGSGATE RD,,,,0.00,Y,T-Intersection,N,Intersection-Related,None,,,         ,Tyler,Heckaman,"Cloudy, Rain",Not Collision with Motor Vehicle in Transport,no,no,no,no,no,False