master_record_number,agency,agency_tracking_number,county,city,collision_date,vehicles_involved,number_injured,number_dead,latitude,longitude,roadway_name,roadway_suffix,roadway_number,roadway_local_id,distance_from_reference,miles-feet_indicator,direction_from_reference,intersection_road_name,intersection_road_name_suffix,intersection_road_number,intersection_local_id,mile_marker,intersection_indicator,intersect_type,interchange_related_indicator,relation_to_junction,work_zone_type,construction_maintenance_zone,construction_maintenance_zone_location,fatal_case_number,officer_first_name,officer_last_name,weather_condition(s),manner_of_crash,pedestrian,bicycle,scooter,parking,hitrun,mou
103061166,METROPOLITAN NASHVILLE POLICE DEPT,20210431131,Davidson,Not in City Limit,8/14/2021 9:31:00 AM,1,0,0,36.263330,-86.714600,OLD HICKORY BLVDW,,,,0.00,,,DOUGLAS ST,,,,0.00,Y,T-Intersection,N,Intersection,None,,,         ,Wesley,Mcclelland,,Not Collision with Motor Vehicle in Transport,no,no,no,no,yes,False
103061200,METROPOLITAN NASHVILLE POLICE DEPT,20210431052,Davidson,Nashville,8/14/2021 7:14:00 AM,1,0,0,36.143870,-86.697510,BRILEY PKWYN,,,,102.00,Feet,North,I40 E EXT RAMP,,,,0.00,N,Not at Intersection,Y,Entrance/Exit Ramp Related,None,,,         ,Aimee,Ortiz,Cloudy,Not Collision with Motor Vehicle in Transport,no,no,no,no,no,False
103061201,METROPOLITAN NASHVILLE POLICE DEPT,20210431197,Davidson,Not in City Limit,8/14/2021 10:00:00 AM,2,0,0,36.034510,-86.974150,HIGHWAY 100,,,,49.00,Feet,West,MCCRORY LN,,,,0.00,N,Not at Intersection, ,Non-Junction,None,,,         ,Wesley,Tilley,Clear,Angle,no,no,no,no,no,False
103061229,METROPOLITAN NASHVILLE POLICE DEPT,20210431220,Davidson,Nashville,8/14/2021 11:04:00 AM,2,0,0,36.180720,-86.759980,MARINA ST,,,,31.00,Feet,East,NEILL AV,,,,0.00,N,Not at Intersection, ,,Work Zone,,,         ,Matthew,Cammarn,,,no,no,no,no,no,False
103061232,METROPOLITAN NASHVILLE POLICE DEPT,20210431275,Davidson,Not in City Limit,8/14/2021 12:00:00 PM,2,0,0,36.264250,-86.735900,OLD HICKORY BLVDW,,,,67.00,Feet,East,I65 N EXT RAMP,,,,0.00,N,Not at Intersection,N,Non-Junction,None,,,         ,Nicholas,Cochran,,Front to Rear,no,no,no,no,yes,False
103061234,METROPOLITAN NASHVILLE POLICE DEPT,20210431285,Davidson,Nashville,8/14/2021 12:00:00 AM,2,0,0,36.152150,-86.788860,MUSIC CIRE,,,,258.00,Feet,East,DIVISION ST,,,,0.00,N,Not at Intersection,N,Non-Junction,None,,,         ,William,Caillouette,Unknown,Unknown,no,no,no,yes,yes,False
103061235,METROPOLITAN NASHVILLE POLICE DEPT,20210431261,Davidson,Nashville,8/14/2021 11:15:00 AM,2,0,0,36.151810,-86.852120,MORROW RD,,,,81.00,Feet,North,CHARLOTTE AV,,,,0.00,N,Not at Intersection, ,Non-Junction,None,,,         ,Alex,Gibson,Cloudy,Front to Rear,no,no,no,no,no,False
103061249,METROPOLITAN NASHVILLE POLICE DEPT,20210431286,Davidson,Nashville,8/14/2021 11:43:00 AM,2,0,0,36.118700,-86.775870,GALE LN,,,,128.00,Feet,North,GALE PARK LN,,,,0.00,N,Not at Intersection, ,Non-Junction,None,,,         ,Nicholas,Smith,Clear,Angle,no,no,no,no,no,False
103061265,METROPOLITAN NASHVILLE POLICE DEPT,20210431227,Davidson,Nashville,8/14/2021 11:00:00 AM,2,1,0,36.049980,-86.649500,BELL RD,,,,0.00,,,MT VIEW RD,,,,0.00,Y,Four-Way,Y,Intersection,None,,,         ,Courtney,Kirtley,Cloudy,Angle,no,no,no,no,yes,False
103061271,METROPOLITAN NASHVILLE POLICE DEPT,20210429423,Davidson,Nashville,8/13/2021 10:11:00 AM,2,0,0,36.082510,-86.697730,I 24,,,,0.00,,,,,,,56.00,N,Not at Intersection,N,Non-Junction,None,,,         ,Darrin,Hardin,Clear,"Sideswipe, Same Direction",no,no,no,no,yes,False
103061320,METROPOLITAN NASHVILLE POLICE DEPT,20210431271,Davidson,Old Hickory,8/14/2021 12:18:00 PM,1,1,0,36.253500,-86.649200,ROBINSON RD,,,,5.00,Feet,East,DEBOW ST,,,,0.00,N,Not at Intersection,N,Non-Junction,None,,,         ,Aimee,Ortiz,Clear,Not Collision with Motor Vehicle in Transport,yes,no,no,no,no,False
103061322,METROPOLITAN NASHVILLE POLICE DEPT,20210431323,Davidson,Not in City Limit,8/14/2021 1:20:00 PM,2,0,0,36.076350,-86.966360,I 40,,,,0.00,,,,,,,195.70,N,Not at Intersection,N,Non-Junction,None,,,         ,Wesley,Tilley,Clear,Angle,no,no,no,no,no,False
103061367,METROPOLITAN NASHVILLE POLICE DEPT,2021-0431294,Davidson,Nashville,8/14/2021 12:45:00 PM,2,0,0,36.139630,-86.821930,MURPHY RD,,,,89.00,Feet,West,WEST END AV EXT RAMP,,,,0.00,N,Not at Intersection,N,Non-Junction,None,,,         ,Po,Cheng,Cloudy,Angle,no,no,no,no,no,False
103061385,METROPOLITAN NASHVILLE POLICE DEPT,20210431293,Davidson,Nashville,8/14/2021 12:46:00 PM,2,0,0,36.077700,-86.682500,ANTIOCH PKE,,,,307.00,Feet,North,LUNA DR,,,,0.00,N,Not at Intersection,N,Non-Junction,None,,,         ,Marcus,Darden,Clear,Not Collision with Motor Vehicle in Transport,no,no,no,no,no,False
103061386,METROPOLITAN NASHVILLE POLICE DEPT,20210431284,Davidson,Nashville,8/14/2021 12:20:00 PM,2,0,0,36.196590,-86.742290,GALLATIN AV,,,,26.00,Feet,South,CAHAL AV,,,,0.00,N,Not at Intersection,N,Non-Junction,None,,,         ,Faye,Denson,Clear,Front to Rear,no,no,no,no,no,False
103061399,METROPOLITAN NASHVILLE POLICE DEPT,20210431266,Davidson,Nashville,8/14/2021 12:00:00 AM,1,0,0,36.144120,-86.763660,2ND AVS,,,,471.00,Feet,West,1ST AVS,,,,0.00,N,Not at Intersection,N,Non-Junction,None,,,         ,Tyler,Heckaman,Clear,Not Collision with Motor Vehicle in Transport,no,no,no,yes,yes,False
103061400,METROPOLITAN NASHVILLE POLICE DEPT,20210431342,Davidson,Nashville,8/14/2021 1:50:00 PM,1,1,0,36.152730,-86.855830,BRILEY PKWY S EXT RAMP,,,,0.00,,East,I 40,,,,0.00,N,Not at Intersection,Y,Entrance/Exit Ramp Related,None,,,         ,Alex,Gibson,Clear,Not Collision with Motor Vehicle in Transport,no,no,no,no,no,False
103061454,METROPOLITAN NASHVILLE POLICE DEPT,20210431381,Davidson,Not in City Limit,8/14/2021 2:58:00 PM,2,3,0,36.077440,-87.002030,I 40,,,,0.00,,,,,,,193.55,N,Not at Intersection,N,Non-Junction,None,,,         ,Ryan,Papp,Clear,Front to Rear,no,no,no,no,no,False
103061455,METROPOLITAN NASHVILLE POLICE DEPT,20210431404,Davidson,Nashville,8/14/2021 3:08:00 PM,2,0,0,36.150380,-86.796000,19TH AVS,,,,18.00,Feet,North,DIVISION ST,,,,0.00,N,Not at Intersection, ,,None,,,         ,Dakota,Davis,,,no,no,no,no,no,False
103061463,METROPOLITAN NASHVILLE POLICE DEPT,20210431411,Davidson,Nashville,8/14/2021 2:57:00 PM,2,0,0,36.191020,-86.745190,GALLATIN AV,,,,86.00,Feet,North,GREENWOOD AV,,,,0.00,N,Not at Intersection, ,Non-Junction,None,,,         ,Jason,Milyaro Lucas,Clear,"Sideswipe, Same Direction",no,no,no,no,no,False
103061468,METROPOLITAN NASHVILLE POLICE DEPT,20210431443,Davidson,Nashville,8/14/2021 2:58:00 PM,2,0,0,36.163060,-86.664000,COLONIAL CIR,,,,0.00,Feet,East,DONELSON PKE,,,,0.00,N,Not at Intersection,N,Non-Junction,None,,,         ,Brandon,Chapman,Clear,Front to Rear,no,no,no,no,yes,False
103061503,METROPOLITAN NASHVILLE POLICE DEPT,20210431456,Davidson,Nashville,8/14/2021 2:42:00 PM,2,0,0,36.044770,-86.661260,BELL RD,,,,78.00,Feet,East,CANE RIDGE RD,,,,0.00,N,Not at Intersection,N,Non-Junction,None,,,         ,Gary,Anderson,Clear,"Sideswipe, Same Direction",no,no,no,no,yes,False
103061517,METROPOLITAN NASHVILLE POLICE DEPT,20210431432,Davidson,Nashville,8/14/2021 3:17:00 PM,2,0,0,36.108350,-86.720860,I 24,,,,0.00,,,,,,,53.80,N,Not at Intersection,N,Non-Junction,None,,,         ,Austin,Binner,Clear,Front to Rear,no,no,no,no,no,False
103061525,METROPOLITAN NASHVILLE POLICE DEPT,20210431454,Davidson,Nashville,8/14/2021 3:10:00 PM,2,0,0,36.158020,-86.788740,12TH AVN,,,,75.00,Feet,North,GRUNDY ST,,,,0.00,N,Not at Intersection,N,Non-Junction,None,,,         ,Brent,Morris,Clear,Angle,no,no,no,no,no,False
103061532,THP District 3 - Nashville,321055548,Davidson,Nashville,8/13/2021 5:36:00 PM,2,0,0,36.036050,-86.872300,HILLSBORO RD,,,,577.00,Feet,North,HILLSBORO VALLEY RD,,,,0.00,N,Not at Intersection, ,Non-Junction,None,,,         ,Reggie,Edge Jr,Rain,Front to Rear,no,no,no,no,no,False
103061543,METROPOLITAN NASHVILLE POLICE DEPT,20210431363,Davidson,Not in City Limit,8/14/2021 2:40:00 PM,3,1,0,36.266010,-86.739390,I65 S ENT RAMP,,,,0.00,Feet,East,I 65,,,,0.00,N,Not at Intersection,N,Non-Junction,None,,,         ,Amanda,Topping,Clear,Front to Rear,no,no,no,no,no,False
103061555,METROPOLITAN NASHVILLE POLICE DEPT,20210431450,Davidson,Nashville,8/14/2021 12:50:00 PM,2,0,0,36.183170,-86.734400,SCOTT AV,,,,190.00,Feet,South,FRANKLIN AV,,,,0.00,N,Not at Intersection,N,Non-Junction,None,,,         ,Flynn,Ireland,Clear,"Sideswipe, Same Direction",no,no,no,no,yes,False
103061559,METROPOLITAN NASHVILLE POLICE DEPT,20210431547,Davidson,Nashville,8/14/2021 3:15:00 PM,2,1,0,36.045200,-86.700170,BELL RD,,,,448.00,Feet,East,OLD HICKORY BLVD,,,,0.00,N,Not at Intersection,N,Non-Junction,None,,,         ,Matthew,Swindell,Clear,Front to Rear,no,no,no,no,no,False
103061568,METROPOLITAN NASHVILLE POLICE DEPT,20210431604,Davidson,Nashville,8/14/2021 5:50:00 PM,1,0,0,36.159130,-86.784590,COMMERCE ST,,,,0.00,,,,,,,0.00,,,N,Non-Junction,None,,,         ,Brent,Morris,Clear,Not Collision with Motor Vehicle in Transport,no,no,no,yes,no,False
103061575,METROPOLITAN NASHVILLE POLICE DEPT,20210431611,Davidson,Nashville,8/14/2021 2:51:00 PM,2,0,0,36.168190,-86.665160,LEBANON PKE,,,,351.00,Feet,West,OLD LEBANON PKE,,,,0.00,N,Not at Intersection,N,Non-Junction,None,,,         ,Jason,Kedzierski,Clear,"Sideswipe, Same Direction",no,no,no,no,yes,False
103061577,METROPOLITAN NASHVILLE POLICE DEPT,20210431631,Davidson,Nashville,8/14/2021 5:13:00 PM,2,0,0,36.153590,-86.785550,LAUREL ST,,,,0.00,,,12TH AVS,,,,0.00,Y,Four-Way, ,Intersection,None,,,         ,Douglas,Sykes,Clear,Angle,no,no,no,no,no,False
103061578,METROPOLITAN NASHVILLE POLICE DEPT,20210431460,Davidson,Nashville,8/14/2021 3:24:00 PM,2,1,0,36.146610,-86.742680,I 40,,,,0.00,,,,,,,212.10,N,Not at Intersection,N,Non-Junction,None,,,         ,Mary,Robinson,Clear,"Sideswipe, Same Direction",no,no,no,no,no,False
103061590,METROPOLITAN NASHVILLE POLICE DEPT,20210431587,Davidson,Nashville,8/14/2021 5:44:00 PM,2,0,0,36.069410,-86.690780,I24 E EXT RAMP,,,,0.00,Feet,East,I 24,,,,0.00,N,Not at Intersection, ,,None,,,         ,Thomas,Parsons,,,no,no,no,no,no,False
103061591,METROPOLITAN NASHVILLE POLICE DEPT,20210431423,Davidson,Old Hickory,8/14/2021 3:27:00 PM,1,1,0,36.266830,-86.665970,ROBINSON RD,,,,807.00,Feet,East,BRIDGEWAY AV,,,,0.00,N,Not at Intersection,N,Non-Junction,None,,,         ,Destiny,Zunic,Clear,Not Collision with Motor Vehicle in Transport,no,no,no,no,no,False
103061595,METROPOLITAN NASHVILLE POLICE DEPT,20210431357,Davidson,Nashville,8/14/2021 2:35:00 PM,1,0,0,36.155710,-86.828760,I440 W EXT RAMP,,,,0.00,Feet,East,I 40,,,,0.00,N,Not at Intersection,N,Non-Junction,None,,,         ,Gerry,Hutcheson,Clear,Not Collision with Motor Vehicle in Transport,no,no,no,no,no,False
103061605,METROPOLITAN NASHVILLE POLICE DEPT,20210431630,Davidson,Nashville,8/14/2021 5:20:00 PM,2,1,0,36.067620,-86.630940,FOREST VIEW DR,,,,117.00,Feet,East,MURFREESBORO PKE,,,,0.00,N,Not at Intersection,N,Non-Junction,None,,,         ,Nadine,Klemenz,Cloudy,Front to Rear,no,no,no,no,yes,False
103061607,METROPOLITAN NASHVILLE POLICE DEPT,20210431670,Davidson,Nashville,8/14/2021 3:12:00 PM,2,2,0,36.211000,-86.838930,NORTHSIDE STATION PVTDR,,,,0.00,Feet,,CLARKSVILLE PKE,,,,0.00,Y,Four-Way,N,Intersection,None,,,         ,Mathew,Clement,Clear,Angle,no,no,no,no,no,False
103061611,METROPOLITAN NASHVILLE POLICE DEPT,20210431409,Davidson,Nashville,8/14/2021 12:00:00 AM,4,2,0,36.134250,-86.775600,WEDGEWOOD AV,,,,227.00,Feet,East,I65 N ENT RAMP,,,,0.00,N,Not at Intersection,N,Entrance/Exit Ramp Related,None,,,         ,Wyatt,Blacker,Clear,Front to Rear,no,no,no,no,no,False
103061614,METROPOLITAN NASHVILLE POLICE DEPT,20210431648,Davidson,Nashville,8/14/2021 6:20:00 PM,3,3,0,36.173240,-86.766980,JAMES ROBERTSON PKWY ENT RAMP,,,,0.00,Feet,East,MAIN ST ENT RAMP,,,,0.00,N,Not at Intersection,N,Non-Junction,None,,,         ,Ciara,Doherty,Clear,Front to Rear,no,no,no,no,no,False
103061623,METROPOLITAN NASHVILLE POLICE DEPT,20210431612,Davidson,Nashville,8/14/2021 5:28:00 PM,1,0,0,36.205910,-86.781550,SCRUGGS LN,,,,354.00,Feet,South,W TRINITY LN,,,,0.00,N,Not at Intersection,N,Non-Junction,None,,,         ,Mary,Hall,Clear,Not Collision with Motor Vehicle in Transport,no,no,no,yes,yes,False
103061640,METROPOLITAN NASHVILLE POLICE DEPT,20210431624,Davidson,Nashville,8/14/2021 5:50:00 PM,2,0,0,36.151560,-86.792940,MUSIC SQW,,,,159.00,Feet,South,DIVISION ST,,,,0.00,N,Not at Intersection, ,,None,,,         ,Cory,Stratton,,,no,no,no,no,no,False
103061646,METROPOLITAN NASHVILLE POLICE DEPT,20210431775,Davidson,Nashville,8/14/2021 7:30:00 PM,1,0,0,36.124000,-86.749630,I440 W EXT RAMP,,,,0.00,Feet,East,I 440,,,,0.00,N,Not at Intersection, ,Non-Junction,None,,,         ,Timothy,Ward,Rain,Not Collision with Motor Vehicle in Transport,no,no,no,no,no,False
103061660,METROPOLITAN NASHVILLE POLICE DEPT,20210431779,Davidson,Nashville,8/14/2021 8:00:00 PM,2,0,0,36.151760,-86.768630,2ND AVS,,,,0.00,,,I40 W EXT RAMP,,,,0.00,Y,Four-Way, ,Intersection,None,,,         ,Benny,Pittman,Clear,Angle,no,no,no,no,no,False
103061664,METROPOLITAN NASHVILLE POLICE DEPT,20210431676,Davidson,Antioch,8/14/2021 6:47:00 PM,2,5,0,36.037350,-86.586400,LAVERGNE COUCHVILLE PKE,,,,14.00,Feet,South,MAXWELL RD,,,,0.00,N,Not at Intersection,N,Non-Junction,None,,,         ,Brandon,Simpkins,Clear,Angle,no,no,no,no,yes,False
103061674,METROPOLITAN NASHVILLE POLICE DEPT,20210431772,Davidson,Nashville,8/14/2021 7:57:00 PM,1,0,0,36.130360,-86.715820,MURFREESBORO PKE,,,,431.00,Feet,East,FOOTHILL DR,,,,0.00,N,Not at Intersection,N,Non-Junction,None,,,         ,Josh,Lauton,Cloudy,Not Collision with Motor Vehicle in Transport,no,no,no,no,no,False
103061734,METROPOLITAN NASHVILLE POLICE DEPT,20210431830,Davidson,Nashville,8/14/2021 8:42:00 PM,2,0,0,36.071560,-86.636300,BELL RD,,,,119.00,Feet,South,MURFREESBORO PKE,,,,0.00,N,Not at Intersection,N,Non-Junction,None,,,         ,Matthew,Swindell,Clear,Front to Rear,no,no,no,no,yes,False
103061738,METROPOLITAN NASHVILLE POLICE DEPT,20210431790,Davidson,Nashville,8/14/2021 8:10:00 PM,1,0,0,36.046810,-86.716720,HICKORY PLZ,,,,302.00,Feet,South,HICKORY TRACE DR PVTDR,,,,0.00,N,Not at Intersection,N,Non-Junction,None,,,         ,Tre,Marlowe,Clear,Not Collision with Motor Vehicle in Transport,no,no,no,no,yes,False
103061750,METROPOLITAN NASHVILLE POLICE DEPT,20210431758,Davidson,Nashville,8/14/2021 7:49:00 PM,2,1,0,36.058500,-86.741590,EDMONDSON PKE,,,,575.00,Feet,South,SEVEN MILE CREEK GRNWY,,,,0.00,N,Not at Intersection,N,Non-Junction,None,,,         ,Steven,Powers,Rain,Front to Rear,no,no,no,no,no,False
103061752,METROPOLITAN NASHVILLE POLICE DEPT,20210431607,Davidson,Nashville,8/14/2021 5:55:00 PM,2,10,0,36.163170,-86.804760,19TH AVN,,,,0.00,Feet,West,HERMAN ST,,,,0.00,N,Not at Intersection,N,Non-Junction,None,,,         ,Michael,Suagua,Clear,Front to Rear,no,no,no,no,no,False
103061789,METROPOLITAN NASHVILLE POLICE DEPT,20210431913,Davidson,Nashville,8/14/2021 8:10:00 PM,2,0,0,36.045320,-86.713710,OLD HICKORY BLVD,,,,134.00,Feet,West,NOLENSVILLE PKE,,,,0.00,N,Not at Intersection,N,Non-Junction,None,,,         ,Dalton,Crum,Clear,"Sideswipe, Same Direction",no,no,no,no,yes,False
103061792,METROPOLITAN NASHVILLE POLICE DEPT,20210431883,Davidson,Nashville,8/14/2021 9:37:00 PM,2,2,0,36.045430,-86.703610,OLD HICKORY BLVD,,,,0.00,Feet,,EULALA DR,,,,0.00,Y,Four-Way,N,Intersection-Related,None,,,         ,Eric,Laury,Cloudy,Front to Rear,no,no,no,no,no,False
103061795,METROPOLITAN NASHVILLE POLICE DEPT,20210431844,Davidson,Nashville,8/14/2021 8:55:00 PM,2,0,0,36.159840,-86.779910,BROADWAY,,,,0.00,,,6TH AVS,,,,0.00,Y,T-Intersection, ,,None,,,         ,Joshua,Asbell,,,no,no,no,no,no,False
103061803,METROPOLITAN NASHVILLE POLICE DEPT,20210431868,Davidson,Nashville,8/14/2021 9:11:00 PM,2,0,0,36.085520,-86.647950,MURFREESBORO PKE,,,,551.00,Feet,South,UNA ANTIOCH PKE,,,,0.00,N,Not at Intersection,N,Non-Junction,None,,,         ,Thomas,Broatch,Cloudy,"Sideswipe, Same Direction",no,no,no,yes,yes,False
103061820,METROPOLITAN NASHVILLE POLICE DEPT,20210430693,Davidson,Nashville,8/13/2021 12:00:00 AM,2,0,0,36.188120,-86.821780,CLARKSVILLE PKE,,,,77.00,Feet,West,ROSA L PARKS BLVD,,,,0.00,N,Not at Intersection,N,Non-Junction,None,,,         ,Joshua,Asbell,Unknown,"Sideswipe, Same Direction",no,no,no,no,yes,False
103061845,METROPOLITAN NASHVILLE POLICE DEPT,20210431931,Davidson,Nashville,8/14/2021 12:00:00 AM,2,1,0,36.087870,-86.920730,OLD HICKORY BLVD,,,,0.00,,,THE RESERVE PVTDR,,,,0.00,Y,Four-Way,Y,Intersection,None,,,         ,Maria,Reynolds,Clear,Front to Rear,no,no,no,no,no,False
103061846,METROPOLITAN NASHVILLE POLICE DEPT,20210431785,Davidson,Nashville,8/14/2021 8:07:00 PM,3,0,0,36.131430,-86.713970,MILLWOOD DR,,,,740.00,Feet,North,MURFREESBORO PKE,,,,0.00,N,Not at Intersection,N,Non-Junction,None,,,         ,Rami,Rouhi,Clear,"Sideswipe, Same Direction",no,no,no,yes,no,False
103061855,METROPOLITAN NASHVILLE POLICE DEPT,20210431948,Davidson,Nashville,8/14/2021 10:46:00 PM,2,0,0,36.151340,-86.768360,2ND AVS,,,,0.00,,,I40 E ENT RAMP,,,,0.00,Y,Four-Way, ,Intersection,None,,,         ,Dallas,Johnson,Clear,Angle,no,no,no,no,no,False
103061857,METROPOLITAN NASHVILLE POLICE DEPT,20210413900,Davidson,Nashville,8/14/2021 9:50:00 PM,3,0,0,36.122660,-86.700850,MARS DR,,,,0.00,,,SATURN DR,,,,0.00,Y,T-Intersection,N,Non-Junction,None,,,         ,Robert,Marquez,Clear,"Sideswipe, Opposite Direction",no,no,no,no,no,False
103061859,METROPOLITAN NASHVILLE POLICE DEPT,20210431976,Davidson,Nashville,8/14/2021 11:06:00 PM,2,0,0,36.161890,-86.775170,BROADWAY,,,,0.00,,,2ND AVN,,,,0.00,Y,Four-Way, ,Intersection,None,,,         ,Ralph,Smith IV,Clear,Angle,no,no,no,no,no,False
103061860,METROPOLITAN NASHVILLE POLICE DEPT,20210431693,Davidson,Goodlettsville,8/14/2021 12:00:00 AM,2,0,0,36.304120,-86.694680,RIVERGATE MALL PVTDR,,,,511.00,Feet,West,CONFERENCE DR,,,,0.00,N,Not at Intersection,N,Non-Junction,None,,,         ,Wesley,Carver,Clear,Angle,no,no,no,yes,yes,False
103061861,METROPOLITAN NASHVILLE POLICE DEPT,20210431690,Davidson,Nashville,8/14/2021 6:53:00 PM,2,0,0,36.180950,-86.824260,BUCHANAN ST,,,,0.00,Feet,West,ED TEMPLE BLVD,,,,0.00,N,Not at Intersection,N,Non-Junction,None,,,         ,Malik,Burriss,Clear,Front to Rear,no,no,no,no,yes,False
103061870,BERRY HILL POLICE DEPT,21-2450,Davidson,Berry Hill,8/14/2021 5:10:00 AM,2,0,0,36.123070,-86.776030,FRANKLIN PKE,,,,190.00,Feet,North,BILOXI AV,,,,0.00,N,Not at Intersection,N,Non-Junction,None,,,         ,James,Haddock,Clear,Angle,no,no,no,no,no,False
103061872,METROPOLITAN NASHVILLE POLICE DEPT,20210432071,Davidson,Nashville,8/14/2021 11:53:00 PM,2,0,0,36.077130,-86.694700,I 24,,,,0.00,,,,,,,56.40,N,Not at Intersection,N,Non-Junction,None,,,         ,Ronald,Conner,Clear,"Sideswipe, Same Direction",no,no,no,no,yes,False
103061873,METROPOLITAN NASHVILLE POLICE DEPT,20210431884,Davidson,Nashville,8/14/2021 9:39:00 PM,2,0,0,36.206170,-86.772250,W TRINITY LN,,,,341.00,Feet,West,LUCAS LN,,,,0.00,N,Not at Intersection,N,Non-Junction,None,,,         ,Trevor,Jones,Clear,Angle,no,no,no,no,yes,False
103061874,METROPOLITAN NASHVILLE POLICE DEPT,20210432117,Davidson,Nashville,8/15/2021 12:19:00 AM,1,0,0,36.059210,-86.667050,MOSS RD,,,,372.00,Feet,South,UNA ANTIOCH PKE,,,,0.00,N,Not at Intersection,N,Non-Junction,None,,,         ,D’Mitri,Mackall,Clear,Not Collision with Motor Vehicle in Transport,no,no,no,yes,yes,False
103061875,METROPOLITAN NASHVILLE POLICE DEPT,20210432025,Davidson,Nashville,8/14/2021 10:30:00 PM,2,0,0,36.044620,-86.659480,I24 E ENT RAMP,,,,0.00,Feet,East,I 24,,,,0.00,N,Not at Intersection, ,Entrance/Exit Ramp Related,None,,,         ,Douglas,Meringer,Clear,Angle,no,no,no,no,no,False
103061876,METROPOLITAN NASHVILLE POLICE DEPT,20210432128,Davidson,Not in City Limit,8/15/2021 12:30:00 AM,1,1,0,36.323030,-86.876260,BINKLEY RD,,,,952.00,Feet,North,SMITH FARMS CT,,,,0.00,N,Not at Intersection,N,Non-Junction,None,,,         ,Blas,Hernandez,Cloudy,Not Collision with Motor Vehicle in Transport,no,no,no,no,no,False
103061880,METROPOLITAN NASHVILLE POLICE DEPT,20210432046,Davidson,Nashville,8/14/2021 11:45:00 PM,2,0,0,36.159900,-86.773860,2ND AVS,,,,0.00,,,DEMONBREUN ST,,,,0.00,Y,Four-Way, ,Intersection,None,,,         ,John,Jones,Clear,"Sideswipe, Opposite Direction",no,no,no,no,no,False
103061900,METROPOLITAN NASHVILLE POLICE DEPT,20210432039,Davidson,Nashville,8/14/2021 11:43:00 PM,2,0,0,36.150200,-86.796220,DIVISION ST,,,,92.00,Feet,West,19TH AVS,,,,0.00,N,Not at Intersection, ,Non-Junction,None,,,         ,Brandon,Hughes,Clear,"Sideswipe, Same Direction",no,no,no,no,yes,False
103061901,METROPOLITAN NASHVILLE POLICE DEPT,20210432179,Davidson,Nashville,8/15/2021 1:05:00 AM,2,0,0,36.195180,-86.743060,GALLATIN AV,,,,69.00,Feet,North,CHESTER AV,,,,0.00,N,Not at Intersection, ,Non-Junction,None,,,         ,Dillon,Hunt,Clear,"Sideswipe, Same Direction",no,no,no,no,no,False
103061902,METROPOLITAN NASHVILLE POLICE DEPT,20210432209,Davidson,Nashville,8/15/2021 12:49:00 AM,2,0,0,36.094020,-86.706280,I 24,,,,0.00,,,,,,,55.05,N,Not at Intersection,N,Non-Junction,None,,,         ,Teresah,Pinho,Clear,"Sideswipe, Same Direction",no,no,no,no,no,False
103061914,METROPOLITAN NASHVILLE POLICE DEPT,20210432083,Davidson,Nashville,8/14/2021 12:00:00 AM,2,0,0,36.151830,-86.768470,I40 W EXT RAMP,,,,0.00,,,I 40,,,,0.00,Y,OTHER,N,Non-Junction,None,,,         ,Eric,Jackson,Clear,Front to Rear,no,no,no,no,yes,False
103061919,METROPOLITAN NASHVILLE POLICE DEPT,20210432201,Davidson,Nashville,8/15/2021 1:47:00 AM,1,0,0,36.130290,-86.899940,CHARLOTTE PKE,,,,0.00,,,I40 W EXT RAMP,,,,0.00,Y,T-Intersection,N,Intersection,None,,,         ,John,Robish,Clear,Not Collision with Motor Vehicle in Transport,no,no,no,no,no,False
103061920,METROPOLITAN NASHVILLE POLICE DEPT,20210432087,Davidson,Nashville,8/15/2021 12:00:00 AM,2,0,0,36.140980,-86.878150,CHARLOTTE ROAD CIR,,,,0.00,Feet,East,CHARLOTTE PKE,,,,0.00,N,Not at Intersection, ,,None,,,         ,John,Robish,,,no,no,no,yes,no,False
103061938,METROPOLITAN NASHVILLE POLICE DEPT,20210432230,Davidson,Nashville,8/15/2021 2:14:00 AM,2,0,0,36.192970,-86.801830,ROSA L PARKS BLVD,,,,0.00,,,ATHENS WAY,,,,0.00,Y,Four-Way,Y,Intersection,None,,,         ,Jeremy,Arnold,Clear,Angle,no,no,no,no,yes,False
103061952,METROPOLITAN NASHVILLE POLICE DEPT,20210432288,Davidson,Nashville,8/15/2021 12:00:00 AM,1,1,0,36.087030,-86.730580,NOLENSVILLE PKE,,,,119.00,Feet,West,ELYSIAN FIELDS CT,,,,0.00,N,Not at Intersection,N,Non-Junction,None,,,         ,Clayton,Cox,Clear,Not Collision with Motor Vehicle in Transport,yes,no,no,yes,yes,False
103061955,METROPOLITAN NASHVILLE POLICE DEPT,20210431960,Davidson,Nashville,8/14/2021 12:00:00 AM,2,0,0,36.074130,-86.922310,HIGHWAY 70S,,,,98.00,Feet,West,OLD HARDING PKE,,,,0.00,N,Not at Intersection,N,"Driveway, Alley Access, etc",None,,,         ,Lynsey,Fish,Cloudy,Front to Rear,no,no,no,no,no,False
103061969,BELLE MEADE POLICE DEPT,21-0169,Davidson,Belle Meade,8/14/2021 5:15:00 PM,2,0,0,36.107850,-86.866160,HARDING PKE,,,,1045.00,Feet,North,LEAKE AV,,,,0.00,N,Not at Intersection, ,Non-Junction,None,,,         ,Katelyn,Cloxton,Clear,"Sideswipe, Opposite Direction",no,no,no,no,no,False