master_record_number,agency,agency_tracking_number,county,city,collision_date,vehicles_involved,number_injured,number_dead,latitude,longitude,roadway_name,roadway_suffix,roadway_number,roadway_local_id,distance_from_reference,miles-feet_indicator,direction_from_reference,intersection_road_name,intersection_road_name_suffix,intersection_road_number,intersection_local_id,mile_marker,intersection_indicator,intersect_type,interchange_related_indicator,relation_to_junction,work_zone_type,construction_maintenance_zone,construction_maintenance_zone_location,fatal_case_number,officer_first_name,officer_last_name,weather_condition(s),manner_of_crash,pedestrian,bicycle,scooter,parking,hitrun,mou
103062907,METROPOLITAN NASHVILLE POLICE DEPT,20210429773,Davidson,Nashville,8/13/2021 1:55:00 PM,1,1,0,36.154770,-86.784860,11TH AVS,,,,127.00,Feet,South,DEMONBREUN ST,,,,0.00,N,Not at Intersection,N,Non-Junction,None,,,         ,Mandi,Maska,Cloudy,Not Collision with Motor Vehicle in Transport,yes,no,no,no,no,False
103062919,METROPOLITAN NASHVILLE POLICE DEPT,20210433927,Davidson,Nashville,8/16/2021 9:23:00 AM,2,0,0,36.233520,-86.726500,JOYCE LN,,,,495.00,Feet,West,GALLATIN PKE,,,,0.00,N,Not at Intersection,N,Non-Junction,None,,,         ,Jarret,Sonnenberg,Clear,Front to Rear,no,no,no,yes,yes,False
103062925,METROPOLITAN NASHVILLE POLICE DEPT,20210433956,Davidson,Nashville,8/16/2021 10:12:00 AM,2,1,0,36.157930,-86.791610,CHURCH ST,,,,0.00,,,14TH AVN,,,,0.00,Y,Four-Way,N,Intersection,None,,,         ,Earl,Davis,Cloudy,Angle,no,no,no,no,no,False
103062927,METROPOLITAN NASHVILLE POLICE DEPT,20210433990,Davidson,Nashville,8/16/2021 10:37:00 AM,2,1,0,36.144220,-86.738750,I 40,,,,0.00,,,,,,,212.40,N,Not at Intersection,N,Non-Junction,None,,,         ,Michael,Brooks,Cloudy,"Sideswipe, Same Direction",no,no,no,no,no,False
103062934,VANDERBILT UNIVERSITY POLICE,20210433950,Davidson,Nashville,8/16/2021 9:50:00 AM,2,0,0,36.141450,-86.811060,NATCHEZ TRC,,,,0.00,,,,,,,0.00,,, ,Non-Junction,None,,,         ,Christopher,Dion,,Rear to Side,no,no,no,yes,no,Campus
103062935,METROPOLITAN NASHVILLE POLICE DEPT,20210433997,Davidson,Nashville,8/16/2021 10:46:00 AM,1,1,0,36.050390,-86.648120,BELL RD,,,,378.00,Feet,West,HICKORY HOLLOW TER,,,,0.00,N,Not at Intersection,N,Non-Junction,None,,,         ,Kaytlin,huyler,Clear,Not Collision with Motor Vehicle in Transport,yes,no,no,no,no,False
103062936,METROPOLITAN NASHVILLE POLICE DEPT,20210433985,Davidson,Nashville,8/16/2021 9:05:00 AM,2,0,0,36.170830,-86.746800,SHELBY AV,,,,0.00,,,S 14TH ST,,,,0.00,Y,Four-Way,N,Non-Junction,None,,,         ,William,Clemons,Cloudy,Front to Rear,no,no,no,no,yes,False
103062937,METROPOLITAN NASHVILLE POLICE DEPT,20210433957,Davidson,Nashville,8/16/2021 10:02:00 AM,2,2,0,36.105010,-86.717300,I 24,,,,0.00,,,,,,,54.10,N,Not at Intersection,N,Non-Junction,None,,,         ,Joe,Hooper,Cloudy,"Sideswipe, Same Direction",no,no,no,no,no,False
103062941,Nashville Airport Police,21-03066,Davidson,Nashville,8/16/2021 8:40:00 AM,2,0,0,36.116700,-86.668180,DONELSON PKE,,,,0.00,,,HANGAR LN,,,,0.00,Y,T-Intersection, ,Intersection,None,,,         ,Jerry,Lovell,Other,Front to Rear,no,no,no,no,no,False
103062958,METROPOLITAN NASHVILLE POLICE DEPT,20210434107,Davidson,Nashville,8/16/2021 12:03:00 PM,1,1,0,36.154860,-86.791530,BROADWAY,,,,300.00,Feet,West,15TH AVN,,,,0.00,N,Not at Intersection,N,"Driveway, Alley Access, etc",None,,,         ,Earl,Davis,Cloudy,Not Collision with Motor Vehicle in Transport,no,no,yes,no,no,False
103062968,METROPOLITAN NASHVILLE POLICE DEPT,20210434125,Davidson,Nashville,8/16/2021 12:10:00 PM,2,0,0,36.125510,-86.842300,WOODLAWN DR,,,,155.00,Feet,North,RIDGEFIELD DR,,,,0.00,N,Not at Intersection,N,Non-Junction,None,,,         ,Alex,Gibson,Cloudy,Front to Rear,no,no,no,no,yes,False
103062973,METROPOLITAN NASHVILLE POLICE DEPT,20210434137,Davidson,Nashville,8/16/2021 11:40:00 AM,1,0,0,36.110520,-86.740380,THOMPSON LN,,,,104.00,Feet,East,SIMMONS AV,,,,0.00,N,Not at Intersection,N,Non-Junction,None,,,         ,Eric,Burford,Clear,Not Collision with Motor Vehicle in Transport,no,no,no,no,no,False
103062982,METROPOLITAN NASHVILLE POLICE DEPT,20210434195,Davidson,Nashville,8/16/2021 10:08:00 AM,2,0,0,36.144410,-86.666710,DONELSON PKE,,,,298.00,Feet,South,SHACKLETT DR,,,,0.00,N,Not at Intersection,N,Non-Junction,None,,,         ,Michael,Brooks,Cloudy,Angle,no,no,no,no,yes,False
103062990,METROPOLITAN NASHVILLE POLICE DEPT,20210434078,Davidson,Nashville,8/16/2021 11:22:00 AM,2,1,0,36.044470,-86.650970,CROSSINGS BLVD,,,,0.00,,,HICKORY HOLLOW PKWY,,,,0.00,Y,T-Intersection,N,Intersection-Related,None,,,         ,Caleb,Jernigan,Cloudy,Angle,no,no,no,no,no,False
103063007,METROPOLITAN NASHVILLE POLICE DEPT,20210434024,Davidson,Nashville,8/16/2021 10:22:00 AM,3,0,0,36.060180,-86.679790,I 24,,,,0.00,,,,,,,57.85,N,Not at Intersection, ,Non-Junction,None,,,         ,Tyler,Heckaman,Cloudy,Front to Rear,no,no,no,no,no,False
103063024,METROPOLITAN NASHVILLE POLICE DEPT,20210433730,Davidson,Nashville,8/16/2021 7:50:00 AM,2,4,0,36.038650,-86.731150,OLD HICKORY BLVD,,,,50.00,Feet,West,WOODLAND HILLS DR,,,,0.00,N,Not at Intersection,N,Non-Junction,None,,,         ,Earl,Davis,Cloudy,"Sideswipe, Same Direction",no,no,no,no,no,False
103063035,METROPOLITAN NASHVILLE POLICE DEPT,20210434152,Davidson,Nashville,8/16/2021 12:10:00 PM,2,1,0,36.092890,-86.652280,MURFREESBORO PKE,,,,398.00,Feet,South,OLD MURFREESBORO PKE,,,,0.00,N,Not at Intersection,N,Non-Junction,None,,,         ,Aimee,Ortiz,"Cloudy, Rain",Angle,no,no,no,no,no,False
103063045,METROPOLITAN NASHVILLE POLICE DEPT,20210434157,Davidson,Not in City Limit,8/16/2021 12:00:00 AM,2,0,0,36.102910,-86.933110,I 40,,,,0.00,,,,,,,198.40,N,Not at Intersection,N,Non-Junction,None,,,         ,Bradley,Pope,Rain,Angle,no,no,no,no,no,False
103063047,METROPOLITAN NASHVILLE POLICE DEPT,20210434236,Davidson,Nashville,8/16/2021 12:50:00 PM,1,0,0,36.144460,-86.829060,37TH AVN,,,,131.00,Feet,South,SENTINEL DR,,,,0.00,N,Not at Intersection, ,Non-Junction,None,,,         ,Alex,Gibson,Cloudy,Not Collision with Motor Vehicle in Transport,no,no,no,no,no,False
103063057,METROPOLITAN NASHVILLE POLICE DEPT,20210432584,Davidson,Nashville,8/15/2021 10:10:00 AM,1,1,0,36.148140,-86.867480,CHARLOTTE PKE,,,,19.00,Feet,West,EASTBORO DR,,,,0.00,N,Not at Intersection,N,Non-Junction,None,,,         ,Gerry,Hutcheson,Cloudy,Not Collision with Motor Vehicle in Transport,yes,no,no,no,yes,False
103063059,METROPOLITAN NASHVILLE POLICE DEPT,20210434188,Davidson,Nashville,8/16/2021 12:48:00 PM,2,0,0,36.060600,-86.640020,BELL RD,,,,0.00,,,HICKORY HIGHLANDS DR,,,,0.00,Y,T-Intersection, ,Intersection,None,,,         ,Tyler,Heckaman,Cloudy,Angle,no,no,no,no,no,False
103063060,METROPOLITAN NASHVILLE POLICE DEPT,20210434270,Davidson,Madison,8/16/2021 1:44:00 PM,3,3,0,36.251120,-86.718230,BRINK HAVEN AV,,,,0.00,,,GALLATIN PKES,,,,0.00,Y,T-Intersection,N,Intersection,None,,,         ,Christopher,Littles,Cloudy,Front to Rear,no,no,no,no,no,False
103063063,METROPOLITAN NASHVILLE POLICE DEPT,20210434263,Davidson,Nashville,8/16/2021 1:41:00 PM,2,1,0,36.035450,-86.638360,CROSSINGS BLVD,,,,0.00,,,OLD FRANKLIN RD,,,,0.00,Y,Four-Way,N,Intersection,None,,,         ,Joe,Hooper,Cloudy,Angle,no,no,no,no,no,False
103063070,METROPOLITAN NASHVILLE POLICE DEPT,20210434260,Davidson,Nashville,8/16/2021 1:10:00 PM,2,0,0,36.192710,-86.744370,DOUGLAS AV,,,,0.00,,,GALLATIN AV,,,,0.00,Y,Four-Way,Y,Intersection,None,,,         ,Jarrett,Messick,Cloudy,HeadOn,no,no,no,no,no,False
103063152,METROPOLITAN NASHVILLE POLICE DEPT,20210434340,Davidson,Nashville,8/16/2021 2:50:00 PM,2,0,0,36.086630,-86.697980,I24 W EXT RAMP,,,,0.00,,,HARDING PL,,,,0.00,Y,OTHER, ,Non-Junction,None,,,         ,Eric,Burford,Clear,Front to Rear,no,no,no,no,no,False
103063164,METROPOLITAN NASHVILLE POLICE DEPT,20210434329,Davidson,Nashville,8/16/2021 12:00:00 AM,1,1,0,36.212090,-86.748820,ELLINGTON PKWYS,,,,1100.00,Feet,South,SLAYDON DR,,,,0.00,N,Not at Intersection,N,Non-Junction,None,,,         ,Justen,Ogle,Rain,Not Collision with Motor Vehicle in Transport,no,no,no,no,no,False
103063183,METROPOLITAN NASHVILLE POLICE DEPT,20210434374,Davidson,Nashville,8/16/2021 2:20:00 PM,2,0,0,36.120700,-86.807970,LOMBARDY AV,,,,0.00,,,HILLSBORO PKE,,,,0.00,Y,Four-Way,N,Intersection,None,,,         ,Heather,Fox,Clear,Front to Rear,no,no,no,no,no,False
103063190,METROPOLITAN NASHVILLE POLICE DEPT,20210434392,Davidson,Nashville,8/16/2021 3:20:00 PM,2,0,0,36.135720,-86.885410,CHARLOTTE PKE,,,,75.00,Feet,West,BROOK HOLLOW RD,,,,0.00,N,Not at Intersection,N,Non-Junction,None,,,         ,Jeremy,Huffine,Rain,Front to Rear,no,no,no,no,no,False
103063192,METROPOLITAN NASHVILLE POLICE DEPT,20210434360,Davidson,Nashville,8/16/2021 3:02:00 PM,1,1,0,36.189020,-86.675520,MCGAVOCK PKE,,,,0.00,,,,,,,0.00,,,N,Non-Junction,None,,,         ,Christopher,Beery,Cloudy,Not Collision with Motor Vehicle in Transport,no,no,no,yes,no,False
103063199,METROPOLITAN NASHVILLE POLICE DEPT,20210434326,Davidson,Nashville,8/16/2021 2:40:00 PM,2,0,0,36.153100,-86.764740,I 40,,,,0.00,,,,,,,210.70,N,Not at Intersection,N,Non-Junction,None,,,         ,Reagan,Heath,Clear,Front to Rear,no,no,no,no,no,False
103063214,METROPOLITAN NASHVILLE POLICE DEPT,20210434356,Davidson,Nashville,8/16/2021 2:49:00 PM,2,0,0,36.092810,-86.678860,HARDING PL,,,,0.00,,,DONELSON PKE,,,,0.00,Y,T-Intersection,N,Non-Junction,None,,,         ,Beri,Scott,Clear,Angle,no,no,no,no,no,False
103063220,METROPOLITAN NASHVILLE POLICE DEPT,20210434337,Davidson,Nashville,8/16/2021 2:51:00 PM,1,0,0,36.255900,-86.738360,I 65,,,,0.00,,,,,,,91.65,N,Not at Intersection, ,Non-Junction,None,,,         ,Joshua,Dodge,Rain,Not Collision with Motor Vehicle in Transport,no,no,no,no,no,False
103063223,METROPOLITAN NASHVILLE POLICE DEPT,20210434322,Davidson,Nashville,8/16/2021 2:33:00 PM,2,0,0,36.148470,-86.780870,I 40,,,,0.00,,,,,,,209.75,N,Not at Intersection,N,Non-Junction,None,,,         ,William,Hamblen,Clear,"Sideswipe, Same Direction",no,no,no,no,no,False
103063246,GOODLETTSVILLE POLICE DEPT,21-22854,Davidson,Goodlettsville,8/16/2021 1:55:00 PM,2,0,0,36.305910,-86.693820,CONFERENCE DR,,,,0.00,Feet,,RIVERGATE MALL PVTDR,,,,0.00,Y,T-Intersection,N,Intersection-Related,None,,,         ,George,Henry,"Rain, Sleet/Hail",Angle,no,no,no,no,no,False
103063248,METROPOLITAN NASHVILLE POLICE DEPT,20210422742,Davidson,Nashville,8/9/2021 3:41:00 PM,2,1,0,36.153250,-86.794010,17TH AVS,,,,0.00,,,BROADWAY,,,,0.00,Y,Four-Way,N,Intersection,None,,,         ,Sean,Fitzmaurice,Clear,Angle,no,no,no,no,no,False
103063258,METROPOLITAN NASHVILLE POLICE DEPT,20210434470,Davidson,Nashville,8/16/2021 3:14:00 PM,2,0,0,36.146480,-86.873560,PREMIER DR,,,,0.00,,,AMERICAN RD,,,,0.00,Y,T-Intersection,N,Intersection,None,,,         ,Jeremy,Huffine,Clear,Angle,no,no,no,no,yes,False
103063259,METROPOLITAN NASHVILLE POLICE DEPT,20210434410,Davidson,Nashville,8/16/2021 3:15:00 PM,2,0,0,36.154620,-86.788620,I 40,,,,0.00,,,,,,,209.20,N,Not at Intersection, ,Non-Junction,None,,,         ,Matthew,Hogan,Clear,Angle,no,no,no,no,no,False
103063263,METROPOLITAN NASHVILLE POLICE DEPT,20210434017,Davidson,Nashville,8/16/2021 7:45:00 AM,2,0,0,36.138920,-86.857500,WHITE BRIDGE PKE,,,,226.00,Feet,South,KENDALL DR,,,,0.00,N,Not at Intersection, ,Non-Junction,None,,,         ,George,Spencer,Cloudy,Front to Rear,no,no,no,no,no,False
103063264,METROPOLITAN NASHVILLE POLICE DEPT,20210434347,Davidson,Nashville,8/16/2021 2:50:00 PM,1,0,0,36.239970,-86.769780,BRILEY PKWYE,,,,285.00,Feet,South,BRILEY PKWYW,,,,0.00,N,Not at Intersection,N,Non-Junction,None,,,         ,Thomas,Denenea,"Cloudy, Rain",Not Collision with Motor Vehicle in Transport,no,no,no,no,no,False
103063265,METROPOLITAN NASHVILLE POLICE DEPT,20210434378,Davidson,Nashville,8/16/2021 3:10:00 PM,2,3,0,36.154160,-86.770150,2ND AVS,,,,0.00,,,ELM ST,,,,0.00,Y,T-Intersection,N,Intersection-Related,None,,,         ,Russell,Freeman,Cloudy,Angle,no,no,no,no,no,False
103063274,METROPOLITAN NASHVILLE POLICE DEPT,20210434353,Davidson,Nashville,8/16/2021 2:57:00 PM,1,1,0,36.135800,-86.725040,MURFREESBORO PKE,,,,0.00,,,SPENCE LN,,,,0.00,Y,Four-Way,N,Intersection-Related,None,,,         ,Robert,Marquez,Clear,Not Collision with Motor Vehicle in Transport,no,no,no,no,no,False
103063283,METROPOLITAN NASHVILLE POLICE DEPT,20210434309,Davidson,Nashville,8/16/2021 2:24:00 PM,3,1,0,36.255900,-86.738360,I 65,,,,0.00,,,,,,,91.65,N,Not at Intersection,N,Non-Junction,None,,,         ,Joshua,Dodge,Rain,Angle,no,no,no,no,no,False
103063300,METROPOLITAN NASHVILLE POLICE DEPT,20210434556,Davidson,Nashville,8/16/2021 4:53:00 PM,2,0,0,36.151840,-86.691000,ELM HILL PKE,,,,57.00,Feet,East,ELM HILL PKE WB EXT RAMP,,,,0.00,N,Not at Intersection, ,Non-Junction,None,,,         ,Joseph,Simon,Clear,"Sideswipe, Same Direction",no,no,no,no,no,False
103063301,METROPOLITAN NASHVILLE POLICE DEPT,20210434541,Davidson,Nashville,8/16/2021 12:00:00 AM,2,0,0,36.087870,-86.920730,OLD HICKORY BLVD,,,,0.00,,,THE RESERVE PVTDR,,,,0.00,Y,Four-Way,N,Intersection-Related,None,,,         ,Maria,Reynolds,Clear,Front to Rear,no,no,no,no,yes,False
103063302,METROPOLITAN NASHVILLE POLICE DEPT,20210434559,Davidson,Nashville,8/16/2021 9:25:00 AM,2,0,0,36.208760,-86.752380,OAKWOOD AV,,,,236.00,Feet,South,PAULAWOOD DR,,,,0.00,N,Not at Intersection, ,,None,,,         ,Dakota,Davis,,,no,no,no,no,no,False
103063324,METROPOLITAN NASHVILLE POLICE DEPT,20210434625,Davidson,Nashville,8/16/2021 4:20:00 PM,2,0,0,36.166810,-86.818450,27TH AVN,,,,0.00,,,MEHARRY BLVD,,,,0.00,Y,Four-Way,N,Intersection,None,,,         ,William,Hamblen,Cloudy,Angle,no,no,no,no,no,False
103063332,METROPOLITAN NASHVILLE POLICE DEPT,20210434616,Davidson,Nashville,8/16/2021 5:02:00 PM,2,0,0,36.097100,-86.763410,I 65,,,,0.00,,,,,,,78.85,N,Not at Intersection, ,,None,,,         ,Steven,Powers,,,no,no,no,no,no,False
103063340,METROPOLITAN NASHVILLE POLICE DEPT,20210434563,Davidson,Nashville,8/16/2021 5:08:00 PM,2,1,0,36.117610,-86.725730,I 24,,,,0.00,,,,,,,53.10,N,Not at Intersection,N,Non-Junction,None,,,         ,Beri,Scott,Clear,Front to Rear,no,no,no,no,no,False
103063342,METROPOLITAN NASHVILLE POLICE DEPT,20210434399,Davidson,Nashville,8/16/2021 3:16:00 PM,2,1,0,36.159160,-86.781500,BROADWAY,,,,172.00,Feet,West,7TH AVS,,,,0.00,N,Not at Intersection,N,Non-Junction,None,,,         ,James,Hill,Cloudy,Angle,no,no,no,no,no,False
103063361,METROPOLITAN NASHVILLE POLICE DEPT,20210434686,Davidson,Nashville,8/16/2021 3:52:00 PM,2,0,0,36.134410,-86.819590,I 440,,,,0.00,,,I440 W EXT RAMP,,,,0.00,Y,Y-Intersection, ,Non-Junction,None,,,         ,Thomas,Odom,Clear,Not Collision with Motor Vehicle in Transport,no,no,no,no,no,False
103063373,Nashville Airport Police,2021-02848,Davidson,Nashville,8/2/2021 7:42:00 PM,1,1,0,36.136460,-86.667250,TERMINAL DR,,,,131.00,Feet,North,I40 E EXT RAMP,,,,0.00,N,Not at Intersection,N,Entrance/Exit Ramp Related,None,,,         ,Christopher,Kullman,Clear,Not Collision with Motor Vehicle in Transport,no,no,no,no,no,False
103063374,METROPOLITAN NASHVILLE POLICE DEPT,20210434637,Davidson,Nashville,8/16/2021 4:40:00 PM,3,1,0,36.235310,-86.758300,DICKERSON PKE,,,,0.00,,,,,,,0.00,,,N,Non-Junction,None,,,         ,Flynn,Ireland,Cloudy,Front to Rear,no,no,no,no,no,False
103063396,METROPOLITAN NASHVILLE POLICE DEPT,20210434610,Davidson,Not in City Limit,8/16/2021 5:26:00 PM,2,0,0,36.279300,-86.801870,I 24,,,,0.00,,,,,,,40.30,N,Not at Intersection, ,,None,,,         ,Derek,Sibley,,,no,no,no,no,no,False
103063403,METROPOLITAN NASHVILLE POLICE DEPT,20210434779,Davidson,Not in City Limit,8/16/2021 7:49:00 PM,1,0,0,36.055350,-86.952980,AMBER HILLS LN,,,,181.00,Feet,North,POPLAR CREEK RD,,,,0.00,N,Not at Intersection,N,Non-Junction,None,,,         ,Thomas,Odom,Clear,Not Collision with Motor Vehicle in Transport,no,no,no,no,yes,False
103063404,METROPOLITAN NASHVILLE POLICE DEPT,20210434609,Davidson,Nashville,8/16/2021 3:34:00 PM,2,0,0,36.177490,-86.607170,FRIST BLVD,,,,661.00,Feet,West,I40 W ENT RAMP,,,,0.00,N,Not at Intersection, ,Non-Junction,None,,,         ,James,Gilliam,Cloudy,Rear to Rear,no,no,no,yes,yes,False
103063419,METROPOLITAN NASHVILLE POLICE DEPT,20210434639,Davidson,Nashville,8/16/2021 5:16:00 PM,3,1,0,36.121800,-86.760030,I-440E NEAR 5 8,,,,0.00,,East,,,,,5.00,N,Not at Intersection,N,Non-Junction,None,,,         ,Dakota,Davis,Clear,Front to Rear,no,no,no,no,no,False
103063422,METROPOLITAN NASHVILLE POLICE DEPT,20210434725,Davidson,Nashville,8/16/2021 12:00:00 AM,3,2,0,36.145500,-86.626190,LINCOYA BAY DR,,,,0.00,,,BELL RD,,,,0.00,Y,Four-Way,N,Intersection,None,,,         ,Adam,Gartner,Cloudy,Front to Rear,no,no,no,no,yes,False
103063439,TENNESSEE STATE UNIVERSITY ,21-TSU-28818,Davidson,Nashville,8/12/2021 7:55:00 PM,1,0,0,36.167130,-86.826950,JOHN A MERRITT BLVD,,,,0.00,,,33RD AVN,,,,0.00,Y,OTHER, ,,None,,,         ,Timothy,Torok,,,no,no,no,yes,no,False
103063445,METROPOLITAN NASHVILLE POLICE DEPT,20210434790,Davidson,Nashville,8/16/2021 7:59:00 PM,2,1,0,36.072130,-86.732890,EDMONDSON PKE,,,,0.00,,,WHISPERING HILLS DR,,,,0.00,Y,Four-Way,N,Intersection-Related,None,,,         ,Ashley,Kappenmacher,Clear,HeadOn,no,no,no,no,yes,False
103063481,METROPOLITAN NASHVILLE POLICE DEPT,20210434854,Davidson,Nashville,8/16/2021 12:00:00 AM,2,0,0,36.172860,-86.765300,MAIN ST,,,,13.00,Feet,East,SPRING ST,,,,0.00,N,Not at Intersection,N,Non-Junction,None,,,         ,Maccio,Hightower,Clear,Angle,no,no,no,no,yes,False
103063492,METROPOLITAN NASHVILLE POLICE DEPT,20210434890,Davidson,Nashville,8/16/2021 8:59:00 PM,1,0,0,36.169580,-86.657420,MUNN RD,,,,403.00,Feet,East,CEDARSTONE WAY,,,,0.00,N,Not at Intersection,N,Non-Junction,None,,,         ,Joseph,Simon,,Not Collision with Motor Vehicle in Transport,no,no,no,no,yes,False
103063494,METROPOLITAN NASHVILLE POLICE DEPT,20210434803,Davidson,Nashville,8/16/2021 8:11:00 PM,2,0,0,36.053220,-86.701610,TOWNES CT,,,,286.00,Feet,North,TOWNES DR,,,,0.00,N,Not at Intersection,N,"Driveway, Alley Access, etc",None,,,         ,Beri,Scott,Clear,Unknown,no,no,no,yes,yes,False
103063497,METROPOLITAN NASHVILLE POLICE DEPT,20210434729,Davidson,Nashville,8/16/2021 7:18:00 PM,2,8,0,36.150480,-86.770350,4TH AVS,,,,0.00,,,I40 E EXT RAMP,,,,0.00,Y,Four-Way,N,Entrance/Exit Ramp Related,None,,,         ,Travis,Pemberton,Cloudy,Angle,no,no,no,no,no,False
103063516,METROPOLITAN NASHVILLE POLICE DEPT,20210434677,Davidson,Nashville,8/16/2021 12:00:00 AM,2,0,0,36.189220,-86.792470,I 65,,,,0.00,,,,,,,85.60,N,Not at Intersection,N,Non-Junction,None,,,         ,Justen,Ogle,Clear,Angle,no,no,no,no,no,False
103063519,METROPOLITAN NASHVILLE POLICE DEPT,20210434897,Davidson,Nashville,8/16/2021 9:23:00 PM,3,0,0,36.103070,-86.714440,I 24,,,,0.00,,,,,,,54.30,N,Not at Intersection,N,Non-Junction,None,,,         ,John,Walden,Clear,Front to Rear,no,no,no,no,yes,False
103063520,METROPOLITAN NASHVILLE POLICE DEPT,20210434858,Davidson,Nashville,8/16/2021 8:31:00 PM,2,1,0,36.066790,-86.686660,I 24,,,,0.00,,,,,,,57.25,N,Not at Intersection,N,Non-Junction,None,,,         ,Beri,Scott,Clear,Front to Rear,no,no,no,no,no,False
103063527,METROPOLITAN NASHVILLE POLICE DEPT,20210434873,Davidson,Nashville,8/16/2021 9:00:00 PM,2,1,0,36.072290,-86.666040,APOLLO DR,,,,0.00,,,BARCLAY SQUARE DR,,,,0.00,Y,Four-Way,N,Intersection,None,,,         ,Megan,Arnett,Clear,Angle,no,no,no,no,no,False
103063531,METROPOLITAN NASHVILLE POLICE DEPT,20210434865,Davidson,Not in City Limit,8/16/2021 8:50:00 PM,2,0,0,35.990620,-86.668930,BURKITT RD,,,,616.00,Feet,North,WESTCOTT LN,,,,0.00,N,Not at Intersection,N,Non-Junction,Work Zone,Lane Shift-Crossover,Unknown,         ,Gabriel,Hamilton,Clear,Front to Rear,no,no,no,no,yes,False
103063549,METROPOLITAN NASHVILLE POLICE DEPT,20210434887,Davidson,Not in City Limit,8/16/2021 9:16:00 PM,2,1,0,36.265320,-86.732090,N GRAYCROFT AV,,,,322.00,Feet,North,OLD HICKORY BLVDW,,,,0.00,N,Not at Intersection,N,Non-Junction,None,,,         ,Joshua,Dodge,Cloudy,Front to Rear,no,no,no,no,yes,False
103063587,METROPOLITAN NASHVILLE POLICE DEPT,20210435006,Davidson,Nashville,8/16/2021 11:46:00 PM,2,0,0,36.148010,-86.779070,I65 S ENT RAMP,,,,0.00,Feet,East,I 40,,,,0.00,N,Not at Intersection,N,Entrance/Exit Ramp Related,None,,,         ,Kelsey,Hicks,Clear,Front to Rear,no,no,no,no,no,False
103063603,METROPOLITAN NASHVILLE POLICE DEPT,20210435158,Davidson,Nashville,8/17/2021 2:00:00 AM,2,1,0,36.150510,-86.768650,MCCANN ST,,,,0.00,,,,,,,0.00,,,N,Non-Junction,None,,,         ,Tavin,Emlund,Clear,Angle,no,no,no,no,yes,False
103063606,METROPOLITAN NASHVILLE POLICE DEPT,20210435009,Davidson,Nashville,8/16/2021 11:49:00 PM,2,0,0,36.167690,-86.821330,29TH AVN,,,,114.00,Feet,South,JOHN A MERRITT BLVD,,,,0.00,N,Not at Intersection, ,Non-Junction,None,,,         ,Alquavious,McDaniel,Clear,Rear to Side,no,no,no,no,yes,False
103063612,METROPOLITAN NASHVILLE POLICE DEPT,20210435010,Davidson,Nashville,8/16/2021 12:00:00 AM,1,0,0,36.070060,-86.699080,HAYWOOD LN,,,,84.00,Feet,West,EAST RIDGE DR,,,,0.00,N,Not at Intersection,N,Non-Junction,None,,,         ,Antoine,Maghamez,Clear,Not Collision with Motor Vehicle in Transport,no,no,no,no,no,False
103063622,METROPOLITAN NASHVILLE POLICE DEPT,20210435098,Davidson,Nashville,8/17/2021 12:00:00 AM,1,2,0,36.101470,-86.712660,I 24,,,,0.00,,,,,,,54.45,N,Not at Intersection,N,Non-Junction,None,,,         ,William,Williams,Clear,Not Collision with Motor Vehicle in Transport,no,no,no,no,no,False
103063641,METROPOLITAN NASHVILLE POLICE DEPT,20210433198,Davidson,Not in City Limit,8/15/2021 8:24:00 PM,2,0,0,36.264450,-86.732280,OLD HICKORY BLVDW,,,,0.00,,,N GRAYCROFT AV,,,,0.00,Y,T-Intersection,Y,Intersection,None,,,         ,Craig,Amabile,Clear,HeadOn,no,no,no,no,yes,False
103063647,THP District 3 - Nashville,321055465,Davidson,Goodlettsville,8/11/2021 4:30:00 PM,2,0,0,36.313820,-86.701060,I 65,,,,0.00,,,,,,,96.25,N,Not at Intersection, ,Non-Junction,None,,,         ,Ed,Crouch,Clear,Front to Rear,no,no,no,no,yes,False
103063652,METROPOLITAN NASHVILLE POLICE DEPT,20210435224,Davidson,Not in City Limit,8/17/2021 12:00:00 AM,1,1,0,36.091950,-87.020050,HIGHWAY 70,,,,1037.00,Feet,East,MCCRORY LN,,,,0.00,N,Not at Intersection,N,Non-Junction,None,,,         ,Lynsey,Fish,Cloudy,Not Collision with Motor Vehicle in Transport,no,no,no,no,no,False
103063661,METROPOLITAN NASHVILLE POLICE DEPT,20210435301,Davidson,Nashville,8/16/2021 8:56:00 PM,4,0,0,36.071240,-86.658910,COUNTRYSIDE DR,,,,49.00,Feet,North,RADER RIDGE RD,,,,0.00,N,Not at Intersection,N,Non-Junction,None,,,         ,Jose,Oliveros,Clear,Front to Rear,no,no,no,no,yes,False
103063728,METROPOLITAN NASHVILLE POLICE DEPT,20210435464,Davidson,Nashville,8/17/2021 7:34:00 AM,2,1,0,36.222310,-86.774580,I 65,,,,0.00,,,,,,,88.40,N,Not at Intersection,N,Non-Junction,None,,,         ,Michael,Richardson,Clear,Front to Rear,no,no,no,no,no,False
103063732,METROPOLITAN NASHVILLE POLICE DEPT,20210435495,Davidson,Nashville,8/17/2021 7:57:00 AM,3,0,0,36.045300,-86.701650,BELL RD,,,,15.00,Feet,West,BENZING RD,,,,0.00,N,Not at Intersection, ,Non-Junction,None,,,         ,Joe,Hooper,Clear,Front to Rear,no,no,no,no,no,False