master_record_number,agency,agency_tracking_number,county,city,collision_date,vehicles_involved,number_injured,number_dead,latitude,longitude,roadway_name,roadway_suffix,roadway_number,roadway_local_id,distance_from_reference,miles-feet_indicator,direction_from_reference,intersection_road_name,intersection_road_name_suffix,intersection_road_number,intersection_local_id,mile_marker,intersection_indicator,intersect_type,interchange_related_indicator,relation_to_junction,work_zone_type,construction_maintenance_zone,construction_maintenance_zone_location,fatal_case_number,officer_first_name,officer_last_name,weather_condition(s),manner_of_crash,pedestrian,bicycle,scooter,parking,hitrun,mou
103064448,METROPOLITAN NASHVILLE POLICE DEPT,20210436649,Davidson,Nashville,8/17/2021 9:27:00 PM,3,2,0,36.048990,-86.665050,I 24,,,,0.00,,,,,,,59.00,N,Not at Intersection,N,Non-Junction,None,,,         ,Beri,Scott,Clear,Front to Rear,no,no,no,no,yes,False
103064496,METROPOLITAN NASHVILLE POLICE DEPT,20210436714,Davidson,Nashville,8/17/2021 8:30:00 PM,2,0,0,36.092870,-86.652270,MURFREESBORO PKE,,,,662.00,Feet,North,BRITISH WOODS DR,,,,0.00,N,Not at Intersection, ,Non-Junction,None,,,         ,Alex,DiBernardo,Clear,Front to Rear,no,no,no,no,no,False
103064501,METROPOLITAN NASHVILLE POLICE DEPT,20210436561,Davidson,Not in City Limit,8/17/2021 7:59:00 PM,3,2,0,36.091570,-86.989650,HIGHWAY 70,,,,785.00,Feet,West,NEWSOM STATION RD,,,,0.00,N,Not at Intersection,N,Non-Junction,None,,,         ,Matthew,Mrowiec,Clear,HeadOn,no,no,no,no,yes,False
103064508,METROPOLITAN NASHVILLE POLICE DEPT,20210436749,Davidson,Nashville,8/17/2021 11:00:00 PM,1,1,0,36.169980,-86.769640,WOODLAND ST,,,,384.00,Feet,West,INTERSTATE DR,,,,0.00,N,Not at Intersection,N,Non-Junction,None,,,         ,Kelcey,Bell,Clear,Not Collision with Motor Vehicle in Transport,no,no,no,no,no,False
103064510,METROPOLITAN NASHVILLE POLICE DEPT,20210436709,Davidson,Nashville,8/17/2021 8:31:00 PM,2,1,0,36.145240,-86.624050,LINCOYA BAY DR,,,,0.00,,,LINCOYA CREEK DR,,,,0.00,Y,Four-Way,N,Intersection,None,,,         ,Mario,Diaz,,HeadOn,no,no,no,no,no,False
103064513,METROPOLITAN NASHVILLE POLICE DEPT,20210436856,Davidson,Nashville,8/18/2021 1:10:00 AM,1,0,0,36.152010,-86.771890,LAFAYETTE ST,,,,109.00,Feet,East,ASH ST,,,,0.00,N,Not at Intersection,N,Non-Junction,None,,,         ,Cory,Fetner,Clear,Not Collision with Motor Vehicle in Transport,no,no,no,no,yes,False
103064514,TENNESSEE STATE UNIVERSITY ,21-TSU-029412,Davidson,Nashville,8/17/2021 9:50:00 PM,1,1,0,36.164750,-86.826390,ALAMEDA ST,,,,0.00,,,33RD AVN,,,,0.00,Y,OTHER,N,Non-Junction,None,,,         ,Harold,Taylor,Clear,Unknown,yes,no,no,yes,no,False
103064520,METROPOLITAN NASHVILLE POLICE DEPT,20210436860,Davidson,Nashville,8/18/2021 12:45:00 AM,2,0,0,36.161300,-86.784520,9TH AVN,,,,0.00,Feet,,CHURCH ST,,,,0.00,Y,Four-Way,N,Intersection,None,,,         ,Damon,Hutcheson,Clear,Angle,no,no,no,no,no,False
103064532,METROPOLITAN NASHVILLE POLICE DEPT,20210436859,Davidson,Nashville,8/16/2021 3:00:00 PM,2,2,0,36.169180,-86.682410,FAIRWAY DR,,,,41.00,Feet,North,LEBANON PKE,,,,0.00,N,Not at Intersection,N,OtherLocation,None,,,         ,William,Sutherland,,Front to Rear,no,no,no,no,no,False
103064541,METROPOLITAN NASHVILLE POLICE DEPT,20210436980,Davidson,Nashville,8/18/2021 3:30:00 AM,2,0,0,36.153640,-86.633100,I40 W ENT RAMP,,,,0.00,,,I 40,,,,0.00,Y,OTHER,N,Entrance/Exit Ramp Related,Work Zone,Laneclosure,Activity Area,         ,Samuel,Fredericks,,Angle,no,no,no,no,yes,False
103064564,METROPOLITAN NASHVILLE POLICE DEPT,20210437069,Davidson,Nashville,8/18/2021 5:41:00 AM,1,1,0,36.242800,-86.749880,I65 S EXT RAMP,,,,0.00,Feet,East,I 65,,,,0.00,N,Not at Intersection,N,Non-Junction,None,,,         ,Jonathon,Sheppard,Clear,Not Collision with Motor Vehicle in Transport,no,no,no,no,no,False
103064596,METROPOLITAN NASHVILLE POLICE DEPT,20210437086,Davidson,Madison,8/18/2021 5:52:00 AM,2,1,0,36.264220,-86.728170,OLD HICKORY BLVDW,,,,0.00,,,,,,,0.00,,Not at Intersection,N,Non-Junction,None,,,         ,Patrick,McGinnis,Clear,Front to Rear,no,no,no,no,no,False
103064611,METROPOLITAN NASHVILLE POLICE DEPT,20210437162,Davidson,Antioch,8/18/2021 7:11:00 AM,1,1,0,36.069807,-86.602804,TOWNE VILLAGE,RD,,,20.00,Feet,West,NEW OVERLOOK,CT,,,0.00,N,Not at Intersection,N,Non-Junction,None,,,         ,Joe,Hooper,Clear,Not Collision with Motor Vehicle in Transport,no,no,no,no,no,False
103064620,METROPOLITAN NASHVILLE POLICE DEPT,20210437144,Davidson,Nashville,8/18/2021 6:45:00 AM,2,0,0,36.206540,-86.776760,I65 S ENT RAMP,,,,0.00,Feet,East,I 65,,,,0.00,N,Not at Intersection,N,Non-Junction,None,,,         ,Emelie,Skye,Clear,"Sideswipe, Same Direction",no,no,no,no,yes,False
103064646,METROPOLITAN NASHVILLE POLICE DEPT,20210437141,Davidson,Nashville,8/18/2021 6:55:00 AM,3,0,0,36.143100,-86.736670,I 40,,,,0.00,,,,,,,212.50,N,Not at Intersection,N,Non-Junction,None,,,         ,Larry,Benz,Clear,Front to Rear,no,no,no,no,no,False
103064648,METROPOLITAN NASHVILLE POLICE DEPT,20210437133,Davidson,Nashville,8/18/2021 6:28:00 AM,2,0,0,36.202220,-86.776850,I 65,,,,0.00,,,,,,,87.00,N,Not at Intersection,N,Non-Junction,None,,,         ,James,Wray,Clear,Front to Rear,no,no,no,no,no,False
103064660,TENNESSEE STATE UNIVERSITY ,21-TSU-29352,Davidson,Nashville,8/16/2021 12:00:00 AM,2,0,0,36.166950,-86.828030,JOHN A MERRITT BLVD,,,,324.00,Feet,West,33RD AVN,,,,0.00,N,Not at Intersection, ,Non-Junction,None,,,         ,Inice,Wagner,Unknown,Unknown,no,no,no,yes,yes,False
103064673,TENNESSEE STATE UNIVERSITY ,21-TSU-22242,Davidson,Nashville,8/16/2021 1:00:00 PM,2,0,0,36.168020,-86.832590,37TH AVN,,,,0.00,Feet,East,TIGERBELLE DR,,,,0.00,N,Not at Intersection, ,Non-Junction,None,,,         ,Inice,Wagner,Clear,"Sideswipe, Same Direction",no,no,no,yes,yes,False
103064674,METROPOLITAN NASHVILLE POLICE DEPT,20210437246,Davidson,Nashville,8/18/2021 7:49:00 AM,2,0,0,36.116110,-86.725070,I 24,,,,0.00,,,,,,,53.20,N,Not at Intersection,N,Non-Junction,None,,,         ,Joe,Hooper,Clear,"Sideswipe, Same Direction",no,no,no,no,no,False
103064684,METROPOLITAN NASHVILLE POLICE DEPT,20210437234,Davidson,Nashville,8/18/2021 7:55:00 AM,4,0,0,36.142070,-86.676420,I 40,,,,0.00,,,,,,,215.00,N,Not at Intersection,N,Non-Junction,None,,,         ,David,Rehm,Clear,"Sideswipe, Same Direction",no,no,no,no,no,False
103064685,METROPOLITAN NASHVILLE POLICE DEPT,20210437355,Davidson,Nashville,8/18/2021 9:11:00 AM,2,0,0,36.145580,-86.777520,I 65,,,,0.00,,,,,,,82.25,N,Not at Intersection, ,Entrance/Exit Ramp Related,None,,,         ,Earl,Davis,Clear,"Sideswipe, Same Direction",no,no,no,no,no,False
103064692,METROPOLITAN NASHVILLE POLICE DEPT,20210437308,Davidson,Nashville,8/18/2021 8:30:00 AM,2,0,0,36.176910,-86.774580,SPRING ST,,,,0.00,,,N 1ST ST,,,,0.00,Y,Four-Way, ,Intersection,None,,,         ,Wesley,Young,Clear,Front to Rear,no,no,no,no,no,False
103064701,METROPOLITAN NASHVILLE POLICE DEPT,20210429370,Davidson,Nashville,8/12/2021 10:30:00 PM,2,0,0,36.058580,-86.716160,NOLENSVILLE PKE,,,,177.00,Feet,South,TUSCULUM RD,,,,0.00,N,Not at Intersection, ,,None,,,         ,Kaytlin,huyler,,,no,no,no,yes,no,False
103064711,METROPOLITAN NASHVILLE POLICE DEPT,20210437359,Davidson,Nashville,8/18/2021 7:11:00 AM,2,0,0,36.154960,-86.665270,LAKELAND DR,,,,0.00,,East,DONELSON PKE,,,,0.00,N,Not at Intersection, ,Non-Junction,None,,,         ,Patrick,Deau,Clear,Angle,no,no,no,no,no,False
103064713,Nashville Airport Police,2021-02997,Davidson,Nashville,8/11/2021 8:20:00 PM,2,0,0,36.116700,-86.668180,DONELSON PKE,,,,0.00,,,HANGAR LN,,,,0.00,Y,T-Intersection,N,Non-Junction,None,,,         ,Jeffery,Parmer,Cloudy,Front to Rear,no,no,no,no,yes,False
103064715,METROPOLITAN NASHVILLE POLICE DEPT,20210437388,Davidson,Nashville,8/18/2021 8:23:00 AM,2,0,0,36.044930,-86.659800,BELL RD,,,,15.00,Feet,North,I24 E EXT RAMP,,,,0.00,N,Not at Intersection, ,Non-Junction,None,,,         ,Joe,Hooper,Clear,"Sideswipe, Same Direction",no,no,no,no,no,False
103064719,METROPOLITAN NASHVILLE POLICE DEPT,20210437260,Davidson,Nashville,8/18/2021 8:12:00 AM,2,1,0,36.203670,-86.779860,ARTIC AV,,,,800.00,Feet,West,BRICK CHURCH PKE,,,,0.00,N,Not at Intersection,N,Non-Junction,None,,,         ,Jeffrey,Palomino-Gonzalez,Clear,Angle,no,no,no,yes,yes,False
103064724,METROPOLITAN NASHVILLE POLICE DEPT,20210437233,Davidson,Nashville,8/18/2021 7:58:00 AM,3,5,0,36.206270,-86.773480,W TRINITY LN,,,,0.00,,,I65 N ENT RAMP,,,,0.00,Y,Four-Way,N,Intersection-Related,None,,,         ,Matthew,Cammarn,Clear,Front to Rear,no,no,no,no,no,False
103064734,METROPOLITAN NASHVILLE POLICE DEPT,20210437408,Davidson,Nashville,8/18/2021 9:56:00 AM,4,0,0,36.032760,-86.712840,NOLENSVILLE PKE,,,,280.00,Feet,South,BARNES RD,,,,0.00,N,Not at Intersection, ,Non-Junction,Construction Zone,,,         ,Gregory,Dixon,Clear,Front to Rear,no,no,no,no,no,False
103064737,METROPOLITAN NASHVILLE POLICE DEPT,20210437471,Davidson,Nashville,8/18/2021 10:20:00 AM,2,0,0,36.138030,-86.805050,BLAKEMORE AV,,,,0.00,,,24TH AVS,,,,0.00,Y,Four-Way, ,Intersection,None,,,         ,Aaron,Jumonville,Clear,Angle,no,no,no,no,no,Campus
103064747,METROPOLITAN NASHVILLE POLICE DEPT,20210437435,Davidson,Nashville,8/18/2021 10:15:00 AM,2,0,0,36.082100,-86.761700,HARDING PL,,,,0.00,,,SIDCO DR,,,,0.00,Y,Four-Way,N,Entrance/Exit Ramp Related,None,,,         ,Earl,Davis,Clear,Angle,no,no,no,no,no,False
103064752,METROPOLITAN NASHVILLE POLICE DEPT,20210437487,Davidson,Nashville,8/18/2021 9:42:00 AM,2,0,0,36.153870,-86.757140,I 40,,,,0.00,,,,,,,211.10,N,Not at Intersection,N,Non-Junction,None,,,         ,Ian,Hammond,Cloudy,Front to Rear,no,no,no,no,no,False
103064756,GOODLETTSVILLE POLICE DEPT,21-23056,Davidson,Goodlettsville,8/18/2021 10:35:00 AM,3,1,0,36.303010,-86.701920,RIVERGATE PKWY,,,,0.00,,,WREN RD,,,,0.00,Y,T-Intersection,N,Intersection,None,,,         ,Brian,Hajdu,Cloudy,Front to Rear,no,no,no,no,no,False
103064760,METROPOLITAN NASHVILLE POLICE DEPT,20210437314,Davidson,Nashville,8/18/2021 8:24:00 AM,3,0,0,36.173190,-86.765580,SPRING ST,,,,144.00,Feet,North,MAIN ST ENT RAMP,,,,0.00,N,Not at Intersection, ,Non-Junction,None,,,         ,Torrance,Bennett,Cloudy,"Sideswipe, Same Direction",no,no,no,no,no,False
103064765,METROPOLITAN NASHVILLE POLICE DEPT,20210437552,Davidson,Nashville,8/18/2021 11:30:00 AM,2,0,0,36.163590,-86.779680,ARCADE ALY,,,,65.00,Feet,North,CHURCH ST,,,,0.00,N,Not at Intersection,N,Non-Junction,None,,,         ,Russell,Freeman,Cloudy,"Sideswipe, Same Direction",no,no,no,no,yes,False
103064767,METROPOLITAN NASHVILLE POLICE DEPT,2021-0437527,Davidson,Nashville,8/18/2021 9:30:00 AM,2,0,0,36.176080,-86.750080,S 11TH ST,,,,53.00,Feet,South,HOLLY ST,,,,0.00,N,Not at Intersection, ,Non-Junction,None,,,         ,Timothy,Lehnert,Clear,"Sideswipe, Same Direction",no,no,no,no,no,False
103064779,METROPOLITAN NASHVILLE POLICE DEPT,20210437217,Davidson,Nashville,8/18/2021 7:49:00 AM,2,0,0,36.214880,-86.748240,ELLINGTON PKWYS,,,,102.00,Feet,West,ELLINGTON PKWYN,,,,0.00,N,Not at Intersection, ,,None,,,         ,Faye,Denson,,,no,no,no,no,no,False
103064796,METROPOLITAN NASHVILLE POLICE DEPT,20210425701,Davidson,Nashville,8/11/2021 10:47:00 AM,2,2,1,36.161040,-86.793730,14TH AVN,,,,100.00,Feet,North,CHARLOTTE AV,,,,0.00,N,Not at Intersection,N,Entrance/Exit Ramp Related,None,,,         ,Donald,Davidson,Clear,Not Collision with Motor Vehicle in Transport,yes,no,no,no,no,False
103064800,METROPOLITAN NASHVILLE POLICE DEPT,20210437445,Davidson,Nashville,8/18/2021 10:22:00 AM,3,0,0,36.129210,-86.904780,CHARLOTTE PKE,,,,104.00,Feet,East,CHARLOTTE PKE PVTDR,,,,0.00,N,Not at Intersection, ,Non-Junction,None,,,         ,Jack,Crouch,Cloudy,Not Collision with Motor Vehicle in Transport,no,no,no,no,no,False
103064822,METROPOLITAN NASHVILLE POLICE DEPT,20210437628,Davidson,Nashville,8/18/2021 11:55:00 AM,2,0,0,36.181670,-86.841010,PANORAMA DR,,,,639.00,Feet,South,CROWE DR,,,,0.00,N,Not at Intersection, ,Non-Junction,None,,,         ,Ronald,Bright,Cloudy,"Sideswipe, Same Direction",no,no,no,no,no,False
103064829,METROPOLITAN NASHVILLE POLICE DEPT,20210437678,Davidson,Nashville,8/18/2021 12:50:00 PM,4,0,0,36.133250,-86.801500,PORTLAND AV,,,,70.00,Feet,West,21ST AVS,,,,0.00,N,Not at Intersection, ,Non-Junction,None,,,         ,Earl,Davis,Cloudy,"Sideswipe, Same Direction",no,no,no,no,no,False
103064914,METROPOLITAN NASHVILLE POLICE DEPT,20210437674,Davidson,Nashville,8/18/2021 12:32:00 PM,2,1,0,36.216130,-86.689090,PENNINGTON BEND RD,,,,81.00,Feet,North,MCGAVOCK PKE,,,,0.00,N,Not at Intersection,N,Non-Junction,None,,,         ,Ian,Hammond,Cloudy,Rear to Side,no,no,no,yes,no,False
103064975,METROPOLITAN NASHVILLE POLICE DEPT,20210435998,Davidson,Nashville,8/17/2021 2:20:00 PM,2,1,0,36.176480,-86.769720,I24 W EXT RAMP,,,,0.00,,,SPRING ST,,,,0.00,Y,T-Intersection,N,Intersection,None,,,         ,Cory,West,Clear,Angle,no,no,no,no,no,False
103064981,METROPOLITAN NASHVILLE POLICE DEPT,20210437742,Davidson,Nashville,8/18/2021 12:58:00 PM,2,1,0,36.169060,-86.682400,FAIRWAY DR,,,,0.00,Feet,,LEBANON PKE,,,,0.00,Y,Four-Way,Y,Intersection,Unknown,Other,Unknown,         ,Rex,Engelbert,Rain,Angle,no,no,no,no,no,False
103065044,METROPOLITAN NASHVILLE POLICE DEPT,20210437857,Davidson,Nashville,8/18/2021 2:32:00 PM,2,0,0,36.184200,-86.676950,MCGAVOCK PKE,,,,200.00,Feet,South,TWO RIVERS PKWY,,,,0.00,N,Not at Intersection, ,Non-Junction,None,,,         ,Evan,Grace,Cloudy,Angle,no,no,no,no,no,False
103065045,METROPOLITAN NASHVILLE POLICE DEPT,20210437837,Davidson,Nashville,8/18/2021 12:00:00 AM,1,0,0,36.144150,-86.626450,BELL RD,,,,364.00,Feet,East,LAKERIDGE WAY,,,,0.00,N,Not at Intersection,N,Non-Junction,None,,,         ,Adam,Gartner,Unknown,Not Collision with Motor Vehicle in Transport,no,no,no,no,no,False
103065047,METROPOLITAN NASHVILLE POLICE DEPT,20210437878,Davidson,Nashville,8/18/2021 3:23:00 PM,2,0,0,36.198470,-86.752070,ELLINGTON PKWYS,,,,376.00,Feet,West,ELLINGTON PKWYN,,,,0.00,N,Not at Intersection, ,Non-Junction,None,,,         ,Jason,Milyaro Lucas,Rain,"Sideswipe, Same Direction",no,no,no,no,no,False
103065055,METROPOLITAN NASHVILLE POLICE DEPT,20210347800,Davidson,Nashville,8/18/2021 2:30:00 PM,2,1,0,36.166230,-86.765790,I24 E EXT RAMP,,,,0.00,,,I 24,,,,0.00,Y,Four-Way,N,Intersection-Related,None,,,         ,Garrett,Short,Rain,"Sideswipe, Same Direction",no,no,no,no,no,False
103065058,METROPOLITAN NASHVILLE POLICE DEPT,20210437884,Davidson,Nashville,8/18/2021 3:27:00 PM,1,1,0,36.230940,-86.770830,I 65,,,,0.00,,,,,,,89.00,N,Not at Intersection,N,Non-Junction,None,,,         ,Joshua,Dodge,Rain,Not Collision with Motor Vehicle in Transport,no,no,no,no,no,False
103065067,METROPOLITAN NASHVILLE POLICE DEPT,20210437952,Davidson,Nashville,8/18/2021 3:00:00 PM,2,0,0,36.052560,-86.739860,WHITAKER DR,,,,71.00,Feet,South,TOBYLYNN DR,,,,0.00,N,Not at Intersection,N,Non-Junction,None,,,         ,Steven,Powers,Clear,"Sideswipe, Same Direction",no,no,no,no,yes,False
103065068,METROPOLITAN NASHVILLE POLICE DEPT,20210437858,Davidson,Nashville,8/18/2021 2:18:00 PM,2,0,0,36.128420,-86.772670,I 65,,,,0.00,,,,,,,81.00,N,Not at Intersection, ,Non-Junction,None,,,         ,Travis,Pemberton,"Cloudy, Rain","Sideswipe, Same Direction",no,no,no,no,no,False
103065080,METROPOLITAN NASHVILLE POLICE DEPT,20210437808,Davidson,Not in City Limit,8/18/2021 2:33:00 PM,1,1,0,36.042500,-86.950730,TEMPLE RD,,,,650.00,Feet,South,TEMPLEGATE DR,,,,0.00,N,Not at Intersection,N,Non-Junction,None,,,         ,Jeremy,Huffine,Rain,Not Collision with Motor Vehicle in Transport,no,no,no,no,no,False
103065090,METROPOLITAN NASHVILLE POLICE DEPT,20210437836,Davidson,Nashville,8/18/2021 12:43:00 PM,2,0,0,36.191520,-86.786230,I 65,,,,0.00,,,,,,,86.00,N,Not at Intersection,N,Non-Junction,None,,,         ,Roy,Sain Jr.,Cloudy,Front to Rear,no,no,no,no,no,False
103065093,METROPOLITAN NASHVILLE POLICE DEPT,20210437812,Davidson,Nashville,8/18/2021 2:30:00 PM,2,0,0,36.142860,-86.832710,NEBRASKA AV,,,,0.00,,,40TH AVN,,,,0.00,Y,Four-Way,N,Intersection,None,,,         ,Heather,Fox,Rain,Angle,no,no,no,no,no,False
103065097,METROPOLITAN NASHVILLE POLICE DEPT,20210437974,Davidson,Nashville,8/18/2021 3:15:00 PM,2,0,0,36.154020,-86.835470,I 40,,,,0.00,,,,,,,205.15,N,Not at Intersection,N,Non-Junction,None,,,         ,Nathan,Sizemore,"Cloudy, Rain",Angle,no,no,no,no,yes,False
103065109,METROPOLITAN NASHVILLE POLICE DEPT,20210437832,Davidson,Nashville,8/18/2021 2:57:00 PM,2,1,0,36.073540,-86.807990,GRANNY WHITE PKE,,,,129.00,Feet,West,TRAVELERS RIDGE DR,,,,0.00,N,Not at Intersection,N,Non-Junction,None,,,         ,Ashley,Kappenmacher,Cloudy,HeadOn,no,no,no,no,no,False
103065115,METROPOLITAN NASHVILLE POLICE DEPT,20210437923,Davidson,Nashville,8/18/2021 3:55:00 PM,2,2,0,36.195490,-86.775080,FERN AV,,,,6.00,Feet,North,WHITES CREEK PKE,,,,0.00,N,Not at Intersection,N,Non-Junction,None,,,         ,Steffani,Dahlstrom,Cloudy,Front to Rear,no,no,no,no,no,False
103065116,METROPOLITAN NASHVILLE POLICE DEPT,20210437943,Davidson,Nashville,8/6/2021 10:47:00 PM,2,0,0,36.078370,-86.670240,FRANKLIN LIMESTONE RD,,,,9.00,Feet,North,BILLINGSGATE RD,,,,0.00,N,Not at Intersection,N,Non-Junction,None,,,         ,Nadine,Klemenz,Clear,Angle,no,no,no,no,yes,False
103065118,METROPOLITAN NASHVILLE POLICE DEPT,20210437939,Davidson,Nashville,8/18/2021 3:51:00 PM,2,0,0,36.156210,-86.789700,I 40,,,,0.00,,,,,,,209.05,N,Not at Intersection, ,Non-Junction,None,,,         ,Kency,Le,Cloudy,Front to Rear,no,no,no,no,no,False
103065119,METROPOLITAN NASHVILLE POLICE DEPT,20210437915,Davidson,Nashville,8/18/2021 3:50:00 PM,2,2,0,36.169280,-86.862060,CENTENNIAL BLVD,,,,0.00,,,LINDER INDUSTRIAL DR,,,,0.00,Y,Four-Way,N,Intersection,None,,,         ,Matthew,Mrowiec,Rain,Angle,no,no,no,no,no,False
103065124,METROPOLITAN NASHVILLE POLICE DEPT,20210437990,Davidson,Nashville,8/18/2021 4:34:00 PM,3,0,0,36.215090,-86.763980,DELLWAY DR,,,,9.00,Feet,East,DICKERSON PKE,,,,0.00,N,Not at Intersection,N,Non-Junction,None,,,         ,Jason,Milyaro Lucas,Clear,Angle,no,no,no,no,no,False
103065125,METROPOLITAN NASHVILLE POLICE DEPT,20210438000,Davidson,Nashville,8/18/2021 2:30:00 PM,2,0,0,36.143160,-86.745470,MURFREESBORO PKE,,,,351.00,Feet,West,FESSLERS LN,,,,0.00,N,Not at Intersection, ,Non-Junction,None,,,         ,Douglas,Mann,Rain,Front to Rear,no,no,no,no,no,False
103065135,METROPOLITAN NASHVILLE POLICE DEPT,20210437981,Davidson,Nashville,8/18/2021 12:00:00 AM,2,1,0,36.226310,-86.603190,SHUTE LN,,,,0.00,Feet,,SAUNDERSVILLE RD,,,,0.00,Y,T-Intersection,N,Intersection-Related,None,,,         ,Keenan,McCann,Cloudy,Front to Rear,no,no,no,no,yes,False
103065147,METROPOLITAN NASHVILLE POLICE DEPT,20210437856,Davidson,Nashville,8/18/2021 3:10:00 PM,2,0,0,36.198920,-86.751950,ELLINGTON PKWYS,,,,333.00,Feet,South,ELLINGTON PKWY,,,,0.00,N,Not at Intersection,N,Non-Junction,None,,,         ,Cooper,HIll,Rain,Front to Rear,no,no,no,no,yes,False
103065152,METROPOLITAN NASHVILLE POLICE DEPT,20210438012,Davidson,Nashville,8/18/2021 4:46:00 PM,2,0,0,36.091210,-86.762770,I 65,,,,0.00,,,,,,,78.45,N,Not at Intersection,N,Non-Junction,None,,,         ,Ashley,Kappenmacher,Cloudy,Front to Rear,no,no,no,no,yes,False
103065153,METROPOLITAN NASHVILLE POLICE DEPT,20210421080,Davidson,Nashville,8/8/2021 2:37:00 PM,2,0,0,36.174730,-86.614260,CENTRAL PKE,,,,0.00,,,DODSON CHAPEL RD,,,,0.00,Y,Four-Way,N,Intersection,None,,,         ,Cheri,Cox,Clear,Angle,no,no,no,no,yes,False
103065154,METROPOLITAN NASHVILLE POLICE DEPT,20210437875,Davidson,Nashville,8/18/2021 3:15:00 PM,3,1,0,36.154120,-86.834310,I 40,,,,0.00,,,,,,,205.20,N,Not at Intersection,N,Non-Junction,None,,,         ,Ciara,Doherty,Rain,Front to Rear,no,no,no,no,no,False
103065156,METROPOLITAN NASHVILLE POLICE DEPT,20210438030,Davidson,Nashville,8/18/2021 4:57:00 PM,2,1,0,36.228730,-86.630240,HADLEYS BEND BLVD,,,,259.00,Feet,East,CUMBERLAND AV,,,,0.00,N,Not at Intersection,N,Non-Junction,None,,,         ,Zaire,Murray,Cloudy,HeadOn,no,no,no,no,no,False
103065158,METROPOLITAN NASHVILLE POLICE DEPT,20210438131,Davidson,Nashville,8/18/2021 4:00:00 PM,2,0,0,36.154590,-86.759140,I 40,,,,0.00,,,,,,,211.00,N,Not at Intersection, ,,None,,,         ,Reagan,Heath,,,no,no,no,no,no,False
103065166,METROPOLITAN NASHVILLE POLICE DEPT,20210437972,Davidson,Nashville,8/18/2021 1:00:00 PM,4,0,0,36.151370,-86.857300,WHITE BRIDGE PL,,,,132.00,Feet,East,I40 E ENT RAMP,,,,0.00,N,Not at Intersection,N,Non-Junction,None,,,         ,William,Vanbergen,Rain,Angle,no,no,no,no,yes,False
103065169,METROPOLITAN NASHVILLE POLICE DEPT,20210438102,Davidson,Nashville,8/18/2021 1:27:00 PM,2,0,0,36.196920,-86.771610,DICKERSON PKE,,,,139.00,Feet,South,MARIE ST,,,,0.00,N,Not at Intersection, ,Non-Junction,None,,,         ,Steffani,Dahlstrom,Clear,"Sideswipe, Same Direction",no,no,no,no,no,False
103065170,METROPOLITAN NASHVILLE POLICE DEPT,20210438123,Davidson,Nashville,8/18/2021 5:34:00 PM,2,0,0,36.142740,-86.787030,EDGEHILL AV,,,,0.00,,,12TH AVS,,,,0.00,Y,Four-Way, ,Intersection,None,,,         ,Travis,Pemberton,"Cloudy, Rain",Angle,no,no,no,no,no,False
103065172,METROPOLITAN NASHVILLE POLICE DEPT,20210437968,Davidson,Nashville,8/18/2021 4:40:00 PM,2,0,0,36.146040,-86.777010,I40 W ENT RAMP,,,,0.00,Feet,East,I 65,,,,0.00,N,Not at Intersection, ,Non-Junction,None,,,         ,Tre,Marlowe,Rain,Front to Rear,no,no,no,no,no,False
103065179,METROPOLITAN NASHVILLE POLICE DEPT,20210438041,Davidson,Nashville,8/18/2021 4:54:00 PM,2,0,0,36.153680,-86.764000,I 40,,,,0.00,,,,,,,210.70,N,Not at Intersection, ,Non-Junction,None,,,         ,Nicholas,Kiraly,Rain,Front to Rear,no,no,no,no,no,False
103065185,METROPOLITAN NASHVILLE POLICE DEPT,20210438166,Davidson,Nashville,8/18/2021 6:30:00 PM,1,0,0,36.234340,-86.801500,BRILEY PKWYW,,,,592.00,Feet,East,BRILEY PKWYE,,,,0.00,N,Not at Intersection,N,Non-Junction,None,,,         ,Paxton,Montgomery,Rain,Not Collision with Motor Vehicle in Transport,no,no,no,no,no,False
103065188,METROPOLITAN NASHVILLE POLICE DEPT,20210438005,Davidson,Nashville,8/18/2021 3:40:00 PM,2,1,0,36.135830,-86.764520,WINGROVE ST,,,,0.00,,,RAINS AV,,,,0.00,Y,T-Intersection,Y,Intersection-Related,None,,,         ,Zachary,Akers,Rain,Angle,no,no,no,no,no,False
103065198,METROPOLITAN NASHVILLE POLICE DEPT,20210438177,Davidson,Not in City Limit,8/18/2021 5:34:00 PM,3,0,0,35.991270,-86.681840,BURKITT RD,,,,99.00,Feet,West,OLD BURKITT RD,,,,0.00,N,Not at Intersection,N,Non-Junction,None,,,         ,Nadine,Klemenz,Rain,Front to Rear,no,no,no,no,yes,False
103065204,METROPOLITAN NASHVILLE POLICE DEPT,20210438200,Davidson,Nashville,8/18/2021 6:55:00 PM,1,1,0,36.248520,-86.742340,I 65,,,,0.00,,,,,,,91.10,N,Not at Intersection,N,Non-Junction,None,,,         ,David,Harms,Rain,Not Collision with Motor Vehicle in Transport,no,no,no,no,no,False
103065206,METROPOLITAN NASHVILLE POLICE DEPT,20210438245,Davidson,Nashville,8/18/2021 7:24:00 PM,1,0,0,36.124957,-86.734316,I440 E,,,,0.00,,East,,,,,7.00,N,Not at Intersection,N,Non-Junction,None,,,         ,John,Walden,Clear,Not Collision with Motor Vehicle in Transport,no,no,no,no,no,False