master_record_number,agency,agency_tracking_number,county,city,collision_date,vehicles_involved,number_injured,number_dead,latitude,longitude,roadway_name,roadway_suffix,roadway_number,roadway_local_id,distance_from_reference,miles-feet_indicator,direction_from_reference,intersection_road_name,intersection_road_name_suffix,intersection_road_number,intersection_local_id,mile_marker,intersection_indicator,intersect_type,interchange_related_indicator,relation_to_junction,work_zone_type,construction_maintenance_zone,construction_maintenance_zone_location,fatal_case_number,officer_first_name,officer_last_name,weather_condition(s),manner_of_crash,pedestrian,bicycle,scooter,parking,hitrun,mou
103065207,METROPOLITAN NASHVILLE POLICE DEPT,20210438178,Davidson,Not in City Limit,8/18/2021 12:00:00 AM,1,0,0,36.260300,-86.738450,I 65,,,,0.00,,,,,,,92.00,N,Not at Intersection,N,Non-Junction,None,,,         ,Wesley,Carver,"Cloudy, Rain",Not Collision with Motor Vehicle in Transport,no,no,no,no,no,False
103065210,METROPOLITAN NASHVILLE POLICE DEPT,20210438246,Davidson,Nashville,8/18/2021 7:24:00 PM,1,0,0,36.199920,-86.776310,I 65,,,,0.00,,,,,,,86.85,N,Not at Intersection,N,Non-Junction,None,,,         ,Jeremy,Smith,Rain,Not Collision with Motor Vehicle in Transport,no,no,no,no,no,False
103065212,METROPOLITAN NASHVILLE POLICE DEPT,20210438210,Davidson,Nashville,8/18/2021 6:55:00 PM,2,0,0,36.239420,-86.753950,I 65,,,,0.00,,,,,,,90.15,N,Not at Intersection,N,Non-Junction,None,,,         ,Philip,Claibourne,Rain,"Sideswipe, Same Direction",no,no,no,no,yes,False
103065220,METROPOLITAN NASHVILLE POLICE DEPT,20210438174,Davidson,Nashville,8/18/2021 6:40:00 PM,3,0,0,36.086580,-86.771970,FRANKLIN PKE,,,,0.00,,,HARDING PL,,,,0.00,Y,Four-Way,N,Intersection,None,,,         ,Cory,Stratton,Rain,Angle,no,no,no,no,no,False
103065228,METROPOLITAN NASHVILLE POLICE DEPT,20210422992,Davidson,Nashville,8/9/2021 7:11:00 PM,2,0,0,36.053920,-86.898690,OLD HICKORY BLVD,,,,0.00,,,GAUCHO ROAD PVTDR,,,,0.00,Y,Four-Way,N,Intersection,None,,,         ,Matthew,Turppa,Clear,Angle,no,no,no,no,no,False
103065234,METROPOLITAN NASHVILLE POLICE DEPT,20210438299,Davidson,Nashville,8/18/2021 5:57:00 PM,2,0,0,36.118030,-86.726110,I 24,,,,0.00,,,,,,,53.05,N,Not at Intersection,N,Non-Junction,None,,,         ,Christopher,Cantrell,,Front to Rear,no,no,no,no,yes,False
103065236,METROPOLITAN NASHVILLE POLICE DEPT,20210438233,Davidson,Nashville,8/18/2021 7:15:00 PM,3,0,0,36.235580,-86.763930,I 65,,,,0.00,,,,,,,89.55,N,Not at Intersection,N,Non-Junction,None,,,         ,Rodney,Phipps,Rain,Front to Rear,no,no,no,no,yes,False
103065240,METROPOLITAN NASHVILLE POLICE DEPT,20210438247,Davidson,Nashville,8/18/2021 7:25:00 PM,1,1,0,36.161850,-86.793320,I 40,,,,0.00,,,,,,,208.35,N,Not at Intersection,N,Non-Junction,None,,,         ,David,Snowden,Rain,Not Collision with Motor Vehicle in Transport,no,no,no,no,no,False
103065241,METROPOLITAN NASHVILLE POLICE DEPT,20210438219,Davidson,Antioch,8/18/2021 7:05:00 PM,2,2,0,36.041200,-86.605000,MURFREESBORO PKE,,,,757.00,Feet,South,HOBSON PKE,,,,0.00,N,Not at Intersection,N,Non-Junction,None,,,         ,Dalton,Crum,Rain,Angle,no,no,no,no,no,False
103065250,METROPOLITAN NASHVILLE POLICE DEPT,20210438024,Davidson,Nashville,8/18/2021 4:50:00 PM,2,0,0,36.077000,-86.641280,MURFREESBORO PKE,,,,72.00,Feet,East,LAKEVILLA DR,,,,0.00,N,Not at Intersection, ,Non-Junction,None,,,         ,Beri,Scott,Cloudy,"Sideswipe, Same Direction",no,no,no,no,no,False
103065251,METROPOLITAN NASHVILLE POLICE DEPT,20210438145,Davidson,Nashville,8/18/2021 6:19:00 PM,2,0,0,36.102230,-86.713150,I 24,,,,0.00,,,,,,,54.40,N,Not at Intersection,N,Non-Junction,None,,,         ,Beri,Scott,Rain,Front to Rear,no,no,no,no,no,False
103065252,METROPOLITAN NASHVILLE POLICE DEPT,20210438199,Davidson,Nashville,8/18/2021 6:45:00 PM,2,0,0,36.073070,-86.691950,I 24,,,,0.00,,,,,,,56.70,N,Not at Intersection, ,Non-Junction,None,,,         ,Beri,Scott,,"Sideswipe, Same Direction",no,no,no,no,no,False
103065255,METROPOLITAN NASHVILLE POLICE DEPT,20210438226,Davidson,Nashville,8/18/2021 7:07:00 PM,2,1,0,36.201210,-86.776820,I 65,,,,0.00,,,,,,,86.95,N,Not at Intersection,N,Non-Junction,None,,,         ,Jonathan,Sharp,"Cloudy, Rain",Front to Rear,no,no,no,no,no,False
103065277,METROPOLITAN NASHVILLE POLICE DEPT,20210438346,Davidson,Nashville,8/18/2021 6:59:00 PM,2,0,0,36.045770,-86.674330,BLUE HOLE RD,,,,15.00,Feet,North,BELL RD,,,,0.00,N,Not at Intersection, ,Non-Junction,None,,,         ,Nadine,Klemenz,Rain,Angle,no,no,no,no,no,False
103065278,METROPOLITAN NASHVILLE POLICE DEPT,20210438270,Davidson,Nashville,8/18/2021 7:40:00 PM,4,1,0,36.143810,-86.873450,CHARLOTTE PKE,,,,147.00,Feet,West,WATTS LN,,,,0.00,N,Not at Intersection,N,Non-Junction,None,,,         ,Jared,Dick,Clear,Front to Rear,no,no,no,no,yes,False
103065279,METROPOLITAN NASHVILLE POLICE DEPT,20210438047,Davidson,Nashville,8/18/2021 4:07:00 PM,2,0,0,36.149650,-86.857930,WHITE BRIDGE PKE,,,,181.00,Feet,South,CHARLOTTE PKE,,,,0.00,N,Not at Intersection,N,Non-Junction,None,,,         ,Jeremy,Huffine,Cloudy,Angle,no,no,no,no,no,False
103065335,METROPOLITAN NASHVILLE POLICE DEPT,20210438382,Davidson,Nashville,8/18/2021 9:08:00 PM,2,0,0,36.256190,-86.714380,GALLATIN PKES,,,,3.00,Feet,North,NEELYS BEND RD,,,,0.00,N,Not at Intersection,Y,Non-Junction,None,,,         ,David,Harms,Rain,Angle,no,no,no,no,no,False
103065347,METROPOLITAN NASHVILLE POLICE DEPT,20210438224,Davidson,Nashville,8/18/2021 5:49:00 PM,2,0,0,36.140490,-86.831000,MURPHY RD,,,,146.00,Feet,West,38TH AVN,,,,0.00,N,Not at Intersection,N,Non-Junction,None,,,         ,Jeremy,Huffine,Rain,Angle,no,no,no,no,yes,False
103065360,METROPOLITAN NASHVILLE POLICE DEPT,20210438236,Davidson,Nashville,8/18/2021 7:20:00 PM,2,0,0,36.183440,-86.744890,EASTLAND AV,,,,0.00,,,N 14TH ST,,,,0.00,Y,Four-Way, ,,None,,,         ,Zachary,Aldrich,,,no,no,no,no,no,False
103065371,METROPOLITAN NASHVILLE POLICE DEPT,20210438180,Davidson,Nashville,8/18/2021 6:48:00 PM,2,1,0,36.218160,-86.803480,WHITES CREEK PKE,,,,3.00,Feet,North,MOORMANS ARM RD,,,,0.00,N,Not at Intersection,N,Non-Junction,None,,,         ,Michael,Intrieri,Rain,HeadOn,no,no,no,no,no,False
103065374,METROPOLITAN NASHVILLE POLICE DEPT,20210438457,Davidson,Nashville,8/18/2021 10:22:00 PM,2,1,0,36.045270,-86.714250,OLD HICKORY BLVD,,,,162.00,Feet,East,BRENTWOOD EAST DR,,,,0.00,N,Not at Intersection,N,Non-Junction,None,,,         ,Steven,Powers,Rain,"Sideswipe, Same Direction",no,no,no,no,yes,False
103065392,METROPOLITAN NASHVILLE POLICE DEPT,20210438518,Davidson,Nashville,8/18/2021 8:17:00 PM,1,0,0,36.080010,-86.720180,RECOVERY RD,,,,349.00,Feet,North,HARDING PL,,,,0.00,N,Not at Intersection,N,Non-Junction,None,,,         ,Tyler,Lewis,Rain,Not Collision with Motor Vehicle in Transport,no,no,no,no,no,False
103065393,METROPOLITAN NASHVILLE POLICE DEPT,20210438441,Davidson,Nashville,8/18/2021 9:59:00 PM,2,0,0,36.209550,-86.870380,ASHLAND CITY HWY WB ENT RAMP,,,,0.00,,East,ASHLAND CITY HWY,,,,0.00,N,Not at Intersection,Y,Non-Junction,None,,,         ,Alec,Pellissier,Cloudy,Angle,no,no,no,no,no,False
103065395,METROPOLITAN NASHVILLE POLICE DEPT,20210438489,Davidson,Nashville,8/18/2021 10:50:00 PM,2,2,0,36.243890,-86.756580,DOVERSIDE DR,,,,0.00,Feet,,DICKERSON PKE,,,,0.00,Y,Four-Way,Y,Intersection,None,,,         ,Justan,Vance,Rain,Front to Rear,no,no,no,no,no,False
103065403,METROPOLITAN NASHVILLE POLICE DEPT,20210438455,Davidson,Nashville,8/18/2021 10:19:00 PM,3,4,0,36.098210,-86.625020,BELL RD,,,,1138.00,Feet,North,KOTTAS PL,,,,0.00,N,Not at Intersection,N,Non-Junction,None,,,         ,Dontaveous,Eubanks,,Front to Rear,no,no,no,no,no,False
103065404,METROPOLITAN NASHVILLE POLICE DEPT,20210438410,Davidson,Nashville,8/18/2021 12:00:00 AM,1,1,0,36.206880,-86.629440,BONNAFIELD DR,,,,69.00,Feet,North,BONNACLIFF CT,,,,0.00,N,Not at Intersection,N,Non-Junction,None,,,         ,Keenan,McCann,,Not Collision with Motor Vehicle in Transport,no,no,no,no,no,False
103065414,METROPOLITAN NASHVILLE POLICE DEPT,20210438241,Davidson,Nashville,8/18/2021 7:00:00 PM,2,0,0,36.187060,-86.631070,LEBANON PKE,,,,0.00,Feet,,CENTRAL PKE,,,,0.00,Y,Four-Way,Y,Intersection,None,,,         ,Graham,Binkley,,Angle,no,no,no,no,yes,False
103065417,METROPOLITAN NASHVILLE POLICE DEPT,20210438649,Davidson,Nashville,8/19/2021 12:10:00 AM,2,0,0,36.154600,-86.786200,DEMONBREUN ST,,,,0.00,,,12TH AVS,,,,0.00,Y,Four-Way, ,,None,,,         ,Damon,Hutcheson,,,no,no,no,no,no,False
103065423,METROPOLITAN NASHVILLE POLICE DEPT,20210438298,Davidson,Nashville,8/18/2021 7:57:00 PM,2,2,0,36.189000,-86.628170,LEBANON PKE,,,,439.00,Feet,East,HICKORY HILL LN,,,,0.00,N,Not at Intersection,N,Non-Junction,None,,,         ,Mary,Robinson,,Angle,no,no,no,no,no,False
103065424,METROPOLITAN NASHVILLE POLICE DEPT,20210438645,Davidson,Nashville,8/19/2021 12:10:00 AM,1,1,0,36.054220,-86.775460,I 65,,,,0.00,,,,,,,75.80,N,Not at Intersection,N,Non-Junction,None,,,         ,David,Barras,Rain,Not Collision with Motor Vehicle in Transport,no,no,no,no,no,False
103065430,METROPOLITAN NASHVILLE POLICE DEPT,20210438661,Davidson,Nashville,8/19/2021 12:32:00 AM,2,1,0,36.196610,-86.775630,I 65,,,,0.00,,,,,,,86.60,N,Not at Intersection,N,Non-Junction,None,,,         ,Matthew,Jankiewicz,Clear,"Sideswipe, Same Direction",no,no,no,no,no,False
103065434,METROPOLITAN NASHVILLE POLICE DEPT,20210438758,Davidson,Nashville,8/19/2021 1:40:00 AM,2,1,0,36.069120,-86.683840,ANTIOCH PKE,,,,0.00,Feet,West,RICHARDS RD,,,,0.00,N,Not at Intersection,Y,OtherLocation,None,,,         ,Alex,DiBernardo,Clear,"Sideswipe, Opposite Direction",no,no,no,no,no,False
103065435,VANDERBILT UNIVERSITY POLICE,20210429204,Davidson,Nashville,8/13/2021 7:00:00 AM,1,0,0,36.140940,-86.814230,31ST AVS,,,,132.00,Feet,South,VANDERBILT PL,,,,0.00,N,Not at Intersection,N,Non-Junction,None,,,         ,Michael,Walker,,Not Collision with Motor Vehicle in Transport,no,no,no,no,no,Campus
103065442,METROPOLITAN NASHVILLE POLICE DEPT,20210438722,Davidson,Nashville,8/19/2021 1:11:00 AM,2,2,0,36.192890,-86.623790,JUAREZ DR,,,,0.00,,,US HWY 70,,,,0.00,Y,Four-Way,N,Intersection,None,,,         ,Jeffrey,Mullins,,Angle,no,no,no,no,no,False
103065452,METROPOLITAN NASHVILLE POLICE DEPT,20210438806,Davidson,Not in City Limit,8/19/2021 12:00:00 AM,2,0,0,36.271840,-86.689590,MYATT DR,,,,99.00,Feet,South,ANDERSON LN,,,,0.00,N,Not at Intersection, ,Non-Junction,None,,,         ,Zachary,Smith,Clear,Rear to Side,no,no,no,no,yes,False
103065466,METROPOLITAN NASHVILLE POLICE DEPT,20210438976,Davidson,Nashville,8/19/2021 4:55:00 AM,2,1,0,36.142200,-86.666600,I40 W EXT RAMP,,,,0.00,,,I 40,,,,0.00,Y,T-Intersection,Y,Entrance/Exit Ramp Related,None,,,         ,Richard,Luellen,Clear,Angle,no,no,no,no,yes,False
103065498,METROPOLITAN NASHVILLE POLICE DEPT,20210439030,Davidson,Nashville,8/19/2021 5:42:00 AM,2,1,0,36.229380,-86.759280,BROADMOOR DR,,,,0.00,,,DICKERSON PKE,,,,0.00,Y,Four-Way,N,Intersection,None,,,         ,Kristopher,Sutton,Cloudy,Front to Rear,no,no,no,no,no,False
103065527,METROPOLITAN NASHVILLE POLICE DEPT,20210438436,Davidson,Nashville,8/18/2021 9:50:00 PM,2,0,0,36.049980,-86.649500,BELL RD,,,,0.00,,,MT VIEW RD,,,,0.00,Y,Four-Way,N,Intersection-Related,None,,,         ,Joe,Hooper,Unknown,"Sideswipe, Same Direction",no,no,no,no,yes,False
103065528,METROPOLITAN NASHVILLE POLICE DEPT,20210439060,Davidson,Nashville,8/19/2021 6:29:00 AM,4,0,0,36.152530,-86.754150,I 40,,,,0.00,,,,,,,211.30,N,Not at Intersection,N,Non-Junction,None,,,         ,Torry,Hill,Clear,Front to Rear,no,no,no,no,no,False
103065551,METROPOLITAN NASHVILLE POLICE DEPT,20210439133,Davidson,Not in City Limit,8/19/2021 7:45:00 AM,1,1,0,36.014030,-86.665120,PETTUS RD,,,,414.00,Feet,South,SUNDOWN DR,,,,0.00,N,Not at Intersection,N,Non-Junction,None,,,         ,Kaytlin,huyler,Clear,Not Collision with Motor Vehicle in Transport,no,no,no,no,no,False
103065552,METROPOLITAN NASHVILLE POLICE DEPT,20210439129,Davidson,Not in City Limit,8/19/2021 7:24:00 AM,3,0,0,36.307670,-86.820820,I 24,,,,0.00,,,,,,,38.00,N,Not at Intersection, ,Non-Junction,None,,,         ,James,Wray,Cloudy,Front to Rear,no,no,no,no,no,False
103065556,METROPOLITAN NASHVILLE POLICE DEPT,20210439206,Davidson,Antioch,8/19/2021 8:12:00 AM,2,0,0,36.017150,-86.623360,I 24,,,,0.00,,,,,,,62.30,N,Not at Intersection,N,Non-Junction,Construction Zone,Work On Shoulder Or Median,Advanced Warning Area,         ,Joe,Hooper,Cloudy,Front to Rear,no,no,no,no,no,False
103065574,METROPOLITAN NASHVILLE POLICE DEPT,20210439092,Davidson,Nashville,8/19/2021 6:17:00 AM,2,0,0,36.139490,-86.727290,I24 W ENT RAMP,,,,0.00,,,I 40,,,,0.00,Y,OTHER,Y,Entrance/Exit Ramp Related,None,,,         ,Michael,Brooks,Cloudy,"Sideswipe, Same Direction",no,no,no,no,yes,False
103065583,METROPOLITAN NASHVILLE POLICE DEPT,20210439261,Davidson,Nashville,8/19/2021 8:53:00 AM,2,0,0,36.131430,-86.774170,I 65,,,,0.00,,,,,,,81.20,N,Not at Intersection, ,,None,,,         ,Earl,Davis,,,no,no,no,no,no,False
103065602,METROPOLITAN NASHVILLE POLICE DEPT,20210439083,Davidson,Not in City Limit,8/19/2021 6:37:00 AM,2,0,0,36.307700,-86.820920,I 24,,,,0.00,,,,,,,38.00,N,Not at Intersection, ,Non-Junction,None,,,         ,James,Wray,Cloudy,Front to Rear,no,no,no,no,no,False
103065605,METROPOLITAN NASHVILLE POLICE DEPT,20210439224,Davidson,Nashville,8/19/2021 8:23:00 AM,3,0,0,36.122480,-86.727380,I 24,,,,0.00,,,,,,,52.75,N,Not at Intersection, ,,None,,,         ,Charles,Wakefield,,,no,no,no,no,no,False
103065615,METROPOLITAN NASHVILLE POLICE DEPT,20210439227,Davidson,Nashville,8/19/2021 8:27:00 AM,2,1,0,36.077300,-86.920170,OLD HICKORY BLVD,,,,141.00,Feet,South,BELLE FOREST CONDOS PVTDR,,,,0.00,N,Not at Intersection,N,Non-Junction,None,,,         ,George,Spencer,Cloudy,Angle,no,no,no,no,no,False
103065618,METROPOLITAN NASHVILLE POLICE DEPT,20210439307,Davidson,Nashville,8/19/2021 8:31:00 AM,2,0,0,36.153070,-86.848610,ALABAMA AV,,,,0.00,,,51ST AVN,,,,0.00,Y,OTHER, ,Intersection,None,,,         ,Bradley,Pope,Cloudy,Angle,no,no,no,no,no,False
103065628,METROPOLITAN NASHVILLE POLICE DEPT,20210439104,Davidson,Nashville,8/19/2021 7:04:00 AM,2,0,0,36.079280,-86.727270,HARDING PL,,,,305.00,Feet,West,NOLENSVILLE PKE,,,,0.00,N,Not at Intersection,N,Non-Junction,None,,,         ,Stanley,Collins,Cloudy,Front to Rear,no,no,no,no,no,False
103065640,METROPOLITAN NASHVILLE POLICE DEPT,20210439203,Davidson,Nashville,8/19/2021 8:00:00 AM,3,0,0,36.163860,-86.793900,I40 E EXT RAMP,,,,0.00,Feet,East,I 40,,,,0.00,N,Not at Intersection, ,,None,,,         ,Gregory,Scott,,,no,no,no,no,no,False
103065646,METROPOLITAN NASHVILLE POLICE DEPT,20210439173,Davidson,Nashville,8/19/2021 7:27:00 AM,3,0,0,36.111980,-86.709960,BRILEY PKWYS,,,,102.00,Feet,West,BRILEY PKWYN,,,,0.00,N,Not at Intersection,N,Non-Junction,None,,,         ,Darrin,Hardin,Cloudy,Front to Rear,no,no,no,no,no,False
103065657,METROPOLITAN NASHVILLE POLICE DEPT,20210439469,Davidson,Nashville,8/19/2021 10:51:00 AM,2,0,0,36.101240,-86.712160,I 24,,,,0.00,,,,,,,54.50,N,Not at Intersection,N,Non-Junction,None,,,         ,Joe,Hooper,Cloudy,Front to Rear,no,no,no,no,no,False
103065665,METROPOLITAN NASHVILLE POLICE DEPT,20210439105,Davidson,Antioch,8/19/2021 7:02:00 AM,3,1,0,36.034260,-86.611540,OLD HICKORY BLVD,,,,592.00,Feet,North,PRESERVE BLVD,,,,0.00,N,Not at Intersection,N,Non-Junction,None,,,         ,Eric,Burford,Cloudy,Front to Rear,no,no,no,no,no,False
103065676,THP District 3 - Nashville,321055310,Davidson,Nashville,8/12/2021 11:11:00 PM,2,2,0,36.116240,-86.916290,I 40,,,,0.00,,,,,,,199.70,N,Not at Intersection,N,Non-Junction,None,,,         ,Alexander,Campbell,Clear,"Sideswipe, Same Direction",no,no,no,no,yes,False
103065677,THP District 3 - Nashville,321056314,Davidson,Nashville,8/19/2021 8:15:00 AM,2,0,0,36.104870,-86.669940,MURFREESBORO PKE,,,,515.00,Feet,West,OLD MURFREESBORO PKE,,,,0.00,N,Not at Intersection, ,Non-Junction,None,,,         ,Alexander,Campbell,Clear,"Sideswipe, Same Direction",no,no,no,no,yes,False
103065680,METROPOLITAN NASHVILLE POLICE DEPT,20210439461,Davidson,Nashville,8/19/2021 10:45:00 AM,2,0,0,36.158270,-86.790490,GEORGE L DAVIS BLVD,,,,60.00,Feet,South,CHURCH ST,,,,0.00,N,Not at Intersection, ,,None,,,         ,Joshua,Reece,,,no,no,no,no,no,False
103065683,METROPOLITAN NASHVILLE POLICE DEPT,20210439396,Davidson,Nashville,8/19/2021 10:13:00 AM,2,0,0,36.206680,-86.778690,W TRINITY LN,,,,76.00,Feet,West,HAMPTON ST,,,,0.00,N,Not at Intersection,N,Non-Junction,None,,,         ,James,Wray,Cloudy,Front to Rear,no,no,no,no,no,False
103065751,METROPOLITAN NASHVILLE POLICE DEPT,20210439555,Davidson,Nashville,8/19/2021 11:18:00 AM,1,1,0,36.144620,-86.828980,37TH AVN,,,,50.00,Feet,South,SENTINEL DR,,,,0.00,N,Not at Intersection,N,OtherLocation,None,,,         ,Bradley,Pope,Cloudy,Not Collision with Motor Vehicle in Transport,no,no,no,no,no,False
103065754,METROPOLITAN NASHVILLE POLICE DEPT,20210439360,Davidson,Nashville,8/19/2021 9:56:00 AM,2,1,0,36.126764,-86.814939,I440,,,,210.00,Feet,East,,,I440,,2.00,N,Not at Intersection,N,Non-Junction,None,,,         ,Douglas,Atwood,Cloudy,Front to Rear,no,no,no,no,no,False
103065793,METROPOLITAN NASHVILLE POLICE DEPT,20210439595,Davidson,Nashville,8/19/2021 11:49:00 AM,2,0,0,36.044790,-86.661880,BELL RD,,,,105.00,Feet,West,CANE RIDGE RD,,,,0.00,N,Not at Intersection, ,Non-Junction,None,,,         ,Joe,Hooper,Cloudy,Other,no,no,no,no,no,False
103065808,METROPOLITAN NASHVILLE POLICE DEPT,20210439650,Davidson,Nashville,8/19/2021 12:39:00 PM,2,0,0,36.148590,-86.743320,FESSLERS LN,,,,209.00,Feet,South,FESSLERS PKWY,,,,0.00,N,Not at Intersection,N,Non-Junction,None,,,         ,Michael,Brooks,Cloudy,"Sideswipe, Same Direction",no,no,no,no,yes,False
103065815,METROPOLITAN NASHVILLE POLICE DEPT,20210439601,Davidson,Madison,8/19/2021 11:51:00 AM,2,0,0,36.265440,-86.739730,OLD HICKORY BLVDW,,,,0.00,,,I65 S ENT RAMP,,,,0.00,Y,T-Intersection,N,Intersection-Related,None,,,         ,Wesley,Mcclelland,Cloudy,Angle,no,no,no,no,no,False
103065816,METROPOLITAN NASHVILLE POLICE DEPT,20210439674,Davidson,Madison,8/19/2021 12:15:00 PM,2,0,0,36.264210,-86.735190,OLD HICKORY BLVDW,,,,0.00,,,BOYDS HILLTOP DR,,,,0.00,Y,T-Intersection, ,,None,,,         ,Michelle,Steidl,,,no,no,no,no,no,False
103065825,GOODLETTSVILLE POLICE DEPT,21-23187,Davidson,Goodlettsville,8/19/2021 9:55:00 AM,1,0,0,36.310080,-86.687620,VIETNAM VETERANS BLVDS,,,,2290.00,Feet,East,CONFERENCE DR,,,,0.00,N,Not at Intersection, ,Non-Junction,None,,,         ,Daniel,Knalls,Cloudy,Not Collision with Motor Vehicle in Transport,no,no,no,no,no,False
103065880,METROPOLITAN NASHVILLE POLICE DEPT,20210439735,Davidson,Nashville,8/19/2021 1:32:00 PM,1,0,0,36.121220,-86.754610,LONGVIEW AV,,,,67.00,Feet,West,CRUZEN ST,,,,0.00,N,Not at Intersection,N,Non-Junction,None,,,         ,Justin,Pinkelton,Cloudy,Not Collision with Motor Vehicle in Transport,no,no,no,yes,yes,False
103065908,METROPOLITAN NASHVILLE POLICE DEPT,20210439637,Davidson,Nashville,8/19/2021 12:40:00 PM,1,0,0,36.171400,-86.869260,BRILEY PKWYS,,,,3.00,Feet,North,CENTENNIAL BLVD,,,,0.00,N,Not at Intersection,N,Non-Junction,None,,,         ,George,Spencer,Cloudy,Not Collision with Motor Vehicle in Transport,no,no,no,no,no,False
103065919,METROPOLITAN NASHVILLE POLICE DEPT,20210439711,Davidson,Nashville,8/19/2021 1:15:00 PM,2,0,0,36.070590,-86.722600,NOLENSVILLE PKE,,,,185.00,Feet,West,COTTON LN,,,,0.00,N,Not at Intersection, ,Non-Junction,None,,,         ,Earl,Davis,Cloudy,"Sideswipe, Same Direction",no,no,no,no,no,False
103065924,METROPOLITAN NASHVILLE POLICE DEPT,20210439640,Davidson,Nashville,8/19/2021 12:15:00 PM,3,0,0,36.136750,-86.795530,WEDGEWOOD AV,,,,78.00,Feet,East,17TH AVS,,,,0.00,N,Not at Intersection, ,Non-Junction,None,,,         ,Brian,Murphy,Cloudy,Front to Rear,no,no,no,no,no,False
103065929,METROPOLITAN NASHVILLE POLICE DEPT,20210439732,Davidson,Antioch,8/19/2021 12:40:00 PM,2,0,0,36.072731,-86.608076,STONEYBROOK,CIR,,,398.28,Feet,South,NEW TOWNE,RD,,,0.00,N,Not at Intersection, ,Non-Junction,None,,,         ,Joe,Hooper,Cloudy,Rear to Side,no,no,no,no,no,False
103065933,METROPOLITAN NASHVILLE POLICE DEPT,20210439536,Davidson,Nashville,8/19/2021 11:37:00 AM,4,4,0,36.041170,-86.652120,I 24,,,,0.00,,,,,,,59.90,N,Not at Intersection,N,Non-Junction,None,,,         ,Vincent,McCrary,Cloudy,Front to Rear,no,no,no,no,no,False
103065943,METROPOLITAN NASHVILLE POLICE DEPT,20210439776,Davidson,Nashville,8/19/2021 2:00:00 PM,4,0,0,36.148720,-86.745910,I 40,,,,0.00,,,,,,,211.85,N,Not at Intersection, ,,None,,,         ,Michael,Brooks,,,no,no,no,no,no,False
103065972,METROPOLITAN NASHVILLE POLICE DEPT,20210439786,Davidson,Nashville,8/19/2021 2:00:00 PM,2,0,0,36.166210,-86.765780,INTERSTATE DR,,,,0.00,,,SHELBY AV,,,,0.00,Y,Four-Way,N,Intersection,None,,,         ,Russell,Freeman,Cloudy,Angle,no,no,no,no,yes,False
103065983,METROPOLITAN NASHVILLE POLICE DEPT,20210439769,Davidson,Nashville,8/19/2021 1:57:00 PM,2,0,0,36.141920,-86.639930,ELM HILL PKE,,,,201.00,Feet,East,TIMBER VALLEY DR,,,,0.00,N,Not at Intersection,N,"Driveway, Alley Access, etc",None,,,         ,John,Chambers,Cloudy,Angle,no,no,no,no,no,False
103065994,METROPOLITAN NASHVILLE POLICE DEPT,20210439848,Davidson,Nashville,8/19/2021 2:35:00 PM,2,1,0,36.215670,-86.755990,JONES AV,,,,0.00,,,BULLOCK AV,,,,0.00,Y,Four-Way,N,Intersection,None,,,         ,Jeremy,Smith,Clear,Angle,no,no,no,no,no,False
103066009,METROPOLITAN NASHVILLE POLICE DEPT,20210439822,Davidson,Nashville,8/19/2021 2:43:00 PM,2,0,0,36.044770,-86.661500,BELL RD,,,,8.00,Feet,North,CANE RIDGE RD,,,,0.00,N,Not at Intersection,N,Non-Junction,None,,,         ,Beri,Scott,Clear,Front to Rear,no,no,no,no,yes,False
103066060,METROPOLITAN NASHVILLE POLICE DEPT,20210439829,Davidson,Nashville,8/19/2021 2:38:00 PM,1,0,0,36.235510,-86.785250,I24 W EXT RAMP,,,,0.00,Feet,East,I 24,,,,0.00,N,Not at Intersection,N,Non-Junction,None,,,         ,Derek,Sibley,Clear,Not Collision with Motor Vehicle in Transport,no,no,no,no,no,False
103066069,METROPOLITAN NASHVILLE POLICE DEPT,20210439950,Davidson,Nashville,8/19/2021 3:50:00 PM,2,0,0,36.187570,-86.775330,I 24,,,,0.00,,,,,,,47.05,N,Not at Intersection, ,Non-Junction,None,,,         ,Randy,Puckett,Clear,Front to Rear,no,no,no,no,no,False
103066073,METROPOLITAN NASHVILLE POLICE DEPT,20210439806,Davidson,Nashville,8/19/2021 12:00:00 AM,2,1,0,36.151060,-86.864790,TWIN ST,,,,445.00,Feet,West,OBRIEN AV,,,,0.00,N,Not at Intersection,N,Non-Junction,None,,,         ,Maria,Reynolds,Clear,HeadOn,no,no,no,no,no,False
103066079,METROPOLITAN NASHVILLE POLICE DEPT,20210439876,Davidson,Nashville,8/19/2021 3:03:00 PM,2,0,0,36.205840,-86.768020,E TRINITY LN,,,,177.00,Feet,East,DICKERSON PKE,,,,0.00,N,Not at Intersection, ,Non-Junction,Work Zone,,,         ,Steffani,Dahlstrom,Clear,"Sideswipe, Same Direction",no,no,no,no,no,False