master_record_number,agency,agency_tracking_number,county,city,collision_date,vehicles_involved,number_injured,number_dead,latitude,longitude,roadway_name,roadway_suffix,roadway_number,roadway_local_id,distance_from_reference,miles-feet_indicator,direction_from_reference,intersection_road_name,intersection_road_name_suffix,intersection_road_number,intersection_local_id,mile_marker,intersection_indicator,intersect_type,interchange_related_indicator,relation_to_junction,work_zone_type,construction_maintenance_zone,construction_maintenance_zone_location,fatal_case_number,officer_first_name,officer_last_name,weather_condition(s),manner_of_crash,pedestrian,bicycle,scooter,parking,hitrun,mou
103066086,METROPOLITAN NASHVILLE POLICE DEPT,20210439990,Davidson,Nashville,8/19/2021 4:05:00 PM,2,1,0,36.176460,-86.815060,24TH AVN,,,,3.00,Feet,North,OSAGE ST,,,,0.00,N,Not at Intersection,N,Non-Junction,None,,,         ,Jerica,Gladston,Clear,Angle,no,no,no,no,no,False
103066089,METROPOLITAN NASHVILLE POLICE DEPT,20210439984,Davidson,Antioch,8/19/2021 2:46:00 PM,2,0,0,36.070660,-86.596770,DOVE CREEK RD,,,,167.00,Feet,West,MALLARD CREEK CT,,,,0.00,N,Not at Intersection, ,,None,,,         ,Beri,Scott,,,no,no,no,no,no,False
103066095,METROPOLITAN NASHVILLE POLICE DEPT,20210439987,Davidson,Nashville,8/19/2021 4:17:00 PM,2,0,0,36.141910,-86.640610,TIMBER VALLEY DR,,,,0.00,,,ELM HILL PKE,,,,0.00,Y,Four-Way, ,Intersection,None,,,         ,James,Gilliam,Cloudy,Angle,no,no,no,no,no,False
103066112,METROPOLITAN NASHVILLE POLICE DEPT,20210440005,Davidson,Not in City Limit,8/19/2021 4:15:00 PM,1,0,0,36.072260,-86.926540,HICKS RD,,,,75.00,Feet,South,OLD HARDING PKE,,,,0.00,N,Not at Intersection,N,Non-Junction,None,,,         ,Thomas,Odom,Clear,Not Collision with Motor Vehicle in Transport,no,no,no,no,no,False
103066115,METROPOLITAN NASHVILLE POLICE DEPT,20210439879,Davidson,Nashville,8/19/2021 2:15:00 PM,2,1,0,36.174750,-86.794550,MONROE ST,,,,222.00,Feet,West,9TH AVN,,,,0.00,N,Not at Intersection,N,Non-Junction,None,,,         ,Eric,Schaefer,Clear,Angle,no,no,no,no,no,False
103066120,METROPOLITAN NASHVILLE POLICE DEPT,20210439959,Davidson,Nashville,8/19/2021 3:50:00 PM,2,0,0,36.245050,-86.784360,I 24,,,,0.00,,,,,,,42.90,N,Not at Intersection,N,Non-Junction,None,,,         ,Bobby,Ehman,Cloudy,Front to Rear,no,no,no,no,no,False
103066132,METROPOLITAN NASHVILLE POLICE DEPT,20210440002,Davidson,Nashville,8/19/2021 4:26:00 PM,2,1,0,36.042320,-86.837090,OLD HICKORY BLVD,,,,87.00,Feet,East,DERBY GLEN LN,,,,0.00,N,Not at Intersection,N,Non-Junction,None,,,         ,Zachary,Akers,Clear,Front to Rear,no,no,no,no,no,False
103066133,METROPOLITAN NASHVILLE POLICE DEPT,20210439915,Davidson,Nashville,8/19/2021 3:20:00 PM,3,1,0,36.053920,-86.898690,OLD HICKORY BLVD,,,,0.00,,,VAUGHN RD,,,,0.00,Y,Four-Way,Y,Intersection,None,,,         ,Michael,Sipos,Cloudy,Front to Rear,no,no,no,no,no,False
103066139,METROPOLITAN NASHVILLE POLICE DEPT,20210439973,Davidson,Nashville,8/19/2021 12:00:00 AM,2,0,0,36.141380,-86.654510,I 40,,,,0.00,,,,,,,217.30,N,Not at Intersection,N,Non-Junction,None,,,         ,Douglas,Mann,Clear,Angle,no,no,no,no,no,False
103066141,METROPOLITAN NASHVILLE POLICE DEPT,20210439922,Davidson,Nashville,8/19/2021 3:00:00 PM,2,1,0,36.107790,-86.676870,MURFREESBORO PKE,,,,0.00,,,DELL PKWY,,,,0.00,Y,T-Intersection,N,Intersection,None,,,         ,Dontaveous,Eubanks,Cloudy,Angle,no,no,no,no,no,False
103066162,METROPOLITAN NASHVILLE POLICE DEPT,20210440003,Davidson,Nashville,8/19/2021 12:00:00 AM,2,1,0,36.141600,-86.816610,WEST END AV,,,,168.00,Feet,South,32ND AVS,,,,0.00,N,Not at Intersection,N,Non-Junction,None,,,         ,Wyatt,Blacker,Cloudy,Angle,no,no,no,no,no,False
103066163,METROPOLITAN NASHVILLE POLICE DEPT,20210439992,Davidson,Nashville,8/19/2021 4:22:00 PM,2,0,0,36.139200,-86.700180,BRILEY PKWYN,,,,108.00,Feet,South,I40 E ENT RAMP,,,,0.00,N,Not at Intersection, ,Non-Junction,None,,,         ,Christopher,Cantrell,Clear,"Sideswipe, Same Direction",no,no,no,no,no,False
103066179,METROPOLITAN NASHVILLE POLICE DEPT,20210440083,Davidson,Nashville,8/19/2021 5:24:00 PM,1,0,0,36.122870,-86.630350,BELL RD,,,,0.00,,,,,,,0.00,,,N,Non-Junction,None,,,         ,Joseph,Simon,Clear,Not Collision with Motor Vehicle in Transport,no,no,no,no,no,False
103066180,METROPOLITAN NASHVILLE POLICE DEPT,20210439970,Davidson,Not in City Limit,8/19/2021 4:04:00 PM,2,1,0,36.058620,-86.945010,OLD HARDING PKE,,,,252.00,Feet,South,HARPETH RIV MORTON MILL GRNWY,,,,0.00,N,Not at Intersection,N,Non-Junction,None,,,         ,Jeremy,Huffine,Clear,Front to Rear,no,no,no,no,no,False
103066181,METROPOLITAN NASHVILLE POLICE DEPT,20210440106,Davidson,Nashville,8/19/2021 5:35:00 PM,2,0,0,36.155820,-86.789850,14TH AVN,,,,74.00,Feet,North,I40 E EXT RAMP,,,,0.00,N,Not at Intersection,N,Non-Junction,None,,,         ,Cory,Stratton,Clear,Angle,no,no,no,no,yes,False
103066185,METROPOLITAN NASHVILLE POLICE DEPT,20210439995,Davidson,Nashville,8/19/2021 4:17:00 PM,2,2,0,36.079500,-86.644610,MURFREESBORO PKE,,,,0.00,,,EDGE O LAKE DR,,,,0.00,Y,Four-Way,N,Intersection-Related,None,,,         ,Zaire,Murray,Cloudy,Front to Rear,no,no,no,no,no,False
103066187,METROPOLITAN NASHVILLE POLICE DEPT,20210440082,Davidson,Nashville,8/19/2021 4:18:00 PM,2,0,0,36.152400,-86.793340,17TH AVS,,,,114.00,Feet,South,MCGAVOCK ST,,,,0.00,N,Not at Intersection,Y,Non-Junction,None,,,         ,Zachary,Plese,Clear,"Sideswipe, Same Direction",no,no,no,no,no,False
103066204,METROPOLITAN NASHVILLE POLICE DEPT,20210440058,Davidson,Nashville,8/19/2021 4:44:00 PM,2,0,0,36.138480,-86.820000,WEST END AV,,,,291.00,Feet,North,MURPHY RD,,,,0.00,N,Not at Intersection, ,Non-Junction,None,,,         ,Kency,Le,Clear,Front to Rear,no,no,no,no,no,False
103066210,BERRY HILL POLICE DEPT,21-2509,Davidson,Berry Hill,8/19/2021 12:00:00 AM,3,2,0,36.118860,-86.774590,FRANKLIN PKE,,,,0.00,,,BERRY RD,,,,0.00,Y,Four-Way,Y,Intersection,None,,,         ,John,Gleixner,Clear,Angle,no,no,no,no,no,False
103066215,METROPOLITAN NASHVILLE POLICE DEPT,20210440147,Davidson,Nashville,8/19/2021 6:00:00 PM,3,1,0,36.221030,-86.757230,HART LN,,,,250.00,Feet,West,HART CT,,,,0.00,N,Not at Intersection,N,Non-Junction,None,,,         ,Jeremy,Smith,Clear,Front to Rear,no,no,no,no,yes,False
103066220,METROPOLITAN NASHVILLE POLICE DEPT,20210440200,Davidson,Nashville,8/19/2021 6:10:00 PM,2,0,0,36.187990,-86.821560,ED TEMPLE BLVD,,,,0.00,Feet,East,ROSA L PARKS BLVD,,,,0.00,N,Not at Intersection, ,,None,,,         ,Scarlett,Collins,,,no,no,no,no,no,False
103066221,METROPOLITAN NASHVILLE POLICE DEPT,20210440191,Davidson,Nashville,8/19/2021 3:56:00 PM,2,0,0,36.091310,-86.696450,ANTIOCH PKE,,,,1068.00,Feet,West,CANDY LN,,,,0.00,N,Not at Intersection,N,Non-Junction,None,,,         ,Beri,Scott,Cloudy,Front to Rear,no,no,no,no,yes,False
103066226,METROPOLITAN NASHVILLE POLICE DEPT,20210440137,Davidson,Nashville,8/19/2021 5:53:00 PM,2,1,0,36.045360,-86.713340,OLD HICKORY BLVD,,,,0.00,,,NOLENSVILLE PKE,,,,0.00,Y,Four-Way,N,Non-Junction,None,,,         ,Brady,Reynolds,Clear,Front to Rear,no,no,no,no,yes,False
103066241,METROPOLITAN NASHVILLE POLICE DEPT,20210440234,Davidson,Not in City Limit,8/19/2021 5:44:00 PM,2,0,0,36.005300,-86.684290,BARCO RD,,,,189.00,Feet,West,KAPLAN AV,,,,0.00,N,Not at Intersection,N,Non-Junction,None,,,         ,Joseph,Hurst,Clear,Angle,no,no,no,no,no,False
103066242,METROPOLITAN NASHVILLE POLICE DEPT,20210440178,Davidson,Nashville,8/19/2021 5:14:00 PM,2,0,0,36.167890,-86.786550,JAMES ROBERTSON PKWY,,,,215.00,Feet,North,ROSA L PARKS BLVD,,,,0.00,N,Not at Intersection, ,Non-Junction,None,,,         ,Nicholas,Kiraly,Cloudy,Front to Rear,no,no,no,no,no,False
103066252,METROPOLITAN NASHVILLE POLICE DEPT,20210440236,Davidson,Antioch,8/19/2021 5:59:00 PM,1,0,0,36.047690,-86.611880,MURFREESBORO PKE,,,,1208.00,Feet,North,MOUNTAIN SPRINGS RD,,,,0.00,N,Not at Intersection, ,,None,,,         ,Beri,Scott,,,no,no,no,no,no,False
103066263,METROPOLITAN NASHVILLE POLICE DEPT,20210440209,Davidson,Goodlettsville,8/19/2021 4:46:00 PM,2,0,0,36.290630,-86.738090,DICKERSON PKES,,,,389.00,Feet,East,WEEPING WILLOW WAY,,,,0.00,N,Not at Intersection, ,"Driveway, Alley Access, etc",None,,,         ,Bobby,Ehman,Cloudy,Rear to Rear,no,no,no,yes,no,False
103066271,METROPOLITAN NASHVILLE POLICE DEPT,20210440284,Davidson,Nashville,8/19/2021 7:04:00 PM,1,0,0,36.136740,-86.800860,21ST AVS,,,,44.00,Feet,North,BELCOURT AV,,,,0.00,N,Not at Intersection,N,Non-Junction,None,,,         ,Kency,Le,Clear,Not Collision with Motor Vehicle in Transport,no,no,yes,no,no,Campus
103066273,METROPOLITAN NASHVILLE POLICE DEPT,20210440136,Davidson,Nashville,8/19/2021 3:50:00 PM,2,0,0,36.143210,-86.685730,I 40,,,,0.00,,,,,,,215.50,N,Not at Intersection, ,Non-Junction,None,,,         ,Christian,Vanders,Clear,Angle,no,no,no,no,no,False
103066314,METROPOLITAN NASHVILLE POLICE DEPT,20210440361,Davidson,Nashville,8/19/2021 8:08:00 PM,1,1,0,36.166180,-86.820350,28TH AVN,,,,157.00,Feet,South,MEHARRY BLVD,,,,0.00,N,Not at Intersection,N,Non-Junction,None,,,         ,Jerica,Gladston,Clear,Not Collision with Motor Vehicle in Transport,yes,no,no,no,no,False
103066316,METROPOLITAN NASHVILLE POLICE DEPT,20210440271,Davidson,Nashville,8/19/2021 5:00:00 PM,2,0,0,36.143940,-86.666690,DONELSON PKE,,,,600.00,Feet,North,I40 W ENT RAMP,,,,0.00,N,Not at Intersection, ,Non-Junction,None,,,         ,Christian,Vanders,Clear,Front to Rear,no,no,no,no,no,False
103066333,METROPOLITAN NASHVILLE POLICE DEPT,20210440308,Davidson,Nashville,8/19/2021 7:34:00 PM,1,0,0,36.173710,-86.809500,FORMOSA ST,,,,0.00,,,,,,,0.00,,, ,,None,,,         ,Ryan,Allen,,,no,no,no,no,no,False
103066358,METROPOLITAN NASHVILLE POLICE DEPT,20210440485,Davidson,Nashville,8/19/2021 7:49:00 PM,2,0,0,36.254270,-86.738950,I 65,,,,0.00,,,,,,,91.55,N,Not at Intersection,N,Non-Junction,None,,,         ,Beri,Scott,Clear,"Sideswipe, Same Direction",no,no,no,no,yes,False
103066383,METROPOLITAN NASHVILLE POLICE DEPT,20210440455,Davidson,Nashville,8/19/2021 9:06:00 PM,1,1,0,36.167380,-86.765440,I 24,,,,0.00,,,,,,,48.90,N,Not at Intersection,N,Non-Junction,None,,,         ,Roy,Sain Jr.,Clear,Not Collision with Motor Vehicle in Transport,no,no,no,no,no,False
103066384,METROPOLITAN NASHVILLE POLICE DEPT,20210440449,Davidson,Nashville,8/19/2021 12:00:00 AM,2,0,0,36.137410,-86.708550,MASSMAN DR,,,,0.00,,,FIVE OAKS DR,,,,0.00,Y,T-Intersection, ,Intersection,None,,,         ,Adam,Gartner,Clear,Angle,no,no,no,no,no,False
103066389,METROPOLITAN NASHVILLE POLICE DEPT,20210440255,Davidson,Nashville,8/19/2021 7:00:00 PM,2,3,0,36.173340,-86.808240,DR D B TODD JR BLVD,,,,0.00,,,UNDERWOOD ST,,,,0.00,Y,Four-Way,N,Intersection-Related,None,,,         ,Jonathan,Sharp,Clear,"Sideswipe, Same Direction",yes,no,no,no,no,False
103066420,METROPOLITAN NASHVILLE POLICE DEPT,20210440530,Davidson,Nashville,8/19/2021 8:41:00 PM,2,0,0,36.175610,-86.603120,OLD HICKORY BLVD,,,,437.00,Feet,North,BURNING TREE DR,,,,0.00,N,Not at Intersection, ,Non-Junction,None,,,         ,Beri,Scott,Clear,Front to Rear,no,no,no,no,no,False
103066443,METROPOLITAN NASHVILLE POLICE DEPT,20210428667,Davidson,Nashville,8/12/2021 11:19:00 PM,2,0,0,36.040260,-86.816400,OLD HICKORY BLVD,,,,0.00,,,GRANNY WHITE PKE,,,,0.00,Y,Four-Way, ,,None,,,         ,Sierra,Walker,,,no,no,no,no,no,False
103066459,METROPOLITAN NASHVILLE POLICE DEPT,20210440632,Davidson,Nashville,8/19/2021 11:02:00 PM,2,0,0,36.121450,-86.755310,I440 E EXT RAMP,,,,0.00,,East,I 440,,,,0.00,N,Not at Intersection,N,Entrance/Exit Ramp Related,None,,,         ,Tavin,Emlund,Clear,Front to Rear,no,no,no,no,yes,False
103066469,METROPOLITAN NASHVILLE POLICE DEPT,20210440728,Davidson,Nashville,8/20/2021 12:20:00 AM,2,0,0,36.195250,-86.775570,I 65,,,,0.00,,,,,,,86.50,N,Not at Intersection,N,Non-Junction,None,,,         ,Matthew,Jankiewicz,Clear,"Sideswipe, Same Direction",no,no,no,no,yes,False
103066473,METROPOLITAN NASHVILLE POLICE DEPT,133269690,Davidson,Not in City Limit,8/19/2021 11:40:00 PM,1,0,0,36.071930,-86.946620,SAWYER BROWN RD,,,,11.00,Feet,South,RIVER PLANTATION PVTDR,,,,0.00,N,Not at Intersection,N,Non-Junction,None,,,         ,Goran,Manojlovic,Clear,Not Collision with Motor Vehicle in Transport,no,no,no,no,yes,False
103066513,METROPOLITAN NASHVILLE POLICE DEPT,20210440697,Davidson,Not in City Limit,8/19/2021 11:57:00 PM,2,0,0,36.020670,-86.627310,I 24,,,,0.00,,,,,,,62.00,N,Not at Intersection, ,Non-Junction,Construction Zone,,,         ,D’Mitri,Mackall,Clear,Front to Rear,no,no,no,no,no,False
103066520,BERRY HILL POLICE DEPT,21-2513,Davidson,Berry Hill,8/19/2021 11:25:00 PM,2,0,0,36.120650,-86.775210,FRANKLIN PKE,,,,79.00,Feet,North,KIRKWOOD AV,,,,0.00,N,Not at Intersection, ,,None,,,         ,James,Haddock,,,no,no,no,yes,no,False
103066529,METROPOLITAN NASHVILLE POLICE DEPT,20210441032,Davidson,Nashville,8/20/2021 4:41:00 AM,2,0,0,36.207230,-86.791810,WHITES CREEK PKE,,,,98.00,Feet,North,BAPTIST WORLD CENTER DR,,,,0.00,N,Not at Intersection, ,Non-Junction,None,,,         ,Joseph,Gawlowski,Cloudy,Angle,no,no,no,no,yes,False
103066531,METROPOLITAN NASHVILLE POLICE DEPT,20210441029,Davidson,Nashville,8/20/2021 4:54:00 AM,1,0,0,36.083070,-86.702600,LINBAR DR,,,,292.00,Feet,North,WALLACE RD,,,,0.00,N,Not at Intersection,N,Non-Junction,None,,,         ,Kaleigh,Pearce,Clear,Not Collision with Motor Vehicle in Transport,no,no,no,no,yes,False
103066595,METROPOLITAN NASHVILLE POLICE DEPT,20210441119,Davidson,Antioch,8/20/2021 7:02:00 AM,3,1,0,36.027040,-86.615280,OLD HICKORY BLVD,,,,1411.00,Feet,South,LOGISTICS WAY,,,,0.00,N,Not at Intersection,N,Non-Junction,None,,,         ,Joe,Hooper,Cloudy,Front to Rear,no,no,no,no,no,False
103066620,METROPOLITAN NASHVILLE POLICE DEPT,20210441157,Davidson,Nashville,8/20/2021 7:35:00 AM,2,0,0,36.240770,-86.673620,NEELYS BEND RD,,,,0.00,,,CHEYENNE BLVD,,,,0.00,Y,Four-Way,N,Intersection,None,,,         ,Wesley,Mcclelland,Cloudy,Front to Rear,no,no,no,no,no,False
103066621,METROPOLITAN NASHVILLE POLICE DEPT,20210441239,Davidson,Nashville,8/20/2021 8:29:00 AM,2,0,0,36.140760,-86.720110,I 40,,,,0.00,,,,,,,213.35,N,Not at Intersection, ,,None,,,         ,Michael,Brooks,,,no,no,no,no,no,False
103066639,GOODLETTSVILLE POLICE DEPT,21-22965,Davidson,Goodlettsville,8/17/2021 3:25:00 PM,2,1,0,36.296180,-86.715480,I 65,,,,0.00,,,,,,,94.80,N,Not at Intersection,N,Non-Junction,None,,,         ,William,Hunter,Clear,Angle,no,no,no,no,no,False
103066642,METROPOLITAN NASHVILLE POLICE DEPT,20210441299,Davidson,Not in City Limit,8/16/2021 12:00:00 AM,2,0,0,36.020540,-86.651860,BLAIRFIELD DR,,,,323.00,Feet,North,HASKELL DR,,,,0.00,N,Not at Intersection,N,Non-Junction,None,,,         ,Joe,Hooper,Unknown,Unknown,no,no,no,no,yes,False
103066666,METROPOLITAN NASHVILLE POLICE DEPT,20210440046,Davidson,Nashville,8/19/2021 5:00:00 PM,2,0,0,36.109490,-86.680910,MURFREESBORO PKE,,,,1344.00,Feet,West,DELL PKWY,,,,0.00,N,Not at Intersection,N,Non-Junction,None,,,         ,Cory,West,Clear,Front to Rear,no,no,no,no,yes,False
103066672,METROPOLITAN NASHVILLE POLICE DEPT,20210441302,Davidson,Madison,8/20/2021 8:40:00 AM,2,0,0,36.296640,-86.698960,MYATT DR,,,,114.00,Feet,South,GALLATIN PKEN,,,,0.00,N,Not at Intersection,N,Non-Junction,None,,,         ,Christopher,Littles,Cloudy,Front to Rear,no,no,no,no,yes,False
103066673,METROPOLITAN NASHVILLE POLICE DEPT,20210441328,Davidson,Madison,8/20/2021 9:28:00 AM,2,0,0,36.248600,-86.728630,DUE WEST AVW,,,,0.00,,,SAUNDERS AV,,,,0.00,Y,Four-Way,N,Intersection,None,,,         ,Christopher,Littles,Cloudy,Front to Rear,no,no,no,no,no,False
103066678,METROPOLITAN NASHVILLE POLICE DEPT,20210441318,Davidson,Nashville,8/20/2021 9:29:00 AM,2,1,0,36.152240,-86.840910,CHARLOTTE AV,,,,0.00,,,45TH AVN,,,,0.00,Y,T-Intersection,N,Intersection,None,,,         ,Gerry,Hutcheson,Cloudy,Angle,no,no,no,no,no,False
103066681,METROPOLITAN NASHVILLE POLICE DEPT,20210441381,Davidson,Nashville,8/20/2021 10:12:00 AM,2,2,0,36.126370,-86.727820,I 24,,,,0.00,,,,,,,52.45,N,Not at Intersection,N,Non-Junction,None,,,         ,Joe,Hooper,Clear,Front to Rear,no,no,no,no,no,False
103066725,Nashville Airport Police,2021-03098,Davidson,Nashville,8/18/2021 11:24:00 AM,2,0,0,36.133180,-86.664330,BNA DR,,,,0.00,,,DONELSON PKES,,,,0.00,Y,OTHER, ,Entrance/Exit Ramp Related,None,,,         ,Kou,Vang,Clear,Not Collision with Motor Vehicle in Transport,no,no,no,no,no,False
103066730,METROPOLITAN NASHVILLE POLICE DEPT,20210441339,Davidson,Nashville,8/20/2021 9:40:00 AM,2,0,0,36.079490,-86.644600,MURFREESBORO PKE,,,,0.00,,,EDGE O LAKE DR,,,,0.00,Y,Four-Way,N,Intersection,None,,,         ,Michael,Brooks,"Cloudy, Rain",Front to Rear,no,no,no,no,yes,False
103066731,METROPOLITAN NASHVILLE POLICE DEPT,20210441341,Davidson,Nashville,8/20/2021 9:46:00 AM,2,0,0,36.150820,-86.749870,I 40,,,,0.00,,,,,,,211.60,N,Not at Intersection, ,Non-Junction,None,,,         ,Michael,Brooks,Cloudy,"Sideswipe, Same Direction",no,no,no,no,no,False
103066732,METROPOLITAN NASHVILLE POLICE DEPT,20210441402,Davidson,Nashville,8/20/2021 10:24:00 AM,2,1,0,36.167660,-86.663320,LEBANON PKE,,,,0.00,,,DONELSON PKE,,,,0.00,Y,T-Intersection,N,Intersection,None,,,         ,Michael,Brooks,Clear,Angle,no,no,no,no,no,False
103066734,METROPOLITAN NASHVILLE POLICE DEPT,20210441374,Davidson,Antioch,8/20/2021 9:59:00 AM,1,1,0,36.074480,-86.597160,SEBETHA CT,,,,281.00,Feet,North,COUNTRY WAY RD,,,,0.00,N,Not at Intersection,N,Non-Junction,None,,,         ,Vincent,McCrary,Clear,Not Collision with Motor Vehicle in Transport,no,no,no,no,no,False
103066736,METROPOLITAN NASHVILLE POLICE DEPT,20210441343,Davidson,Nashville,8/20/2021 9:45:00 AM,2,2,0,36.169050,-86.772240,S 1ST ST,,,,0.00,,,WOODLAND ST,,,,0.00,Y,Four-Way,N,Intersection,None,,,         ,Wesley,Young,Clear,HeadOn,no,no,no,no,no,False
103066762,METROPOLITAN NASHVILLE POLICE DEPT,20210441334,Davidson,Nashville,8/20/2021 9:22:00 AM,3,0,0,36.175020,-86.771460,I 24,,,,0.00,,,,,,,48.00,N,Not at Intersection, ,Non-Junction,None,,,         ,Tristen,Mayfield,Cloudy,"Sideswipe, Same Direction",no,no,no,no,no,False
103066812,METROPOLITAN NASHVILLE POLICE DEPT,20210441454,Davidson,Nashville,8/20/2021 10:00:00 AM,2,0,0,36.153710,-86.721560,SPENCE LN,,,,0.00,,,LEBANON PKE,,,,0.00,Y,Four-Way, ,Intersection-Related,None,,,         ,Patrick,Lancaster,Cloudy,Front to Rear,no,no,no,no,no,False
103066827,METROPOLITAN NASHVILLE POLICE DEPT,20210441581,Davidson,Nashville,8/20/2021 12:52:00 PM,2,2,0,36.255220,-86.702690,NEELYS BEND RD,,,,139.00,Feet,West,NEELYS CHASE DR,,,,0.00,N,Not at Intersection,N,Non-Junction,None,,,         ,Christopher,Littles,Cloudy,"Sideswipe, Opposite Direction",no,no,no,no,no,False
103066849,METROPOLITAN NASHVILLE POLICE DEPT,20210441520,Davidson,Nashville,8/20/2021 12:10:00 PM,2,1,0,36.159710,-86.852990,KENTUCKY AV,,,,0.00,,,54TH AVN,,,,0.00,Y,Four-Way,N,Intersection,None,,,         ,Douglas,Atwood,Clear,Angle,no,no,no,no,no,False
103066859,METROPOLITAN NASHVILLE POLICE DEPT,20210441526,Davidson,Nashville,8/20/2021 12:15:00 PM,2,0,0,36.091040,-86.629150,SMITH SPRINGS RD,,,,833.00,Feet,West,BELL RD,,,,0.00,N,Not at Intersection, ,Non-Junction,None,,,         ,Michael,Brooks,Clear,Front to Rear,no,no,no,no,no,False
103066860,METROPOLITAN NASHVILLE POLICE DEPT,20210441584,Davidson,Nashville,8/20/2021 12:44:00 PM,2,0,0,36.166270,-86.577820,LANA RENEE CT,,,,191.00,Feet,East,ALYADAR DR,,,,0.00,N,Not at Intersection, ,,None,,,         ,Michael,Brooks,,,yes,no,no,no,no,False
103066891,METROPOLITAN NASHVILLE POLICE DEPT,20210441634,Davidson,Nashville,8/20/2021 1:12:00 PM,2,0,0,36.243680,-86.756630,DICKERSON PKE,,,,79.00,Feet,South,SKYLINE MEMORIAL CT,,,,0.00,N,Not at Intersection,N,Non-Junction,None,,,         ,Michael,McCord,Clear,"Sideswipe, Same Direction",no,no,no,no,yes,False
103066896,VANDERBILT UNIVERSITY POLICE,20210441622,Davidson,Nashville,8/20/2021 12:50:00 PM,2,0,0,36.149180,-86.803530,WEST END AV,,,,0.00,,,,,,,0.00,,, ,,None,,,         ,John,Oliver,,,no,no,no,yes,no,Campus
103066908,BERRY HILL POLICE DEPT,21-2518,Davidson,Berry Hill,8/20/2021 10:05:00 AM,2,0,0,36.125080,-86.765880,BRANSFORD AV,,,,0.00,,,ROSEDALE AV,,,,0.00,Y,OTHER, ,OtherLocation,None,,,         ,Larry,Carter,Cloudy,Angle,no,no,no,no,no,False
103066924,METROPOLITAN NASHVILLE POLICE DEPT,20210441406,Davidson,Nashville,8/20/2021 10:29:00 AM,2,0,0,36.044980,-86.669640,BEECHWOOD TER,,,,72.00,Feet,North,BELL RD,,,,0.00,N,Not at Intersection, ,Non-Junction,None,,,         ,Kaytlin,huyler,Clear,Angle,no,no,no,no,no,False
103066954,METROPOLITAN NASHVILLE POLICE DEPT,20210441704,Davidson,Nashville,8/20/2021 2:23:00 PM,2,0,0,36.253550,-86.716550,GALLATIN PKES,,,,141.00,Feet,North,MADISON SQ,,,,0.00,N,Not at Intersection,N,Non-Junction,None,,,         ,Christopher,Littles,Cloudy,"Sideswipe, Same Direction",no,no,no,no,yes,False
103066972,METROPOLITAN NASHVILLE POLICE DEPT,20210441695,Davidson,Nashville,8/20/2021 2:06:00 PM,2,0,0,36.037330,-86.787290,OLD HICKORY BLVD,,,,215.00,Feet,West,FRANKLIN PKE,,,,0.00,N,Not at Intersection,N,Non-Junction,None,,,         ,Mason,Tyler,Clear,Angle,no,no,no,no,yes,False
103067001,METROPOLITAN NASHVILLE POLICE DEPT,20210441730,Davidson,Nashville,8/20/2021 2:25:00 PM,2,0,0,36.076490,-86.640640,MURFREESBORO PKE,,,,337.00,Feet,East,LAKEVILLA DR,,,,0.00,N,Not at Intersection, ,"Driveway, Alley Access, etc",None,,,         ,John,Chambers,Cloudy,Angle,no,no,no,no,no,False
103067037,METROPOLITAN NASHVILLE POLICE DEPT,20210441689,Davidson,Nashville,8/20/2021 2:04:00 PM,2,1,0,36.215310,-86.815840,MOORMANS ARM RD,,,,263.00,Feet,East,BOATNER DR,,,,0.00,N,Not at Intersection,N,Non-Junction,None,,,         ,Jeanine,Sarno,Cloudy,Not Collision with Motor Vehicle in Transport,no,no,no,no,no,False
103067039,METROPOLITAN NASHVILLE POLICE DEPT,2021-0429827,Davidson,Not in City Limit,8/12/2021 4:30:00 PM,1,0,0,36.264500,-86.704310,DELAWARE AV,,,,0.00,,,,,,,0.00,,,N,Non-Junction,None,,,         ,Forrest,Punke,Clear,Not Collision with Motor Vehicle in Transport,no,no,no,no,yes,False
103067065,THP District 9 - Administrative,321056833,Davidson,Not in City Limit,8/19/2021 9:07:00 AM,3,0,0,36.020540,-86.627620,I 24,,,,0.00,,,,,,,62.00,N,Not at Intersection, ,Non-Junction,None,,,         ,Brian,Carmouche,Cloudy,Front to Rear,no,no,no,no,no,False
103067091,METROPOLITAN NASHVILLE POLICE DEPT,20210441746,Davidson,Nashville,8/20/2021 2:33:00 PM,2,0,0,36.152680,-86.756380,FAIRFIELD AV,,,,9.00,Feet,South,GREEN ST,,,,0.00,N,Not at Intersection,N,Non-Junction,None,,,         ,Joseph,Simon,Clear,"Sideswipe, Same Direction",no,no,no,no,no,False
103067096,METROPOLITAN NASHVILLE POLICE DEPT,20210441750,Davidson,Nashville,8/20/2021 2:56:00 PM,1,1,0,36.143150,-86.814840,WEST END AV,,,,170.00,Feet,South,30TH AVS,,,,0.00,N,Not at Intersection,N,Non-Junction,None,,,         ,Dakota,Davis,Cloudy,Not Collision with Motor Vehicle in Transport,yes,no,no,no,yes,Campus
103067123,METROPOLITAN NASHVILLE POLICE DEPT,20210441767,Davidson,Nashville,8/20/2021 3:11:00 PM,2,1,0,36.109280,-86.744350,NOLENSVILLE PKE,,,,191.00,Feet,South,COLLIER AV,,,,0.00,N,Not at Intersection,N,Non-Junction,None,,,         ,Beri,Scott,Clear,Front to Rear,no,no,no,no,yes,False