master_record_number,agency,agency_tracking_number,county,city,collision_date,vehicles_involved,number_injured,number_dead,latitude,longitude,roadway_name,roadway_suffix,roadway_number,roadway_local_id,distance_from_reference,miles-feet_indicator,direction_from_reference,intersection_road_name,intersection_road_name_suffix,intersection_road_number,intersection_local_id,mile_marker,intersection_indicator,intersect_type,interchange_related_indicator,relation_to_junction,work_zone_type,construction_maintenance_zone,construction_maintenance_zone_location,fatal_case_number,officer_first_name,officer_last_name,weather_condition(s),manner_of_crash,pedestrian,bicycle,scooter,parking,hitrun,mou
103067131,METROPOLITAN NASHVILLE POLICE DEPT,20210441771,Davidson,Nashville,8/20/2021 2:08:00 PM,2,0,0,36.150050,-86.802110,WEST END AV,,,,306.00,Feet,West,21ST AVN,,,,0.00,N,Not at Intersection, ,Non-Junction,None,,,         ,Matthew,Hogan,Rain,"Sideswipe, Same Direction",no,no,no,no,no,Campus
103067137,GOODLETTSVILLE POLICE DEPT,21-23308,Davidson,Goodlettsville,8/20/2021 3:38:00 PM,2,0,0,36.310810,-86.696320,CONFERENCE DR,,,,99.00,Feet,South,MISSION RIDGE DR,,,,0.00,N,Not at Intersection, ,Non-Junction,None,,,         ,William,Hunter,Clear,Front to Rear,no,no,no,no,no,False
103067142,VANDERBILT UNIVERSITY POLICE,20210440465,Davidson,Nashville,8/19/2021 9:10:00 PM,2,1,0,36.142340,-86.812250,VANDERBILT PL,,,,3.00,Feet,West,29TH AVS,,,,0.00,N,Not at Intersection,N,Non-Junction,None,,,         ,Frank,Marsua,,HeadOn,no,no,no,no,yes,Campus
103067241,METROPOLITAN NASHVILLE POLICE DEPT,20210441774,Davidson,Nashville,8/20/2021 12:00:00 AM,2,1,0,36.131780,-86.774400,I 65,,,,0.00,,,,,,,81.20,N,Not at Intersection,N,Entrance/Exit Ramp Related,None,,,         ,Wyatt,Blacker,"Cloudy, Rain",Front to Rear,no,no,no,no,no,False
103067252,METROPOLITAN NASHVILLE POLICE DEPT,20210441777,Davidson,Nashville,8/20/2021 2:39:00 PM,2,0,0,36.044330,-86.660910,TARGET DR,,,,191.00,Feet,East,CANE RIDGE RD,,,,0.00,N,Not at Intersection,N,Non-Junction,None,,,         ,Keith,Parlato,Cloudy,Angle,no,no,no,no,no,False
103067267,METROPOLITAN NASHVILLE POLICE DEPT,20210441718,Davidson,Nashville,8/20/2021 2:41:00 PM,2,0,0,36.194460,-86.830480,BUENA VISTA PKE,,,,49.00,Feet,South,RESHA LN,,,,0.00,N,Not at Intersection, ,Non-Junction,None,,,         ,Keegan,Winchell,Rain,Front to Rear,no,no,no,no,no,False
103067273,METROPOLITAN NASHVILLE POLICE DEPT,20210441812,Davidson,Nashville,8/20/2021 3:29:00 PM,2,1,0,36.192000,-86.744750,GALLATIN AV,,,,36.00,Feet,North,MCKENNIE AV,,,,0.00,N,Not at Intersection,N,Non-Junction,None,,,         ,Cooper,HIll,Clear,"Sideswipe, Same Direction",no,no,no,no,no,False
103067291,BERRY HILL POLICE DEPT,21-2522,Davidson,Berry Hill,8/20/2021 4:33:00 PM,2,0,0,36.121370,-86.775450,FRANKLIN PKE,,,,0.00,,,KIRKWOOD AV,,,,0.00,Y,Four-Way,N,Intersection,None,,,         ,Roy,Morris,Clear,Other,no,no,no,no,yes,False
103067294,METROPOLITAN NASHVILLE POLICE DEPT,20210441845,Davidson,Nashville,8/20/2021 4:10:00 PM,1,1,0,36.169800,-86.590640,I 40,,,,0.00,,,,,,,221.40,N,Not at Intersection,N,Non-Junction,None,,,         ,Destiny,Zunic,Clear,Not Collision with Motor Vehicle in Transport,no,no,no,no,no,False
103067311,METROPOLITAN NASHVILLE POLICE DEPT,20210441912,Davidson,Nashville,8/20/2021 4:00:00 PM,2,0,0,36.203550,-86.738530,GALLATIN PKE,,,,0.00,,,E TRINITY LN,,,,0.00,Y,T-Intersection,N,Intersection,None,,,         ,Jeffrey,Mullins,Clear,"Sideswipe, Same Direction",no,no,no,no,yes,False
103067327,METROPOLITAN NASHVILLE POLICE DEPT,20210441935,Davidson,Nashville,8/20/2021 5:07:00 PM,2,0,0,36.235100,-86.714270,BRILEY PKWYW,,,,245.00,Feet,East,BRUSH HILL RD,,,,0.00,N,Not at Intersection,N,Non-Junction,None,,,         ,Joseph,Simon,Clear,Angle,no,no,no,no,no,False
103067329,METROPOLITAN NASHVILLE POLICE DEPT,20210441913,Davidson,Not in City Limit,8/20/2021 4:45:00 PM,2,0,0,36.260370,-86.712860,HICKORY ST,,,,0.00,Feet,North,GALLATIN PKES,,,,0.00,N,Not at Intersection, ,Non-Junction,None,,,         ,David,Harms,Clear,Angle,no,no,no,no,no,False
103067353,METROPOLITAN NASHVILLE POLICE DEPT,20210442020,Davidson,Nashville,8/20/2021 5:51:00 PM,2,1,0,36.074440,-86.693070,I 24,,,,0.00,,,,,,,56.60,N,Not at Intersection,N,Non-Junction,None,,,         ,Beri,Scott,Clear,Front to Rear,no,no,no,no,no,False
103067354,METROPOLITAN NASHVILLE POLICE DEPT,20210441938,Davidson,Nashville,8/20/2021 4:50:00 PM,3,0,0,36.157650,-86.773410,KOREAN VETERANS BLVD,,,,0.00,Feet,,3RD AVS,,,,0.00,Y,Four-Way, ,Intersection,None,,,         ,Daniel,Tomlinson,Clear,Front to Rear,no,no,no,no,no,False
103067367,VANDERBILT UNIVERSITY POLICE,20210441961,Davidson,Nashville,8/20/2021 5:05:00 PM,2,0,0,36.138640,-86.800710,CHILDRENS WAY,,,,23.00,Feet,West,21ST AVS,,,,0.00,N,Not at Intersection, ,,None,,,         ,De-Adrian,Brown,,,no,no,no,no,no,Campus
103067368,METROPOLITAN NASHVILLE POLICE DEPT,20210442016,Davidson,Nashville,8/20/2021 5:44:00 PM,3,0,0,36.216430,-86.692370,BRILEY PKWYN,,,,67.00,Feet,South,MCGAVOCK PKE,,,,0.00,N,Not at Intersection, ,,None,,,         ,Evan,Grace,,,no,no,no,no,no,False
103067396,METROPOLITAN NASHVILLE POLICE DEPT,20210442074,Davidson,Nashville,8/20/2021 6:18:00 PM,2,0,0,36.064420,-86.717190,NOLENSVILLE PKE,,,,559.00,Feet,North,FAIRLANE DR,,,,0.00,N,Not at Intersection,N,Non-Junction,None,,,         ,Laura,Williams,Clear,Angle,no,no,no,no,no,False
103067400,METROPOLITAN NASHVILLE POLICE DEPT,20210441915,Davidson,Not in City Limit,8/20/2021 4:18:00 PM,2,0,0,36.264900,-86.711270,GALLATIN PKEN,,,,238.00,Feet,North,OLD TIME VILLAGE PVTDR,,,,0.00,N,Not at Intersection, ,Non-Junction,None,,,         ,Miles,Posey,Clear,Front to Rear,no,no,no,no,no,False
103067402,METROPOLITAN NASHVILLE POLICE DEPT,20210442030,Davidson,Nashville,8/20/2021 5:39:00 PM,2,0,0,36.167320,-86.662190,LEBANON PKE,,,,0.00,Feet,East,EDDINGS LN,,,,0.00,N,Not at Intersection,N,Non-Junction,None,,,         ,Joseph,Simon,Clear,Angle,no,no,no,no,no,False
103067408,METROPOLITAN NASHVILLE POLICE DEPT,20210441877,Davidson,Nashville,8/20/2021 12:00:00 AM,2,1,0,36.051430,-86.885470,OLD HICKORY BLVD,,,,0.00,Feet,,EDINBURGH DR,,,,0.00,Y,Four-Way,N,Intersection-Related,None,,,         ,Maria,Reynolds,Clear,Angle,no,no,no,no,no,False
103067409,METROPOLITAN NASHVILLE POLICE DEPT,20210441958,Davidson,Nashville,8/20/2021 1:26:00 PM,2,0,0,36.085290,-86.702420,I24 E EXT RAMP,,,,0.00,Feet,East,I24 E ENT RAMP,,,,0.00,N,Not at Intersection,N,Non-Junction,None,,,         ,Beri,Scott,Clear,Front to Rear,no,no,no,no,yes,False
103067416,METROPOLITAN NASHVILLE POLICE DEPT,20210442000,Davidson,Nashville,8/20/2021 5:40:00 PM,2,0,0,36.156870,-86.780840,8TH AVS,,,,0.00,Feet,East,DEMONBREUN ST,,,,0.00,N,Not at Intersection, ,Non-Junction,None,,,         ,Nicolas,Pernell,Clear,Front to Rear,no,no,no,no,no,False
103067424,METROPOLITAN NASHVILLE POLICE DEPT,20210441883,Davidson,Nashville,8/20/2021 4:49:00 PM,2,0,0,36.194270,-86.832190,CLARKSVILLE PKE,,,,363.00,Feet,West,BUENA VISTA PKE,,,,0.00,N,Not at Intersection, ,Non-Junction,None,,,         ,Michael,Intrieri,Clear,Front to Rear,no,no,no,no,no,False
103067425,METROPOLITAN NASHVILLE POLICE DEPT,20210441921,Davidson,Nashville,8/20/2021 4:59:00 PM,1,0,0,36.182200,-86.844180,DOLAN RD,,,,61.00,Feet,East,SNELL BLVD,,,,0.00,N,Not at Intersection, ,Non-Junction,None,,,         ,Michael,Intrieri,Clear,Unknown,no,no,no,no,no,False
103067430,METROPOLITAN NASHVILLE POLICE DEPT,20210442098,Davidson,Nashville,8/20/2021 4:30:00 PM,2,0,0,36.173010,-86.792480,JEFFERSON ST,,,,26.00,Feet,West,9TH AVN,,,,0.00,N,Not at Intersection, ,Non-Junction,None,,,         ,Craig,Paschetti,Clear,Angle,no,no,no,no,yes,False
103067450,METROPOLITAN NASHVILLE POLICE DEPT,20210442153,Davidson,Nashville,8/20/2021 4:32:00 PM,2,0,0,36.113820,-86.809210,WOODMONT BLVD,,,,0.00,,,GOLF CLUB LN,,,,0.00,Y,Four-Way,Y,Intersection-Related,None,,,         ,Ashley,Kappenmacher,Clear,Angle,no,no,no,no,no,False
103067467,METROPOLITAN NASHVILLE POLICE DEPT,20210442242,Davidson,Nashville,8/20/2021 7:36:00 PM,1,0,0,36.172410,-86.594530,CENTRAL PKE,,,,175.00,Feet,East,TULIP GROVE RD,,,,0.00,N,Not at Intersection, ,,None,,,         ,Destiny,Zunic,,,no,no,no,no,no,False
103067468,METROPOLITAN NASHVILLE POLICE DEPT,20210442202,Davidson,Nashville,8/20/2021 7:34:00 PM,1,0,0,36.207990,-86.871220,BRILEY PKWYS,,,,500.00,Feet,South,BRILEY PKWY S ENT RAMP,,,,0.00,N,Not at Intersection,N,Non-Junction,None,,,         ,Rachel,Susee,Cloudy,Not Collision with Motor Vehicle in Transport,no,no,no,no,no,False
103067469,METROPOLITAN NASHVILLE POLICE DEPT,20210442171,Davidson,Goodlettsville,8/20/2021 6:17:00 PM,2,0,0,36.296780,-86.714700,I 65,,,,0.00,,,,,,,94.85,N,Not at Intersection,N,Non-Junction,None,,,         ,Forrest,Punke,Clear,Front to Rear,no,no,no,no,yes,False
103067473,METROPOLITAN NASHVILLE POLICE DEPT,20210442169,Davidson,Nashville,8/20/2021 6:40:00 PM,2,0,0,36.213410,-86.763850,DELLWAY VILLA RD,,,,207.00,Feet,East,DICKERSON PKE,,,,0.00,N,Not at Intersection,N,Non-Junction,None,,,         ,Joao,Pinho,Clear,"Sideswipe, Opposite Direction",no,no,no,yes,yes,False
103067474,METROPOLITAN NASHVILLE POLICE DEPT,20210442170,Davidson,Nashville,8/20/2021 6:45:00 PM,2,0,0,36.087000,-86.706790,PARAGON MILLS RD,,,,0.00,,,LINBAR DR,,,,0.00,Y,T-Intersection, ,Intersection,None,,,         ,Josh,Lauton,Cloudy,"Sideswipe, Opposite Direction",no,no,no,no,no,False
103067517,METROPOLITAN NASHVILLE POLICE DEPT,20210441819,Davidson,Nashville,8/20/2021 3:20:00 PM,2,0,0,36.110290,-86.800350,GRAYBAR LN,,,,0.00,,,BELMONT BLVD,,,,0.00,Y,Four-Way,N,Intersection,None,,,         ,Cory,Stratton,Rain,Angle,no,no,no,no,no,False
103067597,METROPOLITAN NASHVILLE POLICE DEPT,20210442039,Davidson,Nashville,8/20/2021 4:30:00 PM,2,0,0,36.159860,-86.622390,I 40,,,,0.00,,,,,,,219.45,N,Not at Intersection,N,Non-Junction,None,,,         ,Graham,Binkley,Clear,Front to Rear,no,no,no,no,yes,False
103067598,METROPOLITAN NASHVILLE POLICE DEPT,20210442154,Davidson,Nashville,8/20/2021 6:30:00 PM,2,0,0,36.186760,-86.630800,CENTRAL PKE,,,,133.00,Feet,South,LEBANON PKE,,,,0.00,N,Not at Intersection, ,,None,,,         ,Graham,Binkley,,,no,no,no,no,no,False
103067603,METROPOLITAN NASHVILLE POLICE DEPT,20210442398,Davidson,Nashville,8/20/2021 8:10:00 PM,2,0,0,36.212030,-86.775780,I 65,,,,0.00,,,,,,,87.70,N,Not at Intersection,N,Non-Junction,None,,,         ,Keegan,Winchell,Clear,Angle,no,no,no,no,yes,False
103067608,METROPOLITAN NASHVILLE POLICE DEPT,20210442255,Davidson,Nashville,8/20/2021 8:06:00 PM,4,2,0,36.089550,-86.702920,I 24,,,,0.00,,,,,,,55.40,N,Not at Intersection,N,Non-Junction,None,,,         ,Beri,Scott,Clear,Angle,no,no,no,no,yes,False
103067631,METROPOLITAN NASHVILLE POLICE DEPT,20210442186,Davidson,Nashville,8/20/2021 6:46:00 PM,2,0,0,36.153270,-86.769560,2ND AVS,,,,0.00,,,ASH ST,,,,0.00,Y,T-Intersection,N,Intersection-Related,None,,,         ,Nicolas,Pernell,Clear,Angle,no,no,no,no,no,False
103067646,BERRY HILL POLICE DEPT,21-2514,Davidson,Berry Hill,8/19/2021 11:25:00 PM,3,0,0,36.120820,-86.775270,FRANKLIN PKE,,,,136.00,Feet,North,I440 ENT RAMP,,,,0.00,N,Not at Intersection,N,Non-Junction,None,,,         ,James,Haddock,Clear,Other,no,no,no,yes,no,False
103067657,MOUNT JULIET POLICE DEPT,21033334,Davidson,Nashville,8/18/2021 5:28:00 AM,2,0,0,36.169380,-86.579600,I 40,,,,0.00,,,,,,,222.00,N,Not at Intersection, ,Non-Junction,None,,,         ,Zack,Kamer,Clear,"Sideswipe, Same Direction",no,no,no,no,yes,False
103067668,METROPOLITAN NASHVILLE POLICE DEPT,20210442423,Davidson,Nashville,8/20/2021 9:56:00 PM,3,6,0,36.152200,-86.753330,I 40,,,,0.00,,,,,,,211.35,N,Not at Intersection,N,Non-Junction,None,,,         ,Evan,Grace,Clear,Front to Rear,no,no,no,no,no,False
103067674,METROPOLITAN NASHVILLE POLICE DEPT,20210442452,Davidson,Goodlettsville,8/20/2021 10:45:00 PM,2,1,0,36.302750,-86.691850,RIVERGATE MARKETPLACE PVTDR,,,,0.00,Feet,,GALLATIN PKEN,,,,0.00,Y,Four-Way,N,Intersection-Related,None,,,         ,Derrick,Toney,Clear,Front to Rear,no,no,no,no,no,False
103067714,METROPOLITAN NASHVILLE POLICE DEPT,20210442516,Davidson,Nashville,8/20/2021 10:00:00 PM,2,0,0,36.151530,-86.751570,I 40,,,,0.00,,,,,,,211.50,N,Not at Intersection,N,Non-Junction,None,,,         ,Dillon,Hunt,Clear,Front to Rear,no,no,no,no,yes,False
103067727,METROPOLITAN NASHVILLE POLICE DEPT,20210442495,Davidson,Nashville,8/20/2021 11:11:00 PM,2,1,0,36.143130,-86.835080,NEBRASKA AV,,,,74.00,Feet,East,41ST AVN,,,,0.00,N,Not at Intersection,N,Non-Junction,None,,,         ,William,Vanbergen,Clear,HeadOn,no,no,no,no,no,False
103067730,METROPOLITAN NASHVILLE POLICE DEPT,20210442444,Davidson,Nashville,8/20/2021 10:32:00 PM,3,1,0,36.156350,-86.788040,BROADWAY,,,,185.00,Feet,West,12TH AVS,,,,0.00,N,Not at Intersection,N,Non-Junction,None,,,         ,Christopher,Valdez,Clear,Front to Rear,no,no,no,no,no,False
103067743,METROPOLITAN NASHVILLE POLICE DEPT,20210442499,Davidson,Nashville,8/20/2021 11:06:00 PM,2,0,0,36.163050,-86.775940,2ND AVN,,,,81.00,Feet,South,COMMERCE ST,,,,0.00,N,Not at Intersection, ,Non-Junction,None,,,         ,Trenton,Searcy,Clear,"Sideswipe, Same Direction",no,no,no,no,no,False
103067752,METROPOLITAN NASHVILLE POLICE DEPT,20210442490,Davidson,Nashville,8/20/2021 11:10:00 PM,2,0,0,36.234450,-86.718910,BRILEY PKWYW,,,,745.00,Feet,East,BRILEY PKWYE,,,,0.00,N,Not at Intersection,N,Non-Junction,None,,,         ,Michael,Reid,Clear,Angle,no,no,no,no,yes,False
103067759,METROPOLITAN NASHVILLE POLICE DEPT,20210442588,Davidson,Madison,8/20/2021 11:15:00 PM,2,0,0,36.245380,-86.721940,GALLATIN PKES,,,,349.00,Feet,North,LAKEWOOD DR,,,,0.00,N,Not at Intersection,N,Non-Junction,None,,,         ,Michael,Reid,Clear,Angle,no,no,no,no,yes,False
103067763,METROPOLITAN NASHVILLE POLICE DEPT,20210442729,Davidson,Nashville,8/21/2021 1:38:00 AM,2,0,0,36.162380,-86.778080,4TH AVN,,,,0.00,,,COMMERCE ST,,,,0.00,Y,Four-Way, ,Intersection,None,,,         ,Benny,Pittman,Clear,Front to Rear,no,no,no,no,no,False
103067764,METROPOLITAN NASHVILLE POLICE DEPT,20210442720,Davidson,Nashville,8/21/2021 1:40:00 AM,2,0,0,36.153560,-86.756190,FAIRFIELD AV,,,,105.00,Feet,South,HERMITAGE AV,,,,0.00,N,Not at Intersection,N,Non-Junction,None,,,         ,Daniel,Fuentes,Clear,Angle,no,no,no,no,no,False
103067765,METROPOLITAN NASHVILLE POLICE DEPT,20210442694,Davidson,Nashville,8/21/2021 12:00:00 AM,1,0,0,36.192360,-86.776990,I 65,,,,0.00,,,,,,,86.50,N,Not at Intersection,Y,Entrance/Exit Ramp Related,None,,,         ,Joshua,Asbell,Unknown,Not Collision with Motor Vehicle in Transport,no,no,no,no,yes,False
103067776,METROPOLITAN NASHVILLE POLICE DEPT,20210442768,Davidson,Nashville,8/21/2021 2:02:00 AM,1,0,0,36.159400,-86.803500,JO JOHNSTON AV,,,,234.00,Feet,South,WARNER ST,,,,0.00,N,Not at Intersection,N,Non-Junction,None,,,         ,Alquavious,McDaniel,Cloudy,Not Collision with Motor Vehicle in Transport,no,no,no,no,no,False
103067783,METROPOLITAN NASHVILLE POLICE DEPT,20210442743,Davidson,Nashville,8/21/2021 2:13:00 AM,3,3,0,36.192710,-86.744370,DOUGLAS AV,,,,0.00,Feet,East,GALLATIN AV,,,,0.00,N,Not at Intersection,N,Non-Junction,None,,,         ,Reginald,Pierre-Paul,Clear,HeadOn,no,no,no,no,no,False
103067788,METROPOLITAN NASHVILLE POLICE DEPT,20210442732,Davidson,Nashville,8/21/2021 2:02:00 AM,2,0,0,36.186710,-86.814020,PECAN ST,,,,357.00,Feet,North,24TH AVN,,,,0.00,N,Not at Intersection,N,Non-Junction,None,,,         ,Joel,Bennett,Clear,Other,no,no,no,no,yes,False
103067799,METROPOLITAN NASHVILLE POLICE DEPT,20210442830,Davidson,Goodlettsville,8/21/2021 4:11:00 AM,2,1,0,36.292510,-86.720090,I 65,,,,0.00,,,,,,,94.45,N,Not at Intersection,N,Non-Junction,None,,,         ,Nicholas,Berry,Clear,Front to Rear,no,no,no,no,no,False
103067802,METROPOLITAN NASHVILLE POLICE DEPT,20210442806,Davidson,Nashville,8/21/2021 12:00:00 AM,1,1,0,36.046870,-86.778000,FRANKLIN PKE,,,,505.00,Feet,North,FRANKLIN PIKE CIR,,,,0.00,N,Not at Intersection,N,Non-Junction,None,,,         ,Clayton,Cox,Clear,Not Collision with Motor Vehicle in Transport,no,no,no,no,no,False
103067808,METROPOLITAN NASHVILLE POLICE DEPT,20210442852,Davidson,Nashville,8/21/2021 3:56:00 AM,2,0,0,36.044950,-86.659750,I24 E ENT RAMP,,,,0.00,,,I 24,,,,0.00,Y,Y-Intersection,N,Entrance/Exit Ramp Related,None,,,         ,D’Mitri,Mackall,Clear,Front to Rear,no,no,no,no,yes,False
103067817,METROPOLITAN NASHVILLE POLICE DEPT,20210442892,Davidson,Nashville,8/21/2021 12:00:00 AM,1,0,0,36.188940,-86.792620,I 65,,,,0.00,,,,,,,85.55,N,Not at Intersection,N,Non-Junction,None,,,         ,Joshua,Asbell,Rain,Not Collision with Motor Vehicle in Transport,no,no,no,no,yes,False
103067819,VANDERBILT UNIVERSITY POLICE,20210442793,Davidson,Nashville,8/21/2021 2:40:00 AM,1,0,0,36.142620,-86.805950,HIGHLAND AV,,,,334.00,Feet,West,24TH AVS,,,,0.00,N,Not at Intersection,N,Non-Junction,None,,,         ,Michael,Walker,,Not Collision with Motor Vehicle in Transport,no,no,no,no,no,Campus
103067820,METROPOLITAN NASHVILLE POLICE DEPT,20210442897,Davidson,Nashville,8/21/2021 12:00:00 AM,1,1,0,36.089550,-86.699150,METROPLEX DR,,,,589.00,Feet,East,PARAGON MILLS RD,,,,0.00,N,Not at Intersection,N,Non-Junction,None,,,         ,Jonathan,Handley,Cloudy,Not Collision with Motor Vehicle in Transport,no,no,no,no,no,False
103067841,METROPOLITAN NASHVILLE POLICE DEPT,20210442917,Davidson,Nashville,8/21/2021 6:30:00 AM,1,0,0,36.099430,-86.710920,I 24,,,,0.00,,,,,,,54.60,N,Not at Intersection,N,Non-Junction,None,,,         ,Jonathan,Handley,"Cloudy, Rain",Not Collision with Motor Vehicle in Transport,no,no,no,no,yes,False
103067857,METROPOLITAN NASHVILLE POLICE DEPT,20210442959,Davidson,Nashville,8/21/2021 7:31:00 AM,1,0,0,36.150910,-86.750080,I 40,,,,0.00,,,,,,,211.60,N,Not at Intersection, ,Non-Junction,None,,,         ,Ian,Hammond,Rain,Not Collision with Motor Vehicle in Transport,no,no,no,no,no,False
103067858,METROPOLITAN NASHVILLE POLICE DEPT,20210441711,Davidson,Nashville,8/20/2021 1:45:00 PM,1,0,0,36.246000,-86.745520,I65 S EXT RAMP,,,,0.00,Feet,East,I 65,,,,0.00,N,Not at Intersection, ,,None,,,         ,Nicholas,Cochran,,,no,no,no,no,no,False
103067867,METROPOLITAN NASHVILLE POLICE DEPT,20210442925,Davidson,Nashville,8/21/2021 6:15:00 AM,2,0,0,36.163170,-86.780190,CHURCH ST,,,,0.00,Feet,East,5TH AVN,,,,0.00,N,Not at Intersection,N,OtherLocation,None,,,         ,Harold,Wells,Rain,Angle,no,no,no,no,yes,False
103067870,METROPOLITAN NASHVILLE POLICE DEPT,20210442960,Davidson,Nashville,8/21/2021 12:00:00 AM,1,0,0,36.039960,-86.783180,I65 S EXT RAMP,,,,0.00,Feet,East,I 65,,,,0.00,N,Not at Intersection,Y,Entrance/Exit Ramp Related,None,,,         ,Derek,Garcia,Rain,Not Collision with Motor Vehicle in Transport,no,no,no,no,yes,False
103067887,METROPOLITAN NASHVILLE POLICE DEPT,20210442928,Davidson,Nashville,8/21/2021 6:54:00 AM,1,0,0,36.140990,-86.732970,I 40,,,,0.00,,,,,,,212.75,N,Not at Intersection,N,Non-Junction,None,,,         ,Patrick,Lancaster,"Cloudy, Rain",Not Collision with Motor Vehicle in Transport,no,no,no,no,no,False
103067888,METROPOLITAN NASHVILLE POLICE DEPT,20210443014,Davidson,Nashville,8/21/2021 8:28:00 AM,1,0,0,36.161490,-86.599090,BELL RD,,,,580.00,Feet,West,OLD HICKORY BLVD,,,,0.00,N,Not at Intersection,N,Non-Junction,None,,,         ,Ian,Hammond,Cloudy,Not Collision with Motor Vehicle in Transport,no,no,no,no,no,False
103067895,METROPOLITAN NASHVILLE POLICE DEPT,20210442974,Davidson,Nashville,8/21/2021 7:45:00 AM,1,0,0,36.206270,-86.773480,W TRINITY LN,,,,0.00,Feet,West,I65 N ENT RAMP,,,,0.00,N,Not at Intersection,Y,Non-Junction,None,,,         ,Matthew,Herod,Rain,Not Collision with Motor Vehicle in Transport,no,no,no,no,yes,False
103067896,METROPOLITAN NASHVILLE POLICE DEPT,20210442967,Davidson,Nashville,8/21/2021 7:37:00 AM,2,0,0,36.062790,-86.704470,PACKARD DR,,,,0.00,Feet,,FAIRLANE DR,,,,0.00,Y,T-Intersection,N,Intersection,None,,,         ,Marcus,Darden,"Cloudy, Rain",Angle,no,no,no,no,yes,False
103067898,METROPOLITAN NASHVILLE POLICE DEPT,20210443048,Davidson,Nashville,8/20/2021 9:09:00 PM,2,0,0,36.070070,-86.685230,HAYWOOD LN,,,,219.00,Feet,West,ANTIOCH PKE,,,,0.00,N,Not at Intersection, ,Non-Junction,None,,,         ,Jason,Hees,Clear,Front to Rear,no,no,no,no,yes,False
103067899,METROPOLITAN NASHVILLE POLICE DEPT,20210443051,Davidson,Antioch,8/21/2021 1:48:00 AM,2,0,0,36.066880,-86.599780,MT VIEW RD,,,,0.00,,,TRU LONG DR,,,,0.00,Y,T-Intersection, ,Non-Junction,None,,,         ,Vincent,McCrary,Clear,Front to Rear,no,no,no,no,yes,False
103067900,METROPOLITAN NASHVILLE POLICE DEPT,20210442956,Davidson,Nashville,8/21/2021 6:58:00 AM,2,0,0,36.084590,-86.702010,WALLACE RD,,,,0.00,Feet,East,LARGO DR,,,,0.00,N,Not at Intersection, ,Non-Junction,None,,,         ,Burton,Beeson,Rain,"Sideswipe, Opposite Direction",no,no,no,no,no,False
103067911,METROPOLITAN NASHVILLE POLICE DEPT,20210443056,Davidson,Nashville,8/21/2021 12:00:00 AM,2,0,0,36.183120,-86.750480,CLEO MILLER DR,,,,262.00,Feet,North,MAXWELL AV,,,,0.00,N,Not at Intersection,N,Non-Junction,None,,,         ,Brandon,Evans,Unknown,Angle,no,no,no,no,yes,False
103067915,METROPOLITAN NASHVILLE POLICE DEPT,20210443044,Davidson,Nashville,8/21/2021 8:30:00 AM,2,0,0,36.229840,-86.723580,RICHMOND DR,,,,435.00,Feet,East,GALLATIN PKE,,,,0.00,N,Not at Intersection,N,Non-Junction,None,,,         ,Faye,Denson,Clear,Angle,no,no,no,no,yes,False
103067923,METROPOLITAN NASHVILLE POLICE DEPT,20210443083,Davidson,Nashville,8/21/2021 9:36:00 AM,1,0,0,36.223610,-86.774540,I 65,,,,0.00,,,,,,,88.50,N,Not at Intersection,N,Non-Junction,None,,,         ,Ryan,Worstall,Rain,Not Collision with Motor Vehicle in Transport,no,no,no,no,no,False
103067947,METROPOLITAN NASHVILLE POLICE DEPT,20210443090,Davidson,Nashville,8/21/2021 9:43:00 AM,2,0,0,36.147800,-86.693140,BRILEY PKWYS,,,,0.00,,,BRILEY PKWY S EXT RAMP,,,,0.00,Y,Y-Intersection, ,Entrance/Exit Ramp Related,None,,,         ,John,Chambers,"Cloudy, Rain","Sideswipe, Same Direction",no,no,no,no,no,False
103067975,METROPOLITAN NASHVILLE POLICE DEPT,20210443119,Davidson,Nashville,8/21/2021 10:25:00 AM,3,0,0,36.068410,-86.688600,I 24,,,,0.00,,,,,,,57.10,N,Not at Intersection,N,Non-Junction,None,,,         ,Jason,Hees,Rain,Not Collision with Motor Vehicle in Transport,no,no,no,no,no,False
103067976,METROPOLITAN NASHVILLE POLICE DEPT,20210443133,Davidson,Nashville,8/21/2021 10:35:00 AM,2,1,0,36.141750,-86.671520,I 40,,,,0.00,,,,,,,216.30,N,Not at Intersection,N,Non-Junction,None,,,         ,Rex,Engelbert,Rain,Front to Rear,no,no,no,no,no,False
103067977,VANDERBILT UNIVERSITY POLICE,20210443142,Davidson,Nashville,8/21/2021 12:00:00 AM,2,0,0,36.145380,-86.811690,WEST END AV,,,,110.00,Feet,East,28TH AVS,,,,0.00,N,Not at Intersection, ,Non-Junction,None,,,         ,Brent,Clark,,Unknown,no,no,no,yes,yes,Campus
103067992,GOODLETTSVILLE POLICE DEPT,21-23324,Davidson,Goodlettsville,8/20/2021 5:21:00 PM,3,0,0,36.306320,-86.705960,I 65,,,,0.00,,,,,,,95.70,N,Not at Intersection, ,Non-Junction,None,,,         ,Alexander,Bardill,Clear,Front to Rear,no,no,no,no,no,False