master_record_number,agency,agency_tracking_number,county,city,collision_date,vehicles_involved,number_injured,number_dead,latitude,longitude,roadway_name,roadway_suffix,roadway_number,roadway_local_id,distance_from_reference,miles-feet_indicator,direction_from_reference,intersection_road_name,intersection_road_name_suffix,intersection_road_number,intersection_local_id,mile_marker,intersection_indicator,intersect_type,interchange_related_indicator,relation_to_junction,work_zone_type,construction_maintenance_zone,construction_maintenance_zone_location,fatal_case_number,officer_first_name,officer_last_name,weather_condition(s),manner_of_crash,pedestrian,bicycle,scooter,parking,hitrun,mou
103068001,METROPOLITAN NASHVILLE POLICE DEPT,20210443169,Davidson,Nashville,8/21/2021 11:20:00 AM,2,1,0,36.157950,-86.839900,44TH AVN,,,,0.00,,,ILLINOIS AV,,,,0.00,Y,T-Intersection,N,Intersection,None,,,         ,Douglas,Atwood,Rain,Angle,no,no,no,no,no,False
103068028,METROPOLITAN NASHVILLE POLICE DEPT,20210443219,Davidson,Nashville,8/21/2021 12:19:00 PM,2,0,0,36.180900,-86.606550,OLD HICKORY BLVD,,,,532.00,Feet,North,FRIST BLVD,,,,0.00,N,Not at Intersection, ,Non-Junction,None,,,         ,Rex,Engelbert,Cloudy,HeadOn,no,no,no,no,no,False
103068032,METROPOLITAN NASHVILLE POLICE DEPT,20210443217,Davidson,Nashville,8/21/2021 11:45:00 AM,2,0,0,36.092230,-86.827890,HILLSBORO PKE,,,,134.00,Feet,East,FOREST PLACE CIR,,,,0.00,N,Not at Intersection, ,Non-Junction,None,,,         ,Douglas,Atwood,Cloudy,Front to Rear,no,no,no,no,yes,False
103068035,METROPOLITAN NASHVILLE POLICE DEPT,20210443190,Davidson,Nashville,8/21/2021 11:40:00 AM,1,0,0,36.089240,-86.606770,OLD SMITH SPRINGS RD,,,,15.00,Feet,East,ANDERSON RD,,,,0.00,N,Not at Intersection, ,Non-Junction,None,,,         ,Aimee,Ortiz,"Fog, Rain",Not Collision with Motor Vehicle in Transport,no,no,no,no,no,False
103068065,METROPOLITAN NASHVILLE POLICE DEPT,20210443248,Davidson,Nashville,8/21/2021 12:37:00 PM,2,0,0,36.158890,-86.782110,8TH AVS,,,,0.00,,,ROSA L PARKS BLVD,,,,0.00,Y,OTHER,N,Non-Junction,None,,,         ,Harold,Wells,Cloudy,"Sideswipe, Same Direction",no,no,no,no,yes,False
103068072,METROPOLITAN NASHVILLE POLICE DEPT,20210443195,Davidson,Nashville,8/21/2021 11:58:00 AM,2,1,0,36.249390,-86.719410,E PALESTINE AV,,,,0.00,Feet,,GALLATIN PKES,,,,0.00,Y,Four-Way,Y,Intersection-Related,None,,,         ,Joshua,Goepper,"Cloudy, Rain",Front to Rear,no,no,no,no,no,False
103068088,METROPOLITAN NASHVILLE POLICE DEPT,20210443160,Davidson,Nashville,8/21/2021 11:22:00 AM,1,0,0,36.054760,-86.694070,TUSCULUM RD,,,,0.00,,,COLERIDGE DR,,,,0.00,Y,T-Intersection,N,Non-Junction,None,,,         ,Vincent,McCrary,Clear,Not Collision with Motor Vehicle in Transport,no,no,no,no,no,False
103068113,METROPOLITAN NASHVILLE POLICE DEPT,20210443220,Davidson,Nashville,8/21/2021 11:26:00 AM,2,0,0,36.181050,-86.787300,VAN BUREN ST,,,,0.00,Feet,,2ND AVN,,,,0.00,Y,Four-Way, ,Intersection-Related,None,,,         ,Tristen,Mayfield,Cloudy,"Sideswipe, Same Direction",no,no,no,no,no,False
103068117,METROPOLITAN NASHVILLE POLICE DEPT,20210443273,Davidson,Nashville,8/21/2021 12:54:00 PM,2,0,0,36.197530,-86.776250,I 65,,,,0.00,,,,,,,86.70,N,Not at Intersection,N,Non-Junction,None,,,         ,James,Wray,Clear,Angle,no,no,no,no,no,False
103068146,METROPOLITAN NASHVILLE POLICE DEPT,20210443243,Davidson,Nashville,8/21/2021 12:49:00 PM,2,0,0,36.126130,-86.903680,I 40,,,,0.00,,,,,,,200.65,N,Not at Intersection,N,Non-Junction,None,,,         ,Jeffery,Leiser,Clear,Not Collision with Motor Vehicle in Transport,no,no,no,no,yes,False
103068147,METROPOLITAN NASHVILLE POLICE DEPT,20210443304,Davidson,Nashville,8/21/2021 1:43:00 PM,2,0,0,36.176760,-86.772460,I 24,,,,0.00,,,,,,,47.90,N,Not at Intersection, ,Non-Junction,None,,,         ,Zachary,Aldrich,Cloudy,Front to Rear,no,no,no,no,no,False
103068154,BERRY HILL POLICE DEPT,21-2527,Davidson,Berry Hill,8/21/2021 9:58:00 AM,2,1,0,36.122560,-86.775860,FRANKLIN PKE,,,,0.00,,,BILOXI AV,,,,0.00,Y,T-Intersection,N,Intersection-Related,None,,,         ,Larry,Carter,Rain,Front to Rear,no,no,no,no,no,False
103068171,BELLE MEADE POLICE DEPT,21-0176,Davidson,Nashville,8/21/2021 1:51:00 PM,1,0,0,36.126490,-86.845480,HARDING PKE,,,,0.00,,,RIDGEFIELD WAY,,,,0.00,Y,OTHER, ,,None,,,         ,David,Read,,,no,no,no,no,no,False
103068174,VANDERBILT UNIVERSITY POLICE,20210441966,Davidson,Nashville,8/20/2021 12:00:00 AM,1,0,0,36.139400,-86.818290,ORLEANS DR,,,,0.00,,,,,,,0.00,,,N,Non-Junction,None,,,         ,Alan,Reed,Cloudy,Not Collision with Motor Vehicle in Transport,no,no,no,yes,no,False
103068188,METROPOLITAN NASHVILLE POLICE DEPT,20210443327,Davidson,Nashville,8/21/2021 12:30:00 PM,2,0,0,36.105240,-86.814290,HILLSBORO PKE,,,,186.00,Feet,North,RICHARD JONES RD,,,,0.00,N,Not at Intersection,N,Non-Junction,None,,,         ,Heather,Fox,Clear,Angle,no,no,no,no,no,False
103068213,METROPOLITAN NASHVILLE POLICE DEPT,20210443323,Davidson,Nashville,8/21/2021 2:00:00 PM,2,0,0,36.113780,-86.808780,WOODMONT BLVD,,,,129.00,Feet,East,GOLF CLUB LN,,,,0.00,N,Not at Intersection,N,Non-Junction,None,,,         ,Savannah,Starbuck,Cloudy,Front to Rear,no,no,no,no,no,False
103068239,METROPOLITAN NASHVILLE POLICE DEPT,20210443375,Davidson,Nashville,8/21/2021 3:30:00 PM,2,0,0,36.156420,-86.806730,CHARLOTTE AV,,,,89.00,Feet,West,21ST AVN,,,,0.00,N,Not at Intersection, ,Non-Junction,None,,,         ,Lucas,Thomas,Cloudy,Front to Rear,no,no,no,no,no,False
103068240,METROPOLITAN NASHVILLE POLICE DEPT,20210443350,Davidson,Nashville,8/21/2021 2:50:00 PM,2,0,0,36.110940,-86.745220,THOMPSON LN,,,,0.00,,,NOLENSVILLE PKE,,,,0.00,Y,Four-Way,Y,Intersection-Related,None,,,         ,Timothy,Ward,Clear,Angle,no,no,no,no,no,False
103068245,METROPOLITAN NASHVILLE POLICE DEPT,20210443356,Davidson,Nashville,8/21/2021 11:50:00 AM,2,1,0,36.181360,-86.819470,JENKINS ST,,,,0.00,,,26TH AVN,,,,0.00,Y,Four-Way,Y,Intersection,None,,,         ,Scarlett,Collins,Clear,Angle,no,no,no,no,no,False
103068257,METROPOLITAN NASHVILLE POLICE DEPT,20210443462,Davidson,Nashville,8/21/2021 4:51:00 PM,2,0,0,36.167880,-86.796040,I 40,,,,0.00,,,,,,,208.80,N,Not at Intersection, ,,None,,,         ,Brent,Morris,,,no,no,no,no,no,False
103068261,METROPOLITAN NASHVILLE POLICE DEPT,20210443456,Davidson,Nashville,8/21/2021 4:43:00 PM,2,0,0,36.162030,-86.850430,LOUISIANA AV,,,,0.00,,,52ND AVN,,,,0.00,Y,Four-Way,N,Intersection,None,,,         ,Heather,Fox,Clear,Angle,no,no,no,no,no,False
103068266,METROPOLITAN NASHVILLE POLICE DEPT,2021-0442919,Davidson,Nashville,8/21/2021 12:00:00 AM,1,0,0,36.141780,-86.733460,I 40,,,,0.00,,,,,,,212.70,N,Not at Intersection,N,Non-Junction,None,,,         ,Frank,Walker,Rain,Not Collision with Motor Vehicle in Transport,no,no,no,no,no,False
103068269,METROPOLITAN NASHVILLE POLICE DEPT,20210443494,Davidson,Nashville,8/21/2021 5:23:00 PM,2,1,0,36.169360,-86.679890,LEBANON PKE,,,,0.00,Feet,East,MCGAVOCK PKE,,,,0.00,N,Not at Intersection,N,Non-Junction,None,,,         ,Evan,Grace,Cloudy,Front to Rear,no,no,no,no,no,False
103068271,METROPOLITAN NASHVILLE POLICE DEPT,20210443499,Davidson,Nashville,8/21/2021 5:25:00 PM,2,1,0,36.069000,-86.633010,MURFREESBORO PKE,,,,779.00,Feet,North,FOREST VIEW DR,,,,0.00,N,Not at Intersection,N,Non-Junction,None,,,         ,Nadine,Klemenz,Cloudy,Angle,no,no,no,no,yes,False
103068277,METROPOLITAN NASHVILLE POLICE DEPT,20210443470,Davidson,Nashville,8/21/2021 4:37:00 PM,2,0,0,36.214260,-86.730670,GALLATIN PKE,,,,50.00,Feet,North,GILLOCK ST,,,,0.00,N,Not at Intersection,N,Non-Junction,None,,,         ,Adam,Warren,Clear,Angle,no,no,no,no,yes,False
103068284,METROPOLITAN NASHVILLE POLICE DEPT,20210443482,Davidson,Nashville,8/21/2021 5:10:00 PM,2,0,0,36.075060,-86.724920,NOLENSVILLE PKE,,,,0.00,,,FLORA MAXWELL RD,,,,0.00,Y,T-Intersection,Y,Intersection-Related,None,,,         ,Timothy,Ward,Clear,Angle,no,no,no,no,no,False
103068295,METROPOLITAN NASHVILLE POLICE DEPT,20210443474,Davidson,Nashville,8/21/2021 5:00:00 PM,2,2,0,36.190880,-86.615390,STATE HWY 45,,,,0.00,,,OLD LEBANON DIRT RD,,,,0.00,Y,Four-Way,Y,Intersection,None,,,         ,Jason,Kedzierski,Clear,Angle,no,no,no,no,no,False
103068306,METROPOLITAN NASHVILLE POLICE DEPT,20210443558,Davidson,Nashville,8/21/2021 5:45:00 PM,1,0,0,36.069500,-86.806660,TRAVELERS RIDGE PVTDR,,,,346.00,Feet,South,TRAVELERS RIDGE DR,,,,0.00,N,Not at Intersection,N,Non-Junction,None,,,         ,Steven,Powers,Rain,Not Collision with Motor Vehicle in Transport,no,no,no,yes,yes,False
103068316,METROPOLITAN NASHVILLE POLICE DEPT,20210443506,Davidson,Nashville,8/21/2021 5:40:00 PM,2,0,0,36.166230,-86.765790,I24 E EXT RAMP,,,,0.00,,,I 24,,,,0.00,Y,Four-Way,N,Intersection,None,,,         ,Roy,Sain Jr.,Cloudy,"Sideswipe, Opposite Direction",no,no,no,no,no,False
103068329,METROPOLITAN NASHVILLE POLICE DEPT,20210443471,Davidson,Nashville,8/21/2021 12:00:00 AM,1,0,0,36.219660,-86.813810,ROWAN DR,,,,349.00,Feet,South,AUGUSTA DR,,,,0.00,N,Not at Intersection,N,Non-Junction,None,,,         ,Hendrik,Kruger,Unknown,Not Collision with Motor Vehicle in Transport,no,no,no,no,yes,False
103068341,METROPOLITAN NASHVILLE POLICE DEPT,20210443652,Davidson,Nashville,8/21/2021 7:23:00 PM,2,0,0,36.155290,-86.788410,13TH AVS,,,,160.00,Feet,North,I40 W EXT RAMP,,,,0.00,N,Not at Intersection, ,Non-Junction,None,,,         ,Eric,Jackson,Rain,Front to Rear,no,no,no,no,no,False
103068343,VANDERBILT UNIVERSITY POLICE,20210441857,Davidson,Nashville,8/20/2021 4:07:00 PM,2,0,0,36.143460,-86.799050,MEDICAL CENTER DR,,,,0.00,,,,,,,0.00,,, ,Non-Junction,None,,,         ,Robert,Gibson,,"Sideswipe, Same Direction",no,no,no,yes,no,Campus
103068344,METROPOLITAN NASHVILLE POLICE DEPT,20210443667,Davidson,Nashville,8/21/2021 6:30:00 PM,2,0,0,36.136100,-86.792890,WEDGEWOOD AV,,,,107.00,Feet,East,VILLA PL,,,,0.00,N,Not at Intersection,N,Non-Junction,None,,,         ,Cory,Stratton,Rain,Angle,no,no,no,no,yes,False
103068350,METROPOLITAN NASHVILLE POLICE DEPT,20210443480,Davidson,Nashville,8/21/2021 5:05:00 PM,2,1,0,36.044760,-86.660470,I24 E ENT RAMP,,,,0.00,Feet,East,I 24,,,,0.00,N,Not at Intersection,N,Entrance/Exit Ramp Related,None,,,         ,Keith,Parlato,Clear,Front to Rear,no,no,no,no,no,False
103068359,METROPOLITAN NASHVILLE POLICE DEPT,20210443595,Davidson,Nashville,8/21/2021 6:10:00 PM,2,2,0,36.082170,-86.651950,UNA ANTIOCH PKE,,,,0.00,,,PICCADILLY ROW,,,,0.00,Y,T-Intersection,N,Intersection,None,,,         ,Steven,Bowler,"Cloudy, Rain",Angle,no,no,no,no,no,False
103068364,METROPOLITAN NASHVILLE POLICE DEPT,20210443535,Davidson,Nashville,8/21/2021 4:50:00 PM,2,1,0,36.177200,-86.801050,I40 E ENT RAMP,,,,0.00,,,I 65,,,,0.00,Y,Y-Intersection,Y,Non-Junction,None,,,         ,Craig,Paschetti,Cloudy,"Sideswipe, Same Direction",no,no,no,no,yes,False
103068365,METROPOLITAN NASHVILLE POLICE DEPT,20210443561,Davidson,Nashville,8/21/2021 6:19:00 PM,3,2,0,36.065180,-86.684980,I 24,,,,0.00,,,,,,,57.40,N,Not at Intersection,N,Non-Junction,None,,,         ,Gary,Anderson,Rain,Front to Rear,no,no,no,no,no,False
103068386,METROPOLITAN NASHVILLE POLICE DEPT,20210443625,Davidson,Nashville,8/21/2021 7:03:00 PM,2,1,0,36.048180,-86.664150,I 24,,,,0.00,,,,,,,59.05,N,Not at Intersection,N,Non-Junction,None,,,         ,Gary,Anderson,Rain,Front to Rear,no,no,no,no,no,False
103068395,METROPOLITAN NASHVILLE POLICE DEPT,20210443694,Davidson,Nashville,8/21/2021 7:15:00 PM,2,0,0,36.248410,-86.742660,I 65,,,,0.00,,,,,,,91.05,N,Not at Intersection,Y,Entrance/Exit Ramp Related,None,,,         ,Philip,Claibourne,Rain,"Sideswipe, Same Direction",no,no,no,no,no,False
103068405,METROPOLITAN NASHVILLE POLICE DEPT,20210443729,Davidson,Nashville,8/21/2021 8:03:00 PM,2,0,0,36.146710,-86.742840,I 40,,,,0.00,,,,,,,212.10,N,Not at Intersection,N,Non-Junction,None,,,         ,Evan,Grace,Rain,Front to Rear,no,no,no,no,yes,False
103068409,METROPOLITAN NASHVILLE POLICE DEPT,20210443732,Davidson,Nashville,8/21/2021 8:43:00 PM,2,0,0,36.137040,-86.795700,17TH AVS,,,,67.00,Feet,North,WEDGEWOOD AV,,,,0.00,N,Not at Intersection, ,,None,,,         ,Dakota,Davis,,,no,no,no,no,no,Campus
103068419,METROPOLITAN NASHVILLE POLICE DEPT,20210443709,Davidson,Nashville,8/21/2021 8:08:00 PM,2,0,0,36.149520,-86.797400,DIVISION ST,,,,185.00,Feet,East,BROADWAY,,,,0.00,N,Not at Intersection, ,Non-Junction,None,,,         ,Travis,Pemberton,Rain,Front to Rear,no,no,no,no,no,False
103068420,METROPOLITAN NASHVILLE POLICE DEPT,20210443648,Davidson,Nashville,8/21/2021 7:20:00 PM,3,1,0,36.142560,-86.736100,I 40,,,,0.00,,,,,,,212.55,N,Not at Intersection,N,Non-Junction,None,,,         ,Christopher,Beery,Rain,Angle,no,no,no,no,no,False
103068432,METROPOLITAN NASHVILLE POLICE DEPT,20210443761,Davidson,Nashville,8/21/2021 9:00:00 PM,1,0,0,36.163090,-86.780130,5TH AVN,,,,34.00,Feet,South,CHURCH ST,,,,0.00,N,Not at Intersection,N,Non-Junction,None,,,         ,Brent,Morris,Rain,Not Collision with Motor Vehicle in Transport,no,no,yes,no,yes,False
103068436,METROPOLITAN NASHVILLE POLICE DEPT,20210443699,Davidson,Nashville,8/21/2021 3:01:00 PM,2,1,0,36.136000,-86.788740,12TH AVS,,,,62.00,Feet,South,WEDGEWOOD AV,,,,0.00,N,Not at Intersection,N,Non-Junction,None,,,         ,Dakota,Davis,Cloudy,Front to Rear,no,no,no,no,yes,False
103068441,METROPOLITAN NASHVILLE POLICE DEPT,20210443702,Davidson,Not in City Limit,8/21/2021 8:08:00 PM,2,1,0,36.308540,-86.681770,GALLATIN PKEN,,,,72.00,Feet,West,RIVERCHASE BLVD,,,,0.00,N,Not at Intersection,N,Non-Junction,None,,,         ,Brandon,Lopez,Rain,Front to Rear,no,no,no,no,no,False
103068453,VANDERBILT UNIVERSITY POLICE,20210440617,Davidson,Nashville,8/19/2021 6:45:00 PM,2,0,0,36.138730,-86.799660,CAPERS AV,,,,252.00,Feet,East,21ST AVS,,,,0.00,N,Not at Intersection, ,Non-Junction,None,,,         ,Orlando,Dixson,,Front to Rear,no,no,no,no,yes,Campus
103068454,GOODLETTSVILLE POLICE DEPT,21-23412,Davidson,Goodlettsville,8/21/2021 8:20:00 PM,1,0,0,36.300810,-86.710830,I 65,,,,0.00,,,,,,,95.20,N,Not at Intersection,Y,Entrance/Exit Ramp Related,None,,,         ,Michael,Morgan,Rain,Not Collision with Motor Vehicle in Transport,no,no,no,no,no,False
103068456,METROPOLITAN NASHVILLE POLICE DEPT,20210443821,Davidson,Nashville,8/21/2021 8:34:00 PM,1,0,0,36.090070,-86.626870,BELL RD,,,,148.00,Feet,West,SMITH SPRINGS RD,,,,0.00,N,Not at Intersection,N,Non-Junction,None,,,         ,Phillip,Burke,,Not Collision with Motor Vehicle in Transport,no,no,no,no,no,False
103068457,METROPOLITAN NASHVILLE POLICE DEPT,20210443736,Davidson,Nashville,8/21/2021 8:32:00 PM,2,0,0,36.068760,-86.716280,HAYWOOD LN,,,,0.00,Feet,,HOPEDALE DR,,,,0.00,Y,T-Intersection,N,Intersection,None,,,         ,Keith,Parlato,Rain,Angle,no,no,no,no,no,False
103068458,METROPOLITAN NASHVILLE POLICE DEPT,20210443789,Davidson,Nashville,8/21/2021 9:09:00 PM,2,0,0,36.152110,-86.690650,ELM HILL PKE,,,,1.00,Feet,North,BRILEY PKWYN,,,,0.00,N,Not at Intersection,N,Non-Junction,None,,,         ,Evan,Grace,,Angle,no,no,no,no,no,False
103068464,METROPOLITAN NASHVILLE POLICE DEPT,20210443788,Davidson,Nashville,8/21/2021 8:33:00 PM,4,1,0,36.084080,-86.709050,EISENHOWER DR,,,,187.00,Feet,East,LEXINGTON DR,,,,0.00,N,Not at Intersection,N,Non-Junction,None,,,         ,Nadine,Klemenz,"Cloudy, Rain","Sideswipe, Same Direction",no,no,no,no,no,False
103068498,METROPOLITAN NASHVILLE POLICE DEPT,20210443651,Davidson,Nashville,8/21/2021 7:00:00 PM,2,0,0,36.177080,-86.605190,I40 E EXT RAMP,,,,0.00,Feet,East,I40 W ENT RAMP,,,,0.00,N,Not at Intersection,N,Non-Junction,None,,,         ,Jason,Kedzierski,Rain,"Sideswipe, Same Direction",no,no,no,no,no,False
103068505,METROPOLITAN NASHVILLE POLICE DEPT,20210443682,Davidson,Nashville,8/21/2021 7:50:00 PM,2,0,0,36.147300,-86.743750,I 40,,,,0.00,,,,,,,212.00,N,Not at Intersection,N,Non-Junction,None,,,         ,William,Burnett,Rain,Front to Rear,no,no,no,no,no,False
103068509,METROPOLITAN NASHVILLE POLICE DEPT,20210443765,Davidson,Nashville,8/21/2021 7:21:00 PM,1,0,0,36.244000,-86.767610,CHESAPEAKE DR,,,,69.00,Feet,South,TRAILWAY CIR,,,,0.00,N,Not at Intersection,N,Non-Junction,None,,,         ,Miles,Posey,Cloudy,Not Collision with Motor Vehicle in Transport,no,no,no,no,yes,False
103068520,METROPOLITAN NASHVILLE POLICE DEPT,20210443935,Davidson,Nashville,8/21/2021 12:00:00 AM,1,0,0,36.070620,-86.690080,I24 W ENT RAMP,,,,0.00,Feet,East,I 24,,,,0.00,N,Not at Intersection,N,Non-Junction,None,,,         ,Clayton,Smith,Rain,Unknown,no,no,no,no,yes,False
103068521,METROPOLITAN NASHVILLE POLICE DEPT,20210443763,Davidson,Nashville,8/21/2021 9:07:00 PM,1,0,0,36.206670,-86.777130,I65 S ENT RAMP,,,,0.00,Feet,East,I 65,,,,0.00,N,Not at Intersection, ,,Unknown,,,         ,Nicolas,Pernell,,,no,no,no,no,no,False
103068523,METROPOLITAN NASHVILLE POLICE DEPT,20210443956,Davidson,Nashville,8/21/2021 11:45:00 PM,2,1,0,36.253490,-86.716600,GALLATIN PKES,,,,114.00,Feet,North,MADISON SQ,,,,0.00,N,Not at Intersection,N,Non-Junction,None,,,         ,Nicholas,Berry,Clear,Front to Rear,no,no,no,no,no,False
103068529,METROPOLITAN NASHVILLE POLICE DEPT,20210444029,Davidson,Nashville,8/21/2021 11:59:00 PM,2,0,0,36.159500,-86.780700,BROADWAY,,,,68.00,Feet,East,7TH AVN,,,,0.00,N,Not at Intersection,N,Non-Junction,None,,,         ,Benjamin,Cantrell,Clear,Angle,no,no,no,no,yes,False
103068532,METROPOLITAN NASHVILLE POLICE DEPT,20210443975,Davidson,Nashville,8/21/2021 9:46:00 PM,2,0,0,36.062660,-86.630800,HAMILTON CHURCH RD,,,,0.00,,,HAMILTON CROSSINGS,,,,0.00,Y,Four-Way, ,Non-Junction,None,,,         ,Ronald,Conner,Rain,Angle,no,no,no,no,no,False
103068542,VANDERBILT UNIVERSITY POLICE,20210443887,Davidson,Nashville,8/21/2021 10:24:00 PM,1,0,0,36.142850,-86.808270,JESS NEELY DR,,,,0.00,,,,,,,0.00,,, ,Non-Junction,None,,,         ,Caleb,Helson,Clear,Not Collision with Motor Vehicle in Transport,no,no,no,yes,no,Campus
103068543,METROPOLITAN NASHVILLE POLICE DEPT,20210443857,Davidson,Nashville,8/21/2021 9:09:00 PM,2,0,0,36.111160,-86.755230,THOMPSON LN,,,,0.00,,,SIDCO DR,,,,0.00,Y,Four-Way,Y,Intersection,None,,,         ,Sierra,Walker,Rain,Front to Rear,no,no,no,no,no,False
103068547,METROPOLITAN NASHVILLE POLICE DEPT,20210444063,Davidson,Nashville,8/22/2021 12:00:00 AM,2,0,0,36.065560,-86.680110,ANTIOCH PKE,,,,0.00,,,REEVES RD,,,,0.00,Y,T-Intersection, ,,None,,,         ,Clayton,Smith,,,no,no,no,no,no,False
103068553,METROPOLITAN NASHVILLE POLICE DEPT,20210443959,Davidson,Nashville,8/21/2021 11:45:00 PM,2,1,0,36.062660,-86.630800,HAMILTON CHURCH RD,,,,0.00,,,HAMILTON CROSSINGS,,,,0.00,Y,Four-Way,N,Intersection,None,,,         ,Lisa,Beck,"Cloudy, Rain",Angle,no,no,no,no,no,False
103068559,METROPOLITAN NASHVILLE POLICE DEPT,20210443672,Davidson,Nashville,8/21/2021 7:41:00 PM,2,1,0,36.153900,-86.625640,STEWARTS FERRY PKE,,,,0.00,,,PERCY PRIEST DR,,,,0.00,Y,Four-Way,N,Intersection-Related,None,,,         ,Mary,Robinson,Rain,Angle,no,no,no,no,no,False
103068560,METROPOLITAN NASHVILLE POLICE DEPT,20210443897,Davidson,Nashville,8/21/2021 10:40:00 PM,4,1,0,36.158850,-86.845060,MICHIGAN AV,,,,0.00,Feet,,48TH AVN,,,,0.00,Y,Four-Way,N,Intersection,None,,,         ,John,Robish,Rain,Angle,no,no,no,no,yes,False
103068569,METROPOLITAN NASHVILLE POLICE DEPT,20210443873,Davidson,Nashville,8/21/2021 10:00:00 PM,2,0,0,36.185220,-86.754360,MCFERRIN AV,,,,29.00,Feet,South,CHICAMAUGA AV,,,,0.00,N,Not at Intersection,N,Non-Junction,None,,,         ,Peter,Kinsey,Cloudy,Angle,no,no,no,no,yes,False
103068570,METROPOLITAN NASHVILLE POLICE DEPT,20210444074,Davidson,Nashville,8/22/2021 12:43:00 AM,1,1,0,36.149870,-86.797740,BROADWAY,,,,125.00,Feet,North,20TH AVS,,,,0.00,N,Not at Intersection,N,Non-Junction,None,,,         ,Sierra,Walker,Clear,Not Collision with Motor Vehicle in Transport,no,no,no,no,no,False
103068572,METROPOLITAN NASHVILLE POLICE DEPT,20210444157,Davidson,Nashville,8/22/2021 1:48:00 AM,2,4,0,36.191450,-86.799250,ROSA L PARKS BLVD,,,,182.00,Feet,North,VANTAGE WAY CT,,,,0.00,N,Not at Intersection,N,Non-Junction,None,,,         ,Rachel,Susee,Clear,Front to Rear,no,no,no,no,no,False
103068573,METROPOLITAN NASHVILLE POLICE DEPT,20210444177,Davidson,Nashville,8/21/2021 10:30:00 PM,1,0,0,36.087500,-86.627770,BELL RD,,,,384.00,Feet,West,NASHBORO BLVD,,,,0.00,N,Not at Intersection, ,,None,,,         ,Samuel,Fredericks,,,no,no,no,no,no,False
103068575,METROPOLITAN NASHVILLE POLICE DEPT,20210444013,Davidson,Nashville,8/22/2021 12:15:00 AM,1,2,0,36.175800,-86.594520,TULIP GROVE RD,,,,0.00,Feet,,ROCKWOOD DR,,,,0.00,Y,T-Intersection,N,Intersection-Related,None,,,         ,Jason,Kedzierski,Clear,Not Collision with Motor Vehicle in Transport,no,no,no,no,yes,False
103068577,METROPOLITAN NASHVILLE POLICE DEPT,20210444024,Davidson,Nashville,8/22/2021 12:18:00 AM,3,2,0,36.094020,-86.706280,I 24,,,,0.00,,,,,,,55.05,N,Not at Intersection,N,Non-Junction,None,,,         ,Teresah,Pinho,Clear,Front to Rear,no,no,no,no,no,False
103068600,METROPOLITAN NASHVILLE POLICE DEPT,20210444264,Davidson,Nashville,8/22/2021 3:25:00 AM,2,1,0,36.229130,-86.759320,DICKERSON PKE,,,,100.00,Feet,South,BROADMOOR DR,,,,0.00,N,Not at Intersection,N,OtherLocation,None,,,         ,Jarrett,Ipox,"Cloudy, Rain",Not Collision with Motor Vehicle in Transport,yes,no,no,no,yes,False
103068603,METROPOLITAN NASHVILLE POLICE DEPT,20210444168,Davidson,Nashville,8/22/2021 12:00:00 AM,2,1,0,36.235650,-86.785880,I 24,,,,0.00,,,,,,,43.60,N,Not at Intersection,Y,Entrance/Exit Ramp Related,None,,,         ,Jacob,Ross,Clear,Front to Rear,no,no,no,no,no,False
103068604,METROPOLITAN NASHVILLE POLICE DEPT,20210444233,Davidson,Nashville,8/22/2021 12:00:00 AM,2,0,0,36.068060,-86.669050,BOWFIELD DR,,,,0.00,Feet,East,DOWDY DR,,,,0.00,N,Not at Intersection,N,Non-Junction,None,,,         ,Clayton,Smith,Rain,Angle,no,no,no,no,no,False
103068612,METROPOLITAN NASHVILLE POLICE DEPT,20210444287,Davidson,Nashville,8/22/2021 12:00:00 AM,1,0,0,36.125400,-86.905500,I 40,,,,0.00,,,,,,,200.55,N,Not at Intersection,N,Non-Junction,None,,,         ,Lynsey,Fish,Cloudy,Not Collision with Motor Vehicle in Transport,no,no,no,no,no,False
103068613,METROPOLITAN NASHVILLE POLICE DEPT,20210443967,Davidson,Nashville,8/22/2021 12:00:00 AM,2,2,0,36.174430,-86.606050,I40 W ENT RAMP,,,,0.00,,,CENTRAL PKE,,,,0.00,Y,OTHER,N,Non-Junction,None,,,         ,Nelson,Hemingway,Clear,Not Collision with Motor Vehicle in Transport,no,no,no,no,yes,False
103068617,GOODLETTSVILLE POLICE DEPT,21-23442,Davidson,Goodlettsville,8/22/2021 1:58:00 AM,1,1,0,36.303010,-86.709640,VIETNAM VETERANS BLVDS,,,,1305.00,Feet,East,VIETNAM VETERANS BLVDN,,,,0.00,N,Not at Intersection,N,Non-Junction,None,,,         ,Nicholas,Given,Cloudy,Not Collision with Motor Vehicle in Transport,no,no,no,no,no,False
103068622,METROPOLITAN NASHVILLE POLICE DEPT,20210444211,Davidson,Nashville,8/22/2021 2:11:00 AM,2,2,0,36.158020,-86.790270,I40 W EXT RAMP,,,,0.00,Feet,,I 40,,,,0.00,Y,Y-Intersection,N,Intersection,None,,,         ,John,Jones,Clear,Front to Rear,no,no,no,no,no,False