master_record_number,agency,agency_tracking_number,county,city,collision_date,vehicles_involved,number_injured,number_dead,latitude,longitude,roadway_name,roadway_suffix,roadway_number,roadway_local_id,distance_from_reference,miles-feet_indicator,direction_from_reference,intersection_road_name,intersection_road_name_suffix,intersection_road_number,intersection_local_id,mile_marker,intersection_indicator,intersect_type,interchange_related_indicator,relation_to_junction,work_zone_type,construction_maintenance_zone,construction_maintenance_zone_location,fatal_case_number,officer_first_name,officer_last_name,weather_condition(s),manner_of_crash,pedestrian,bicycle,scooter,parking,hitrun,mou
103072209,METROPOLITAN NASHVILLE POLICE DEPT,20210451446,Davidson,Nashville,8/26/2021 11:01:00 AM,2,0,0,36.183070,-86.798400,I65 N EXT RAMP,,,,0.00,Feet,East,I 65,,,,0.00,N,Not at Intersection,N,Entrance/Exit Ramp Related,None,,,         ,Jeffrey,Palomino-Gonzalez,Clear,"Sideswipe, Same Direction",no,no,no,no,no,False
103072221,METROPOLITAN NASHVILLE POLICE DEPT,20210451420,Davidson,Antioch,8/26/2021 10:25:00 AM,2,0,0,36.012470,-86.620900,OLD HICKORY BLVD,,,,132.00,Feet,South,I24 E ENT RAMP,,,,0.00,N,Not at Intersection,N,Non-Junction,None,,,         ,Sandra,Fly,Clear,Not Collision with Motor Vehicle in Transport,no,no,no,yes,yes,False
103072239,METROPOLITAN NASHVILLE POLICE DEPT,20210451309,Davidson,Nashville,8/26/2021 9:28:00 AM,2,1,0,36.221700,-86.761670,HART LN,,,,0.00,,,DICKERSON PKE,,,,0.00,Y,T-Intersection,N,Intersection,None,,,         ,Emelie,Skye,Clear,Angle,no,no,no,no,no,False
103072245,METROPOLITAN NASHVILLE POLICE DEPT,20210451540,Davidson,Not in City Limit,8/26/2021 12:01:00 PM,2,1,0,36.279350,-86.708830,GALLATIN PKEN,,,,0.00,,,ONE MILE PKWY,,,,0.00,Y,Four-Way,N,Intersection,None,,,         ,Christopher,Littles,Clear,Angle,no,no,no,no,no,False
103072246,METROPOLITAN NASHVILLE POLICE DEPT,20210451594,Davidson,Nashville,8/26/2021 12:36:00 PM,2,0,0,36.238810,-86.723860,GALLATIN PKES,,,,0.00,,,WALTON LN,,,,0.00,Y,T-Intersection, ,Intersection,None,,,         ,Christopher,Littles,Clear,Front to Rear,no,no,no,no,no,False
103072273,METROPOLITAN NASHVILLE POLICE DEPT,20210451636,Davidson,Not in City Limit,8/26/2021 1:05:00 PM,3,1,0,36.263100,-86.712290,OLD HICKORY BLVDW,,,,90.00,Feet,East,OLD TIME VILLAGE PVTDR,,,,0.00,N,Not at Intersection,N,Non-Junction,None,,,         ,Brian,Otto,Clear,Front to Rear,no,no,no,no,no,False
103072287,METROPOLITAN NASHVILLE POLICE DEPT,20210451616,Davidson,Not in City Limit,8/26/2021 12:45:00 PM,2,2,0,36.264150,-86.691470,STATE RT 45,,,,0.00,Feet,,MCARTHUR DR,,,,0.00,Y,Four-Way,N,Intersection,None,,,         ,Eric,Richardson,Clear,Angle,no,no,no,no,no,False
103072329,METROPOLITAN NASHVILLE POLICE DEPT,20210451644,Davidson,Nashville,8/26/2021 12:17:00 PM,2,0,0,36.225850,-86.862840,BRILEY PKWYW,,,,1096.00,Feet,East,BRILEY PKWYE,,,,0.00,N,Not at Intersection, ,Non-Junction,None,,,         ,Ronald,Bright,Cloudy,"Sideswipe, Same Direction",no,no,no,no,no,False
103072351,VANDERBILT UNIVERSITY POLICE,20210451593,Davidson,Nashville,8/26/2021 12:27:00 PM,2,2,0,36.150310,-86.797250,LYLE AV,,,,0.00,,,BROADWAY,,,,0.00,Y,Four-Way,N,Intersection,Construction Zone,Work On Shoulder Or Median,Unknown,         ,Christopher,Dion,,Angle,no,no,no,no,no,False
103072352,METROPOLITAN NASHVILLE POLICE DEPT,20210451724,Davidson,Nashville,8/26/2021 2:08:00 PM,1,0,0,36.124640,-86.749630,HESTER AV,,,,521.00,Feet,South,GLENROSE AV,,,,0.00,N,Not at Intersection, ,,None,,,         ,Burton,Beeson,,,no,no,no,no,no,False
103072353,METROPOLITAN NASHVILLE POLICE DEPT,20210451726,Davidson,Not in City Limit,8/26/2021 2:09:00 PM,2,1,0,36.262340,-86.710780,E OLD HICKORY BLVD,,,,426.00,Feet,East,GALLATIN PKES,,,,0.00,N,Not at Intersection,N,Non-Junction,None,,,         ,Christopher,Littles,Clear,"Sideswipe, Same Direction",no,no,no,no,no,False
103072356,METROPOLITAN NASHVILLE POLICE DEPT,20210451717,Davidson,Nashville,8/26/2021 2:00:00 PM,2,0,0,36.045300,-86.701680,BELL RD,,,,0.00,,,BENZING RD,,,,0.00,Y,Four-Way, ,,None,,,         ,Kaytlin,huyler,,,no,no,no,no,no,False
103072357,METROPOLITAN NASHVILLE POLICE DEPT,20210451661,Davidson,Nashville,8/26/2021 1:26:00 PM,2,2,0,36.255010,-86.715230,MADISON BLVD,,,,0.00,,,GALLATIN PKES,,,,0.00,Y,Four-Way,N,Intersection-Related,None,,,         ,Wesley,Mcclelland,Clear,Angle,no,no,no,no,no,False
103072412,METROPOLITAN NASHVILLE POLICE DEPT,20210451709,Davidson,Not in City Limit,8/26/2021 1:58:00 PM,1,1,0,36.271710,-86.843580,OLD HICKORY BLVD,,,,1638.00,Feet,South,HUNTLAND DR,,,,0.00,N,Not at Intersection,N,Non-Junction,None,,,         ,Jeanine,Sarno,Clear,Not Collision with Motor Vehicle in Transport,no,no,no,no,no,False
103072413,METROPOLITAN NASHVILLE POLICE DEPT,20210451753,Davidson,Nashville,8/26/2021 1:37:00 PM,2,3,0,36.173590,-86.602150,CENTRAL PKE,,,,0.00,,,OLD HICKORY BLVD,,,,0.00,Y,Four-Way,N,Intersection,None,,,         ,Michael,Dance,Clear,Front to Rear,no,no,no,no,no,False
103072421,METROPOLITAN NASHVILLE POLICE DEPT,20210451698,Davidson,Nashville,8/26/2021 1:39:00 PM,2,0,0,36.040010,-86.743470,OLD HICKORY BLVD,,,,0.00,,,EDMONDSON PKE,,,,0.00,Y,Four-Way, ,,None,,,         ,Earl,Davis,,,no,no,no,no,no,False
103072426,METROPOLITAN NASHVILLE POLICE DEPT,2021-0451682,Davidson,Nashville,8/26/2021 1:00:00 PM,2,0,0,36.163500,-86.793840,I40 E EXT RAMP,,,,51.00,Feet,North,I 40,,,,0.00,N,Not at Intersection, ,Entrance/Exit Ramp Related,None,,,         ,Jeffrey,Palomino-Gonzalez,Clear,Angle,no,no,no,no,no,False
103072467,METROPOLITAN NASHVILLE POLICE DEPT,20210451824,Davidson,Nashville,8/26/2021 3:20:00 PM,1,0,0,36.188880,-86.821300,ROSA L PARKS BLVD,,,,334.00,Feet,North,CLARKSVILLE PKE,,,,0.00,N,Not at Intersection,N,Non-Junction,None,,,         ,Keegan,Winchell,Clear,Not Collision with Motor Vehicle in Transport,no,no,no,no,no,False
103072522,METROPOLITAN NASHVILLE POLICE DEPT,20210451857,Davidson,Nashville,8/26/2021 12:00:00 AM,2,0,0,36.192380,-86.727080,PORTER RD,,,,336.00,Feet,South,MCKENNELL DR,,,,0.00,N,Not at Intersection,N,Non-Junction,None,,,         ,Justen,Ogle,Clear,Front to Rear,no,no,no,yes,yes,False
103072528,BELLE MEADE POLICE DEPT,21-0179,Davidson,Nashville,8/26/2021 1:16:00 PM,2,0,0,36.095850,-86.856780,HARDING PL,,,,0.00,,,BELLE MEADE BLVD,,,,0.00,Y,Four-Way, ,Intersection,None,,,         ,Michael,Germany,Clear,Angle,no,no,no,no,no,False
103072530,METROPOLITAN NASHVILLE POLICE DEPT,2021-0451318,Davidson,Nashville,8/26/2021 9:45:00 AM,2,0,0,36.134020,-86.722560,MURFREESBORO PKE,,,,0.00,,,PLUS PARK BLVD,,,,0.00,Y,T-Intersection, ,Intersection,None,,,         ,Charles,Large,Clear,Front to Rear,no,no,no,no,no,False
103072531,METROPOLITAN NASHVILLE POLICE DEPT,20210451702,Davidson,Nashville,8/26/2021 1:11:00 PM,2,1,0,36.201140,-86.617610,TYLER DR,,,,54.00,Feet,East,LEBANON PKE,,,,0.00,N,Not at Intersection,N,Non-Junction,None,,,         ,Rex,Engelbert,Clear,Angle,no,no,no,no,no,False
103072534,METROPOLITAN NASHVILLE POLICE DEPT,20210451844,Davidson,Nashville,8/26/2021 3:12:00 PM,2,0,0,36.158470,-86.781830,8TH AVS,,,,174.00,Feet,South,ROSA L PARKS BLVD,,,,0.00,N,Not at Intersection, ,Non-Junction,None,,,         ,Nicolas,Pernell,Clear,Angle,no,no,no,no,no,False
103072556,METROPOLITAN NASHVILLE POLICE DEPT,20210451859,Davidson,Nashville,8/26/2021 12:00:00 AM,2,0,0,36.141660,-86.793460,16TH AVS,,,,337.00,Feet,North,HORTON AV,,,,0.00,N,Not at Intersection,N,Non-Junction,None,,,         ,Wyatt,Blacker,Cloudy,Angle,no,no,no,no,no,False
103072565,METROPOLITAN NASHVILLE POLICE DEPT,20210451919,Davidson,Nashville,8/26/2021 4:19:00 PM,1,1,0,36.187910,-86.794400,I 65,,,,0.00,,,,,,,85.45,N,Not at Intersection,N,Non-Junction,None,,,         ,Michael,Suagua,Clear,Not Collision with Motor Vehicle in Transport,no,no,no,no,no,False
103072586,METROPOLITAN NASHVILLE POLICE DEPT,20210451926,Davidson,Nashville,8/26/2021 4:27:00 PM,2,0,0,36.233170,-86.814710,WHITES CREEK PKE,,,,0.00,,,BRILEY PKWY E ENT RAMP,,,,0.00,Y,Four-Way, ,Intersection,None,,,         ,Gabriel,Centeno,Clear,"Sideswipe, Same Direction",no,no,no,no,no,False
103072593,METROPOLITAN NASHVILLE POLICE DEPT,20210451944,Davidson,Nashville,8/26/2021 3:30:00 PM,2,0,0,36.134230,-86.774210,WEDGEWOOD AV,,,,56.00,Feet,West,LINDELL AV,,,,0.00,N,Not at Intersection, ,Non-Junction,None,,,         ,Nathan,Sizemore,Clear,Angle,no,no,no,no,no,False
103072606,METROPOLITAN NASHVILLE POLICE DEPT,20210451924,Davidson,Nashville,8/26/2021 4:35:00 PM,3,1,0,36.206590,-86.777580,W TRINITY LN,,,,100.00,Feet,East,BRICK CHURCH PKE,,,,0.00,N,Not at Intersection,N,Non-Junction,None,,,         ,Jackson,Sanders,Clear,Angle,no,no,no,no,no,False
103072608,METROPOLITAN NASHVILLE POLICE DEPT,20210451955,Davidson,Nashville,8/26/2021 5:04:00 PM,2,1,0,36.237780,-86.787150,I24 E EXT RAMP,,,,0.00,,,I 24,,,,0.00,Y,T-Intersection,Y,Entrance/Exit Ramp Related,None,,,         ,Gabriel,Centeno,Clear,Front to Rear,no,no,no,no,no,False
103072613,THP District 3 - Nashville,321058379,Davidson,Nashville,8/26/2021 6:00:00 AM,2,1,0,36.033060,-86.783530,I 65,,,,0.00,,,,,,,74.15,N,Not at Intersection,N,Non-Junction,None,,,         ,Walter,Roth,Clear,"Sideswipe, Same Direction",no,no,no,no,no,False
103072626,METROPOLITAN NASHVILLE POLICE DEPT,20210451982,Davidson,Nashville,8/26/2021 5:20:00 PM,1,1,0,36.229110,-86.725140,GALLATIN PKE,,,,0.00,,,BROADMOOR DR,,,,0.00,Y,T-Intersection,N,Intersection,None,,,         ,Cooper,HIll,Clear,Not Collision with Motor Vehicle in Transport,no,yes,no,no,no,False
103072627,METROPOLITAN NASHVILLE POLICE DEPT,20210451993,Davidson,Nashville,8/26/2021 3:20:00 PM,2,0,0,36.183350,-86.748570,GALLATIN AV,,,,0.00,,,W EASTLAND AV,,,,0.00,Y,T-Intersection, ,Intersection,None,,,         ,Jeremy,Smith,Clear,Angle,no,no,no,no,no,False
103072629,METROPOLITAN NASHVILLE POLICE DEPT,20210451813,Davidson,Nashville,8/26/2021 1:38:00 PM,2,0,0,36.130290,-86.904740,CHARLOTTE PKE PVTDR,,,,36.00,Feet,North,BROOKMEADE GRNWY ACCESS RD,,,,0.00,N,Not at Intersection,N,Non-Junction,None,,,         ,Jeremy,Huffine,Clear,Angle,no,no,no,yes,yes,False
103072651,METROPOLITAN NASHVILLE POLICE DEPT,20210452010,Davidson,Nashville,8/26/2021 4:38:00 PM,2,0,0,36.043990,-86.668340,ARBOR COMMON,,,,204.00,Feet,North,ARBOR PL,,,,0.00,N,Not at Intersection,N,Non-Junction,None,,,         ,Gabriel,Hamilton,Clear,Front to Rear,no,no,no,no,yes,False
103072675,METROPOLITAN NASHVILLE POLICE DEPT,20210451795,Davidson,Nashville,8/26/2021 12:35:00 PM,2,0,0,36.151690,-86.677000,ROYAL PKWY,,,,0.00,,,EMERY DR,,,,0.00,Y,Four-Way, ,Non-Junction,None,,,         ,Ashley,Kappenmacher,Clear,Front to Rear,no,no,no,no,no,False
103072677,METROPOLITAN NASHVILLE POLICE DEPT,20210452079,Davidson,Nashville,8/26/2021 6:08:00 PM,2,0,0,36.081540,-86.759960,HARDING PL,,,,501.00,Feet,West,TROUSDALE DR,,,,0.00,N,Not at Intersection, ,Non-Junction,None,,,         ,Brady,Reynolds,Cloudy,Front to Rear,no,no,no,no,no,False
103072683,METROPOLITAN NASHVILLE POLICE DEPT,20210452085,Davidson,Nashville,8/26/2021 6:45:00 PM,1,0,0,36.195820,-86.775570,I 65,,,,0.00,,,,,,,86.55,N,Not at Intersection,N,Non-Junction,None,,,         ,Zachary,Carter,Cloudy,Not Collision with Motor Vehicle in Transport,no,no,no,no,no,False
103072718,METROPOLITAN NASHVILLE POLICE DEPT,20210452152,Davidson,Nashville,8/26/2021 7:29:00 PM,1,1,0,36.149050,-86.780410,I 40,,,,0.00,,,,,,,209.75,N,Not at Intersection,N,Non-Junction,None,,,         ,Nicholas,Kiraly,Rain,Not Collision with Motor Vehicle in Transport,no,no,no,no,no,False
103072721,METROPOLITAN NASHVILLE POLICE DEPT,20210451438,Davidson,Nashville,8/26/2021 10:57:00 AM,2,0,0,36.109390,-86.922490,OLD HICKORY BLVD,,,,160.00,Feet,South,SONYA DR,,,,0.00,N,Not at Intersection,N,Non-Junction,None,,,         ,Michael,Brickman,Clear,Angle,no,no,no,no,no,False
103072727,METROPOLITAN NASHVILLE POLICE DEPT,20210452139,Davidson,Nashville,8/26/2021 7:28:00 PM,2,1,0,36.188940,-86.792920,I 65,,,,0.00,,,,,,,85.55,N,Not at Intersection,N,Non-Junction,None,,,         ,Jerica,Gladston,Rain,Not Collision with Motor Vehicle in Transport,no,no,no,no,no,False
103072729,TENNESSEE STATE UNIVERSITY ,21-TSU-30241,Davidson,Nashville,8/26/2021 12:00:00 AM,1,0,0,36.170900,-86.824370,SCHRADER LN,,,,454.00,Feet,West,SCHRADER ACRES DR,,,,0.00,N,Not at Intersection, ,Unknown,Unknown,,,         ,Horace,Green,Unknown,Unknown,no,no,no,yes,no,False
103072730,METROPOLITAN NASHVILLE POLICE DEPT,20210452146,Davidson,Nashville,8/26/2021 7:33:00 PM,2,1,0,36.137860,-86.820640,WEST END AV,,,,0.00,,,I440 W EXT RAMP,,,,0.00,Y,OTHER,Y,Entrance/Exit Ramp Related,None,,,         ,Eric,Westbrook,Rain,Angle,no,no,no,no,no,False
103072733,METROPOLITAN NASHVILLE POLICE DEPT,20210451880,Davidson,Nashville,8/26/2021 12:00:00 AM,1,1,0,36.153510,-86.857470,I40 W EXT RAMP,,,,0.00,Feet,East,BRILEY PKWY S EXT RAMP,,,,0.00,N,Not at Intersection,N,Non-Junction,None,,,         ,Maria,Reynolds,Clear,Not Collision with Motor Vehicle in Transport,no,no,no,no,no,False
103072734,METROPOLITAN NASHVILLE POLICE DEPT,20210451816,Davidson,Nashville,8/26/2021 12:00:00 AM,2,0,0,36.095500,-86.825180,BURTON HILLS BLVD,,,,70.00,Feet,East,HILLSBORO PKE,,,,0.00,N,Not at Intersection, ,Non-Junction,None,,,         ,Maria,Reynolds,Clear,Angle,no,no,no,no,no,False
103072735,METROPOLITAN NASHVILLE POLICE DEPT,20210452008,Davidson,Nashville,8/26/2021 12:00:00 AM,2,3,0,36.149150,-86.857910,WHITE BRIDGE PKE,,,,266.00,Feet,North,LENOX AV,,,,0.00,N,Not at Intersection,N,Non-Junction,None,,,         ,Maria,Reynolds,Clear,Angle,no,no,no,no,no,False
103072747,METROPOLITAN NASHVILLE POLICE DEPT,20210452225,Davidson,Nashville,8/26/2021 8:30:00 PM,2,0,0,36.182850,-86.799240,I 65,,,,0.00,,,,,,,85.00,N,Not at Intersection,N,Non-Junction,None,,,         ,Daniel,Kallman,Rain,Front to Rear,no,no,no,no,yes,False
103072752,METROPOLITAN NASHVILLE POLICE DEPT,20210452110,Davidson,Goodlettsville,8/26/2021 7:12:00 PM,2,0,0,36.293300,-86.700520,RIVERGATE STATION PVTDR,,,,0.00,Feet,East,RIVERGATE INDUSTRIAL PARK PVTD,,,,0.00,N,Not at Intersection,N,Non-Junction,None,,,         ,Derek,Sibley,Cloudy,Angle,no,no,no,yes,no,False
103072759,METROPOLITAN NASHVILLE POLICE DEPT,20210452129,Davidson,Nashville,8/26/2021 12:00:00 AM,1,1,0,36.152860,-86.853710,I40 E ENT RAMP,,,,0.00,Feet,East,I 40,,,,0.00,N,Not at Intersection,Y,Non-Junction,None,,,         ,Maria,Reynolds,Clear,Not Collision with Motor Vehicle in Transport,no,no,no,no,no,False
103072799,METROPOLITAN NASHVILLE POLICE DEPT,20210452090,Davidson,Not in City Limit,8/26/2021 7:00:00 PM,2,0,0,36.264450,-86.732310,OLD HICKORY BLVDW,,,,7.00,Feet,West,N GRAYCROFT AV,,,,0.00,N,Not at Intersection, ,Non-Junction,None,,,         ,Alexander,Hartle,Clear,Unknown,no,no,no,no,no,False
103072800,METROPOLITAN NASHVILLE POLICE DEPT,20210452034,Davidson,Nashville,8/26/2021 5:57:00 PM,2,0,0,36.144600,-86.697660,I40 W ENT RAMP,,,,0.00,Feet,East,I 40,,,,0.00,N,Not at Intersection,N,Non-Junction,None,,,         ,Zachariah,Bush,Clear,"Sideswipe, Same Direction",no,no,no,no,yes,False
103072806,METROPOLITAN NASHVILLE POLICE DEPT,20210452163,Davidson,Antioch,8/26/2021 7:48:00 PM,2,1,0,36.062755,-86.608190,HAMILTON CHURCH RD,,,,0.00,,,MT VIEW RD,,,,0.00,Y,Four-Way,N,Intersection,None,,,         ,Matthew,Swindell,Clear,Angle,no,no,no,no,no,False
103072807,METROPOLITAN NASHVILLE POLICE DEPT,20210452196,Davidson,Madison,8/26/2021 8:03:00 PM,2,0,0,36.272780,-86.710160,GALLATIN PKEN,,,,0.00,,,NESBITT LN,,,,0.00,Y,T-Intersection, ,Intersection-Related,None,,,         ,Dylan,Bradley,Clear,Angle,no,no,no,no,no,False
103072809,METROPOLITAN NASHVILLE POLICE DEPT,20210452273,Davidson,Nashville,8/26/2021 9:20:00 PM,2,1,0,36.205890,-86.768610,E TRINITY LN,,,,0.00,,,DICKERSON PKE,,,,0.00,Y,Four-Way,N,Intersection-Related,None,,,         ,Justen,Ogle,Clear,Front to Rear,no,no,no,no,no,False
103072815,METROPOLITAN NASHVILLE POLICE DEPT,20210452009,Davidson,Nashville,8/26/2021 3:41:00 PM,3,0,0,36.234650,-86.717490,BRILEY PKWYW,,,,192.00,Feet,West,TANGLEWOOD CT,,,,0.00,N,Not at Intersection,N,Non-Junction,None,,,         ,Zachary,Aldrich,Cloudy,"Sideswipe, Same Direction",no,no,no,no,yes,False
103072822,METROPOLITAN NASHVILLE POLICE DEPT,20210452293,Davidson,Nashville,8/26/2021 8:51:00 PM,2,0,0,36.205660,-86.765770,E TRINITY LN,,,,0.00,,,MERIDIAN ST,,,,0.00,Y,T-Intersection,N,Intersection,None,,,         ,Randy,Puckett,Clear,Angle,no,no,no,no,yes,False
103072827,METROPOLITAN NASHVILLE POLICE DEPT,20210452210,Davidson,Nashville,8/26/2021 7:40:00 PM,3,0,0,36.102240,-86.718740,TWIN OAKS PVTDR,,,,512.00,Feet,North,TWIN OAKS CT,,,,0.00,N,Not at Intersection, ,Non-Junction,None,,,         ,John,Walden,Rain,HeadOn,no,no,no,yes,yes,False
103072840,METROPOLITAN NASHVILLE POLICE DEPT,20210451998,Davidson,Nashville,8/26/2021 5:30:00 PM,2,0,0,36.105850,-86.813870,HILLSBORO PKE,,,,0.00,,,ABBOTT MARTIN RD,,,,0.00,Y,OTHER, ,,None,,,         ,Matthew,Turppa,,,no,no,no,no,no,False
103072841,METROPOLITAN NASHVILLE POLICE DEPT,20210452296,Davidson,Nashville,8/26/2021 9:49:00 PM,1,1,0,36.222680,-86.915150,OLD HICKORY BLVD,,,,235.00,Feet,North,OLD HICKORY BLVD PVTDR,,,,0.00,N,Not at Intersection,N,Non-Junction,None,,,         ,Gabriel,Centeno,Cloudy,Not Collision with Motor Vehicle in Transport,no,no,no,no,no,False
103072844,METROPOLITAN NASHVILLE POLICE DEPT,20210452052,Davidson,Nashville,8/26/2021 3:25:00 PM,2,0,0,36.151270,-86.691610,ELM HILL PKE,,,,0.00,,,ELM HILL PKE EB EXT RAMP,,,,0.00,Y,Four-Way,N,Intersection,None,,,         ,Michael,Fox,Clear,Angle,no,no,no,no,no,False
103072874,METROPOLITAN NASHVILLE POLICE DEPT,20210452271,Davidson,Nashville,8/26/2021 8:10:00 PM,1,0,0,36.072390,-86.920740,OLD HICKORY BLVD,,,,760.00,Feet,South,HIGHWAY 70S,,,,0.00,N,Not at Intersection,N,Non-Junction,None,,,         ,Michael,Sipos,Cloudy,Not Collision with Motor Vehicle in Transport,no,no,no,no,no,False
103072886,TENNESSEE STATE UNIVERSITY ,21-TSU-30506,Davidson,Nashville,8/26/2021 2:55:00 PM,2,0,0,36.167130,-86.826950,JOHN A MERRITT BLVD,,,,0.00,,,33RD AVN,,,,0.00,Y,OTHER, ,Non-Junction,None,,,         ,Harold,Taylor,Cloudy,"Sideswipe, Same Direction",no,no,no,yes,no,False
103072891,METROPOLITAN NASHVILLE POLICE DEPT,20210452195,Davidson,Nashville,8/26/2021 8:19:00 PM,3,3,0,36.120830,-86.703590,MURFREESBORO PKE,,,,0.00,Feet,,GLENGARRY DR,,,,0.00,Y,Four-Way,Y,Intersection-Related,None,,,         ,Dontaveous,Eubanks,Clear,Angle,no,no,no,no,no,False
103072893,THP District 3 - Nashville,321058038,Davidson,Nashville,8/26/2021 2:00:00 PM,1,0,0,36.173100,-86.647540,YMCA CNCTR,,,,259.00,Feet,South,LEBANON PKE,,,,0.00,N,Not at Intersection, ,Non-Junction,None,,,         ,Nicholas,Lang,Clear,Not Collision with Motor Vehicle in Transport,no,no,no,no,no,False
103072940,METROPOLITAN NASHVILLE POLICE DEPT,20210452429,Davidson,Nashville,8/26/2021 10:57:00 PM,2,0,0,36.142800,-86.744360,MURFREESBORO PKE,,,,0.00,,,FESSLERS LN,,,,0.00,Y,Four-Way,N,Intersection,None,,,         ,Ryan,Malone,Clear,"Sideswipe, Same Direction",no,no,no,no,yes,False
103072977,TENNESSEE STATE UNIVERSITY ,21-TSU--30247,Davidson,Nashville,8/26/2021 12:00:00 AM,2,0,0,36.165540,-86.826580,33RD AVN,,,,257.00,Feet,South,CLOVER ST,,,,0.00,N,Not at Intersection, ,Unknown,None,,,         ,Horace,Green,Unknown,Unknown,no,no,no,yes,yes,False
103072978,TENNESSEE STATE UNIVERSITY ,21-TSU-30375,Davidson,Nashville,8/26/2021 12:00:00 AM,2,0,0,36.164360,-86.830990,ALAMEDA ST,,,,207.00,Feet,West,CLARE AV,,,,0.00,N,Not at Intersection, ,Unknown,None,,,         ,Horace,Green,Unknown,Unknown,no,no,no,no,yes,False
103072980,METROPOLITAN NASHVILLE POLICE DEPT,20210452555,Davidson,Nashville,8/27/2021 1:21:00 AM,2,1,0,36.160250,-86.778960,BROADWAY,,,,174.00,Feet,West,5TH AVS,,,,0.00,N,Not at Intersection,N,Non-Junction,None,,,         ,Brenton,Adcox,Clear,"Sideswipe, Same Direction",no,no,no,no,no,False
103072986,METROPOLITAN NASHVILLE POLICE DEPT,20210452424,Davidson,Nashville,8/26/2021 12:00:00 AM,2,0,0,36.161020,-86.841210,TENNESSEE AV,,,,266.00,Feet,West,44TH AVN,,,,0.00,N,Not at Intersection, ,,None,,,         ,Michael,Hones,,,no,no,no,yes,no,False
103072998,METROPOLITAN NASHVILLE POLICE DEPT,20210452615,Davidson,Nashville,8/27/2021 12:00:00 AM,2,0,0,36.185210,-86.798210,I65 S EXT RAMP,,,,0.00,,,I 65,,,,0.00,Y,OTHER,Y,Entrance/Exit Ramp Related,None,,,         ,Joseph,Gawlowski,Cloudy,Angle,no,no,no,no,no,False
103073060,METROPOLITAN NASHVILLE POLICE DEPT,20210452666,Davidson,Nashville,8/27/2021 3:25:00 AM,2,1,0,36.170400,-86.768450,INTERSTATE DR,,,,0.00,,,WOODLAND ST,,,,0.00,Y,Four-Way,N,Unknown,None,,,         ,Nathaniel,Jones,Clear,Angle,no,no,no,no,no,False
103073095,GOODLETTSVILLE POLICE DEPT,21-23938,Davidson,Goodlettsville,8/27/2021 7:00:00 AM,2,0,0,36.306210,-86.703290,RIVERGATE PKWY,,,,624.00,Feet,South,I65 N ENT RAMP,,,,0.00,N,Not at Intersection, ,Non-Junction,None,,,         ,Hannah,Poole,Clear,Front to Rear,no,no,no,no,no,False
103073132,METROPOLITAN NASHVILLE POLICE DEPT,20210452918,Davidson,Nashville,8/27/2021 8:08:00 AM,1,1,0,36.153250,-86.794010,BROADWAY,,,,0.00,,,17TH AVS,,,,0.00,Y,Four-Way,N,Intersection-Related,None,,,         ,Earl,Davis,Clear,Not Collision with Motor Vehicle in Transport,no,no,no,no,no,False
103073138,METROPOLITAN NASHVILLE POLICE DEPT,20210452816,Davidson,Nashville,8/27/2021 6:55:00 AM,3,2,0,36.140980,-86.730710,I 24,,,,0.00,,,,,,,51.50,N,Not at Intersection,N,Non-Junction,None,,,         ,Aimee,Ortiz,Clear,Front to Rear,no,no,no,no,no,False
103073139,METROPOLITAN NASHVILLE POLICE DEPT,20210452798,Davidson,Nashville,8/27/2021 6:39:00 AM,2,1,0,36.204970,-86.742120,ZOPHI ST,,,,358.00,Feet,North,CASPER AV,,,,0.00,N,Not at Intersection,N,Non-Junction,None,,,         ,Brandon,Evans,Clear,Angle,no,no,no,no,no,False
103073147,METROPOLITAN NASHVILLE POLICE DEPT,20210452847,Davidson,Nashville,8/27/2021 8:15:00 AM,2,0,0,36.151300,-86.785860,I40 W EXT RAMP,,,,0.00,Feet,East,I 40,,,,0.00,N,Not at Intersection, ,,None,,,         ,Harold,Wells,,,no,no,no,no,no,False
103073184,METROPOLITAN NASHVILLE POLICE DEPT,20210453041,Davidson,Nashville,8/27/2021 9:21:00 AM,2,0,0,36.157110,-86.773880,ALMOND ST,,,,75.00,Feet,South,KOREAN VETERANS BLVD,,,,0.00,N,Not at Intersection, ,Non-Junction,None,,,         ,Joshua,Reece,Clear,Angle,no,no,no,no,no,False
103073191,METROPOLITAN NASHVILLE POLICE DEPT,20210453052,Davidson,Nashville,8/27/2021 9:52:00 AM,2,0,0,36.157060,-86.803840,CHARLOTTE AV,,,,0.00,,,SPRUCE ST,,,,0.00,Y,T-Intersection, ,,None,,,         ,Earl,Davis,,,no,no,no,no,no,False
103073193,METROPOLITAN NASHVILLE POLICE DEPT,20210452948,Davidson,Nashville,8/27/2021 7:58:00 AM,3,1,0,36.188180,-86.726570,GREENWOOD AV,,,,0.00,,,RIVERSIDE DR,,,,0.00,Y,OTHER,N,Intersection,None,,,         ,Nathan,Mayo,Clear,Front to Rear,no,no,no,no,yes,False
103073199,METROPOLITAN NASHVILLE POLICE DEPT,20210453072,Davidson,Nashville,8/26/2021 10:35:00 AM,2,0,0,36.140630,-86.719910,I 40,,,,0.00,,,,,,,213.35,N,Not at Intersection,N,Non-Junction,None,,,         ,Todd,Watson,Clear,Front to Rear,no,no,no,no,no,False