master_record_number,agency,agency_tracking_number,county,city,collision_date,vehicles_involved,number_injured,number_dead,latitude,longitude,roadway_name,roadway_suffix,roadway_number,roadway_local_id,distance_from_reference,miles-feet_indicator,direction_from_reference,intersection_road_name,intersection_road_name_suffix,intersection_road_number,intersection_local_id,mile_marker,intersection_indicator,intersect_type,interchange_related_indicator,relation_to_junction,work_zone_type,construction_maintenance_zone,construction_maintenance_zone_location,fatal_case_number,officer_first_name,officer_last_name,weather_condition(s),manner_of_crash,pedestrian,bicycle,scooter,parking,hitrun,mou
103074408,METROPOLITAN NASHVILLE POLICE DEPT,20210455011,Davidson,Nashville,8/28/2021 11:30:00 AM,2,0,0,36.074230,-86.921790,HIGHWAY 70S,,,,58.00,Feet,East,OLD HARDING PKE,,,,0.00,N,Not at Intersection, ,Non-Junction,None,,,         ,Jeffery,Leiser,Clear,"Sideswipe, Same Direction",no,no,no,no,no,False
103074415,METROPOLITAN NASHVILLE POLICE DEPT,20210455022,Davidson,Nashville,8/28/2021 1:02:00 PM,2,0,0,36.186950,-86.768040,CLEVELAND ST,,,,0.00,,,MERIDIAN ST,,,,0.00,Y,Four-Way,N,Intersection,None,,,         ,Nathan,Mayo,Clear,Front to Rear,no,no,no,no,yes,False
103074493,METROPOLITAN NASHVILLE POLICE DEPT,20210455055,Davidson,Nashville,8/28/2021 1:53:00 PM,2,0,0,36.242450,-86.736600,ELLINGTON PKWY,,,,31.00,Feet,South,BRIARVILLE RD,,,,0.00,N,Not at Intersection,N,Unknown,None,,,         ,Eric,Richardson,Clear,Angle,no,no,no,no,no,False
103074524,METROPOLITAN NASHVILLE POLICE DEPT,20210455118,Davidson,Nashville,8/28/2021 3:21:00 PM,2,1,0,36.097450,-86.709060,I 24,,,,0.00,,,,,,,54.80,N,Not at Intersection,N,Non-Junction,None,,,         ,Austin,Binner,Clear,Front to Rear,no,no,no,no,yes,False
103074530,METROPOLITAN NASHVILLE POLICE DEPT,20210455091,Davidson,Nashville,8/28/2021 1:50:00 PM,2,1,0,36.153480,-86.723290,LEBANON PKE,,,,518.00,Feet,West,SPENCE LN,,,,0.00,N,Not at Intersection,N,Non-Junction,None,,,         ,Gabriel,Vasquez,Clear,Angle,no,no,no,no,no,False
103074534,METROPOLITAN NASHVILLE POLICE DEPT,20210455131,Davidson,Goodlettsville,8/28/2021 2:49:00 PM,2,0,0,36.286410,-86.692870,MYATT DR,,,,457.00,Feet,North,EDENWOLD RD CNCTR,,,,0.00,N,Not at Intersection, ,Non-Junction,None,,,         ,Joshua,Dodge,Clear,Front to Rear,no,no,no,no,no,False
103074536,METROPOLITAN NASHVILLE POLICE DEPT,20210455084,Davidson,Nashville,8/28/2021 2:40:00 PM,2,1,0,36.097040,-86.708730,I 24,,,,0.00,,,,,,,54.80,N,Not at Intersection,N,Non-Junction,None,,,         ,Timothy,Ward,Clear,Front to Rear,no,no,no,no,no,False
103074559,METROPOLITAN NASHVILLE POLICE DEPT,20210455103,Davidson,Nashville,8/28/2021 2:50:00 PM,3,0,0,36.097040,-86.708730,I 24,,,,0.00,,,,,,,54.80,N,Not at Intersection,N,Non-Junction,None,,,         ,Timothy,Ward,Clear,Front to Rear,no,no,no,no,yes,False
103074560,METROPOLITAN NASHVILLE POLICE DEPT,20210455128,Davidson,Not in City Limit,8/28/2021 12:00:00 AM,2,0,0,36.264080,-86.723620,OLD HICKORY BLVDW,,,,167.00,Feet,East,HERITAGE DR,,,,0.00,N,Not at Intersection, ,Non-Junction,None,,,         ,Thomas,Denenea,Cloudy,Front to Rear,no,no,no,no,no,False
103074564,METROPOLITAN NASHVILLE POLICE DEPT,20210455109,Davidson,Not in City Limit,8/28/2021 3:30:00 PM,2,0,0,36.268920,-86.859840,SIMPKINS RD,,,,63.00,Feet,North,CLARKSVILLE PKE,,,,0.00,N,Not at Intersection, ,Non-Junction,None,,,         ,Paxton,Montgomery,Clear,Front to Rear,no,no,no,no,no,False
103074570,METROPOLITAN NASHVILLE POLICE DEPT,20210455171,Davidson,Nashville,8/28/2021 3:52:00 PM,2,0,0,36.162910,-86.784740,UNION ST,,,,0.00,,,ROSA L PARKS AV,,,,0.00,Y,OTHER, ,Intersection,None,,,         ,Gabriel,Vasquez,Clear,Angle,no,no,no,no,no,False
103074573,METROPOLITAN NASHVILLE POLICE DEPT,20210455173,Davidson,Nashville,8/28/2021 3:38:00 PM,2,0,0,36.045460,-86.712290,OLD HICKORY BLVD,,,,290.00,Feet,East,NOLENSVILLE PKE,,,,0.00,N,Not at Intersection,N,Non-Junction,None,,,         ,Nadine,Klemenz,Cloudy,"Sideswipe, Same Direction",no,no,no,no,no,False
103074608,METROPOLITAN NASHVILLE POLICE DEPT,20210455215,Davidson,Nashville,8/28/2021 4:41:00 PM,1,0,0,36.198410,-86.776380,I 65,,,,0.00,,,,,,,86.75,N,Not at Intersection, ,Non-Junction,None,,,         ,Michael,Intrieri,Rain,Unknown,no,no,no,no,no,False
103074613,METROPOLITAN NASHVILLE POLICE DEPT,20210455247,Davidson,Nashville,8/28/2021 3:33:00 PM,2,0,0,36.200620,-86.776730,I 65,,,,0.00,,,,,,,86.90,N,Not at Intersection,N,Non-Junction,None,,,         ,Michael,Suagua,Clear,Front to Rear,no,no,no,no,no,False
103074617,METROPOLITAN NASHVILLE POLICE DEPT,20210455205,Davidson,Nashville,8/28/2021 4:30:00 PM,3,1,0,36.153260,-86.853510,I 40,,,,0.00,,,,,,,204.20,N,Not at Intersection,N,Non-Junction,None,,,         ,William,Vanbergen,Rain,Not Collision with Motor Vehicle in Transport,no,no,no,no,no,False
103074618,METROPOLITAN NASHVILLE POLICE DEPT,20210455207,Davidson,Not in City Limit,8/28/2021 12:00:00 AM,2,0,0,36.261230,-86.712530,GALLATIN PKES,,,,4.00,Feet,South,MAPLE ST,,,,0.00,N,Not at Intersection,N,Non-Junction,None,,,         ,Wallace,Seay III,Clear,"Sideswipe, Opposite Direction",no,no,no,no,no,False
103074620,METROPOLITAN NASHVILLE POLICE DEPT,20210455236,Davidson,Not in City Limit,8/28/2021 4:19:00 PM,2,0,0,36.268350,-86.737160,I65 S EXT RAMP,,,,0.00,Feet,East,I 65,,,,0.00,N,Not at Intersection, ,Non-Junction,None,,,         ,Brandon,Lopez,"Cloudy, Rain",Angle,no,no,no,no,no,False
103074621,METROPOLITAN NASHVILLE POLICE DEPT,20210455259,Davidson,Nashville,8/28/2021 5:16:00 PM,2,1,0,36.155620,-86.785340,11TH AVS,,,,183.00,Feet,South,MCGAVOCK ST,,,,0.00,N,Not at Intersection,N,Non-Junction,None,,,         ,Gabriel,Vasquez,Clear,Angle,no,no,no,no,no,False
103074622,METROPOLITAN NASHVILLE POLICE DEPT,20210455215,Davidson,Nashville,8/28/2021 4:40:00 PM,1,1,0,36.223610,-86.774540,I 65,,,,0.00,,,,,,,88.50,N,Not at Intersection,N,Non-Junction,None,,,         ,Craig,Paschetti,"Cloudy, Rain",Not Collision with Motor Vehicle in Transport,no,no,no,no,no,False
103074648,METROPOLITAN NASHVILLE POLICE DEPT,20210455180,Davidson,Nashville,8/28/2021 4:19:00 PM,1,1,0,36.163770,-86.780580,5TH AVN,,,,101.00,Feet,South,THE ARCADE,,,,0.00,N,Not at Intersection,N,Unknown,None,,,         ,Corteze,Armstrong,Clear,Not Collision with Motor Vehicle in Transport,no,no,no,no,no,False
103074649,METROPOLITAN NASHVILLE POLICE DEPT,20210455021,Davidson,Nashville,8/28/2021 12:55:00 PM,2,5,0,36.179620,-86.774100,I 24,,,,0.00,,,,,,,47.70,N,Not at Intersection,N,Non-Junction,None,,,         ,Shawn,Kaelin,Clear,Front to Rear,no,no,no,no,no,False
103074651,METROPOLITAN NASHVILLE POLICE DEPT,20210455327,Davidson,Nashville,8/28/2021 6:05:00 PM,2,0,0,36.136600,-86.795210,WEDGEWOOD AV,,,,17.00,Feet,West,MAGNOLIA BLVD,,,,0.00,N,Not at Intersection,N,Non-Junction,None,,,         ,Dakota,Davis,Clear,Front to Rear,no,no,no,no,no,False
103074655,GOODLETTSVILLE POLICE DEPT,21-24136,Davidson,Goodlettsville,8/28/2021 5:42:00 PM,2,2,0,36.311090,-86.706090,MOSS TRL,,,,127.00,Feet,South,RIVERGATE PKWY,,,,0.00,N,Not at Intersection,N,Non-Junction,None,,,         ,Thomas,Eisenbraun,"Cloudy, Rain",Front to Rear,no,no,no,no,no,False
103074662,METROPOLITAN NASHVILLE POLICE DEPT,20210455336,Davidson,Nashville,8/28/2021 4:34:00 PM,2,0,0,36.190630,-86.625950,LEBANON PKE,,,,520.00,Feet,South,BONNABROOK DR,,,,0.00,N,Not at Intersection, ,Non-Junction,None,,,         ,Theodore,Flick,Rain,Angle,no,no,no,no,no,False
103074663,METROPOLITAN NASHVILLE POLICE DEPT,20210455358,Davidson,Nashville,8/28/2021 6:06:00 PM,1,0,0,36.044620,-86.659430,I24 E ENT RAMP,,,,0.00,,,I 24,,,,0.00,Y,Y-Intersection,Y,Entrance/Exit Ramp Related,None,,,         ,Taylor,Blackwelder,Clear,Not Collision with Motor Vehicle in Transport,no,no,no,no,no,False
103074669,METROPOLITAN NASHVILLE POLICE DEPT,20210455287,Davidson,Not in City Limit,8/28/2021 5:44:00 PM,2,1,0,36.267990,-86.682270,CHARTER VILLAGE APTS PVTDR,,,,0.00,,,RIO VISTA DR,,,,0.00,Y,T-Intersection,Y,Intersection,None,,,         ,Forrest,Punke,Clear,Angle,no,no,no,no,no,False
103074723,METROPOLITAN NASHVILLE POLICE DEPT,20210455478,Davidson,Nashville,8/28/2021 8:03:00 PM,2,1,0,36.091360,-86.828510,HARDING PL,,,,0.00,Feet,,HILLSBORO PKE,,,,0.00,Y,Four-Way,Y,Intersection-Related,None,,,         ,Craig,Paschetti,Clear,Front to Rear,no,no,no,no,no,False
103074735,METROPOLITAN NASHVILLE POLICE DEPT,20210455148,Davidson,Nashville,8/28/2021 1:46:00 PM,2,0,0,36.201000,-86.607630,ANDREW JACKSON PKWY,,,,202.00,Feet,South,RACHELS SQUARE DR,,,,0.00,N,Not at Intersection,N,Non-Junction,None,,,         ,Destiny,Zunic,Clear,Angle,no,no,no,no,no,False
103074737,METROPOLITAN NASHVILLE POLICE DEPT,20210455451,Davidson,Nashville,8/28/2021 6:31:00 PM,2,0,0,36.045410,-86.658190,I24 W EXT RAMP,,,,0.00,Feet,East,I 24,,,,0.00,N,Not at Intersection, ,Non-Junction,None,,,         ,Taylor,Blackwelder,Clear,Front to Rear,no,no,no,no,no,False
103074743,METROPOLITAN NASHVILLE POLICE DEPT,20210455355,Davidson,Nashville,8/28/2021 6:31:00 PM,3,2,0,36.145050,-86.872000,CHARLOTTE PKE,,,,311.00,Feet,North,AMERICAN RD,,,,0.00,N,Not at Intersection,N,Non-Junction,None,,,         ,Kyle,Lund,Cloudy,Front to Rear,no,no,no,no,no,False
103074748,METROPOLITAN NASHVILLE POLICE DEPT,20210455389,Davidson,Nashville,8/28/2021 4:56:00 PM,2,0,0,36.090330,-86.626500,SMITH SPRINGS RD,,,,0.00,,,BELL RD,,,,0.00,Y,Four-Way,N,Intersection,None,,,         ,Robert,Marquez,Clear,Angle,no,no,no,no,yes,False
103074754,METROPOLITAN NASHVILLE POLICE DEPT,20210455560,Davidson,Nashville,8/28/2021 9:12:00 PM,2,0,0,36.167670,-86.762040,SHELBY AV,,,,57.00,Feet,East,S 5TH ST,,,,0.00,N,Not at Intersection, ,Non-Junction,None,,,         ,Jason,Milyaro Lucas,Clear,Front to Rear,no,no,no,no,no,False
103074757,METROPOLITAN NASHVILLE POLICE DEPT,20210455339,Davidson,Nashville,8/28/2021 6:12:00 PM,2,2,0,36.111210,-86.749590,THOMPSON LN,,,,107.00,Feet,East,SEABOARD DR,,,,0.00,N,Not at Intersection,N,Non-Junction,None,,,         ,Darci,Stechman,Clear,Front to Rear,no,no,no,no,no,False
103074761,METROPOLITAN NASHVILLE POLICE DEPT,20210455412,Davidson,Nashville,8/28/2021 5:41:00 PM,2,0,0,36.145090,-86.871950,CHARLOTTE PKE,,,,328.00,Feet,North,AMERICAN RD,,,,0.00,N,Not at Intersection, ,Non-Junction,None,,,         ,Kyle,Lund,Cloudy,Front to Rear,no,no,no,no,no,False
103074763,METROPOLITAN NASHVILLE POLICE DEPT,20210455525,Davidson,Nashville,8/28/2021 8:45:00 PM,2,0,0,36.069590,-86.693910,HAYWOOD LN,,,,0.00,,,EZELL RD,,,,0.00,Y,Four-Way,N,Intersection,None,,,         ,Keith,Parlato,Clear,Angle,no,no,no,no,yes,False
103074764,METROPOLITAN NASHVILLE POLICE DEPT,20210455406,Davidson,Nashville,8/28/2021 6:50:00 PM,1,0,0,36.171840,-86.764770,S 5TH ST,,,,0.00,,,WOODLAND ST,,,,0.00,Y,Four-Way, ,Intersection,None,,,         ,Donald,Davidson,Clear,Not Collision with Motor Vehicle in Transport,no,no,no,no,no,False
103074765,METROPOLITAN NASHVILLE POLICE DEPT,20210455140,Davidson,Nashville,8/28/2021 4:53:00 PM,1,0,0,36.173550,-86.606630,CENTRAL PKE EXIT RAMP,,,,175.00,Feet,South,CENTRAL PKE,,,,0.00,N,Not at Intersection,N,Entrance/Exit Ramp Related,None,,,         ,Destiny,Zunic,,Not Collision with Motor Vehicle in Transport,no,no,no,no,yes,False
103074769,METROPOLITAN NASHVILLE POLICE DEPT,20210455575,Davidson,Nashville,8/28/2021 9:26:00 PM,2,0,0,36.157300,-86.774790,4TH AVS,,,,80.00,Feet,North,KOREAN VETERANS BLVD,,,,0.00,N,Not at Intersection, ,Non-Junction,None,,,         ,Gabriel,Vasquez,Clear,Front to Rear,no,no,no,no,no,False
103074782,METROPOLITAN NASHVILLE POLICE DEPT,20210455539,Davidson,Nashville,8/28/2021 8:48:00 PM,2,1,0,36.064790,-86.628480,HAMILTON CHURCH RD,,,,0.00,,,MURFREESBORO PKE,,,,0.00,Y,Four-Way,Y,Intersection,None,,,         ,John,McDonnell,Clear,Angle,no,no,no,no,no,False
103074783,METROPOLITAN NASHVILLE POLICE DEPT,20210455494,Davidson,Nashville,8/28/2021 8:19:00 PM,2,5,0,36.188220,-86.629320,LEBANON PKE,,,,0.00,,,HICKORY HILL LN,,,,0.00,Y,T-Intersection,N,Intersection,None,,,         ,Destiny,Zunic,,Angle,no,no,no,no,no,False
103074784,METROPOLITAN NASHVILLE POLICE DEPT,20210455466,Davidson,Nashville,8/28/2021 7:00:00 PM,1,0,0,36.255380,-86.703660,MARGARET ST,,,,2.00,Feet,North,NEELYS BEND RD,,,,0.00,N,Not at Intersection,N,Non-Junction,None,,,         ,Alexander,Hartle,Clear,Not Collision with Motor Vehicle in Transport,no,no,no,no,no,False
103074793,METROPOLITAN NASHVILLE POLICE DEPT,20210455605,Davidson,Nashville,8/28/2021 10:10:00 PM,1,1,0,36.155940,-86.783050,DEMONBREUN ST,,,,101.00,Feet,West,10TH AVS,,,,0.00,N,Not at Intersection,N,Non-Junction,None,,,         ,Corteze,Armstrong,Clear,Not Collision with Motor Vehicle in Transport,no,no,no,no,no,False
103074822,METROPOLITAN NASHVILLE POLICE DEPT,20210455645,Davidson,Nashville,8/28/2021 10:41:00 PM,2,1,0,36.151800,-86.771250,LAFAYETTE ST,,,,0.00,Feet,,4TH AVS,,,,0.00,Y,OTHER,N,Intersection,None,,,         ,Nicolas,Pernell,Clear,Front to Rear,no,no,no,no,no,False
103074833,METROPOLITAN NASHVILLE POLICE DEPT,20210455720,Davidson,Nashville,8/28/2021 11:10:00 PM,2,2,0,36.059070,-86.716220,TUSCULUM RD,,,,0.00,Feet,,NOLENSVILLE PKE,,,,0.00,Y,Four-Way,Y,Intersection,None,,,         ,Jonathan,Handley,Clear,Angle,no,no,no,no,no,False
103074839,METROPOLITAN NASHVILLE POLICE DEPT,20210455808,Davidson,Nashville,8/28/2021 9:29:00 PM,2,0,0,36.162250,-86.779590,5TH AVN,,,,155.00,Feet,North,COMMERCE ST,,,,0.00,N,Not at Intersection, ,Non-Junction,None,,,         ,Cory,Fetner,Clear,Rear to Side,no,no,no,yes,yes,False
103074840,METROPOLITAN NASHVILLE POLICE DEPT,20210455662,Davidson,Nashville,8/28/2021 10:28:00 PM,2,0,0,36.162660,-86.779860,5TH AVN,,,,208.00,Feet,South,CHURCH ST,,,,0.00,N,Not at Intersection,N,Non-Junction,None,,,         ,Tim,Le,Clear,Front to Rear,no,no,no,no,yes,False
103074845,METROPOLITAN NASHVILLE POLICE DEPT,20210455813,Davidson,Nashville,8/29/2021 12:00:00 AM,2,0,0,36.091460,-86.717420,BENITA DR,,,,356.00,Feet,South,TAMPA DR,,,,0.00,N,Not at Intersection,N,Non-Junction,None,,,         ,Clayton,Smith,Clear,Angle,no,no,no,no,yes,False
103074864,METROPOLITAN NASHVILLE POLICE DEPT,20210455867,Davidson,Nashville,8/29/2021 12:50:00 AM,1,1,0,36.156910,-86.793730,CHURCH ST,,,,26.00,Feet,East,16TH AVN,,,,0.00,N,Not at Intersection,N,Non-Junction,None,,,         ,Jeremy,Crisp,Clear,Not Collision with Motor Vehicle in Transport,yes,no,no,no,no,False
103074869,METROPOLITAN NASHVILLE POLICE DEPT,20210455916,Davidson,Nashville,8/29/2021 1:35:00 AM,2,0,0,36.151640,-86.795790,BROADWAY,,,,214.00,Feet,South,18TH AVS,,,,0.00,N,Not at Intersection, ,Non-Junction,None,,,         ,Michael,Hodges,Clear,Front to Rear,no,no,no,no,no,False
103074872,METROPOLITAN NASHVILLE POLICE DEPT,20210455889,Davidson,Nashville,8/29/2021 1:11:00 AM,2,0,0,36.069380,-86.692740,HAYWOOD SQUARE PVTDR,,,,3.00,Feet,South,HAYWOOD LN,,,,0.00,N,Not at Intersection,N,Unknown,None,,,         ,Kaleigh,Pearce,Clear,Unknown,no,no,no,no,yes,False
103074875,METROPOLITAN NASHVILLE POLICE DEPT,20210455928,Davidson,Nashville,8/29/2021 12:00:00 AM,2,0,0,36.151010,-86.796490,19TH AVS,,,,0.00,Feet,,BROADWAY,,,,0.00,Y,Four-Way,Y,Intersection,None,,,         ,Aaron,Brumley,Clear,Angle,no,no,no,no,yes,False
103074887,METROPOLITAN NASHVILLE POLICE DEPT,20210455754,Davidson,Nashville,8/28/2021 12:00:00 AM,2,0,0,36.184650,-86.773710,DICKERSON PKE,,,,85.00,Feet,North,HANCOCK ST,,,,0.00,N,Not at Intersection,N,Non-Junction,None,,,         ,Esther,Poysti,Clear,Angle,no,no,no,yes,yes,False
103074888,METROPOLITAN NASHVILLE POLICE DEPT,20210455837,Davidson,Nashville,8/29/2021 12:39:00 AM,2,1,0,36.047550,-86.655930,HICKORY HOLLOW PKWY,,,,0.00,Feet,East,BELL RD,,,,0.00,N,Not at Intersection,N,Non-Junction,None,,,         ,D’Mitri,Mackall,Clear,"Sideswipe, Same Direction",no,no,no,no,no,False
103074894,METROPOLITAN NASHVILLE POLICE DEPT,20210456027,Davidson,Nashville,8/29/2021 3:35:00 AM,1,0,0,36.089620,-86.622140,SMITH SPRINGS RD,,,,0.00,,,RURAL HILL RD,,,,0.00,Y,T-Intersection,N,Intersection,None,,,         ,Samuel,Fredericks,Clear,Not Collision with Motor Vehicle in Transport,no,no,no,no,no,False
103074895,METROPOLITAN NASHVILLE POLICE DEPT,20210455976,Davidson,Nashville,8/29/2021 2:30:00 AM,1,0,0,36.248640,-86.715560,ARGLE AV,,,,1.00,Feet,West,E PALESTINE AV,,,,0.00,N,Not at Intersection,N,Non-Junction,None,,,         ,Justan,Vance,Clear,Not Collision with Motor Vehicle in Transport,no,no,no,no,yes,False
103074906,METROPOLITAN NASHVILLE POLICE DEPT,20210456004,Davidson,Nashville,8/29/2021 3:10:00 AM,1,1,0,36.153050,-86.795910,WEST END AV,,,,30.00,Feet,East,18TH AVS,,,,0.00,N,Not at Intersection,N,Non-Junction,None,,,         ,Michael,Hodges,Clear,Not Collision with Motor Vehicle in Transport,yes,no,no,no,no,False
103074913,METROPOLITAN NASHVILLE POLICE DEPT,20210452014,Davidson,Nashville,8/26/2021 2:04:00 PM,3,0,0,36.145550,-86.740990,I 40,,,,0.00,,,,,,,212.20,N,Not at Intersection,N,Non-Junction,None,,,         ,Mary,Robinson,,Angle,no,no,no,no,no,False
103074916,METROPOLITAN NASHVILLE POLICE DEPT,20210456000,Davidson,Nashville,8/29/2021 12:00:00 AM,2,1,0,36.060950,-86.694860,COLEMONT DR,,,,92.00,Feet,West,SHUFELD CT,,,,0.00,N,Not at Intersection,N,Non-Junction,None,,,         ,Ronald,Conner,Clear,HeadOn,no,no,no,no,no,False
103074919,METROPOLITAN NASHVILLE POLICE DEPT,20210455828,Davidson,Nashville,8/29/2021 12:32:00 AM,1,0,0,36.119290,-86.698240,BRILEY PKWY S EXT RAMP,,,,0.00,Feet,East,BRILEY PKWYS,,,,0.00,N,Not at Intersection,N,Entrance/Exit Ramp Related,None,,,         ,Corey,Ethridge,,Not Collision with Motor Vehicle in Transport,no,no,no,no,no,False
103074920,METROPOLITAN NASHVILLE POLICE DEPT,20210456005,Davidson,Nashville,8/29/2021 3:17:00 AM,1,1,0,36.152310,-86.838840,CHARLOTTE AV,,,,144.00,Feet,West,43RD AVN,,,,0.00,N,Not at Intersection,N,Non-Junction,None,,,         ,Cameron,Schmid,Clear,Not Collision with Motor Vehicle in Transport,no,no,no,no,no,False
103074921,METROPOLITAN NASHVILLE POLICE DEPT,20210456026,Davidson,Antioch,8/29/2021 3:57:00 AM,3,2,0,36.047840,-86.612050,MURFREESBORO PKE,,,,1284.00,Feet,North,MOUNTAIN SPRINGS RD,,,,0.00,N,Not at Intersection,N,Non-Junction,None,,,         ,Lisa,Beck,Clear,Front to Rear,no,no,no,no,no,False
103074929,METROPOLITAN NASHVILLE POLICE DEPT,20210456061,Davidson,Nashville,8/29/2021 4:50:00 AM,2,0,0,36.224560,-86.776150,I65 S ENT RAMP,,,,0.00,,,I 24,,,,0.00,Y,Y-Intersection,Y,Non-Junction,None,,,         ,Luke,Steigerwalt,Clear,"Sideswipe, Same Direction",no,no,no,no,no,False
103074931,METROPOLITAN NASHVILLE POLICE DEPT,20210456022,Davidson,Not in City Limit,8/29/2021 3:45:00 AM,1,1,0,36.261580,-86.722430,LINDA LN,,,,0.00,Feet,East,DONNA DR,,,,0.00,N,Not at Intersection,N,Non-Junction,None,,,         ,Justan,Vance,Clear,Not Collision with Motor Vehicle in Transport,no,no,no,no,no,False
103074955,METROPOLITAN NASHVILLE POLICE DEPT,20210456030,Davidson,Nashville,8/29/2021 3:29:00 AM,2,0,0,36.206130,-86.771780,W TRINITY LN,,,,200.00,Feet,West,LUCAS LN,,,,0.00,N,Not at Intersection,N,Non-Junction,None,,,         ,Spencer,Arroyo,Clear,Front to Rear,no,no,no,yes,yes,False
103074971,BERRY HILL POLICE DEPT,21-2605,Davidson,Berry Hill,8/29/2021 2:59:00 AM,2,0,0,36.126190,-86.777070,FRANKLIN PKE,,,,0.00,,,CRAIGHEAD ST,,,,0.00,Y,Four-Way, ,Intersection,None,,,         ,James,Haddock,Clear,Front to Rear,no,no,no,no,no,False
103074991,METROPOLITAN NASHVILLE POLICE DEPT,20210456126,Davidson,Nashville,8/29/2021 5:06:00 AM,2,0,0,36.061260,-86.675410,ANTIOCH PKE,,,,580.00,Feet,West,MILL CREEK BLUE HOLE GRNWY,,,,0.00,N,Not at Intersection,N,Non-Junction,None,,,         ,Darrin,Hardin,Clear,"Sideswipe, Opposite Direction",no,no,no,no,yes,False
103075013,METROPOLITAN NASHVILLE POLICE DEPT,2021-0456159,Davidson,Nashville,8/29/2021 2:00:00 AM,1,1,0,36.081620,-86.828970,STANFORD DR,,,,272.00,Feet,South,STANFORD DR PVTDR,,,,0.00,N,Not at Intersection,N,Non-Junction,None,,,         ,Sean,Williams,Clear,Not Collision with Motor Vehicle in Transport,no,no,no,no,no,False
103075038,METROPOLITAN NASHVILLE POLICE DEPT,20210456190,Davidson,Nashville,8/29/2021 3:02:00 AM,2,0,0,36.157980,-86.772640,2ND AVS,,,,0.00,,,KOREAN VETERANS BLVD,,,,0.00,Y,Four-Way,Y,Intersection,None,,,         ,Tristen,Mayfield,Clear,Angle,no,no,no,no,yes,False
103075058,GOODLETTSVILLE POLICE DEPT,21-24200,Davidson,Goodlettsville,8/29/2021 9:43:00 AM,2,2,0,36.302100,-86.709690,I 65,,,,0.00,,,,,,,95.35,N,Not at Intersection,N,Non-Junction,None,,,         ,Rico,Jones,Clear,Not Collision with Motor Vehicle in Transport,no,no,no,no,no,False
103075062,METROPOLITAN NASHVILLE POLICE DEPT,20210456106,Davidson,Nashville,8/29/2021 6:40:00 AM,3,0,0,36.143890,-86.738510,I 40,,,,0.00,,,,,,,212.40,N,Not at Intersection,N,Non-Junction,None,,,         ,Eric,Cunningham,Clear,Front to Rear,no,no,no,no,yes,False
103075064,METROPOLITAN NASHVILLE POLICE DEPT,20210456260,Davidson,Nashville,8/29/2021 9:50:00 AM,1,1,0,36.061480,-86.716710,NOLENSVILLE PKE,,,,64.00,Feet,North,MCMURRAY DR,,,,0.00,N,Not at Intersection,N,Non-Junction,None,,,         ,Lee,Davis,Clear,Not Collision with Motor Vehicle in Transport,no,no,no,yes,no,False
103075068,METROPOLITAN NASHVILLE POLICE DEPT,20210456217,Davidson,Nashville,8/29/2021 8:48:00 AM,2,1,0,36.157650,-86.773410,KOREAN VETERANS BLVD,,,,0.00,,,3RD AVS,,,,0.00,Y,Four-Way,N,Intersection,None,,,         ,James,Thornton,Clear,Angle,no,no,no,no,no,False
103075094,METROPOLITAN NASHVILLE POLICE DEPT,20210456333,Davidson,Goodlettsville,8/29/2021 11:27:00 AM,1,1,0,36.286790,-86.705440,W MONTICELLO AV,,,,0.00,Feet,,GALLATIN PKEN,,,,0.00,Y,Four-Way,N,Intersection-Related,None,,,         ,Ian,Wilson,Clear,Not Collision with Motor Vehicle in Transport,no,no,no,no,no,False
103075103,METROPOLITAN NASHVILLE POLICE DEPT,20210456298,Davidson,Nashville,8/29/2021 10:45:00 AM,1,1,0,36.224940,-86.760520,DICKERSON PKE,,,,111.00,Feet,South,BEN ALLEN RD,,,,0.00,N,Not at Intersection,N,Non-Junction,None,,,         ,Matthew,Cammarn,Clear,Not Collision with Motor Vehicle in Transport,no,no,no,no,no,False
103075129,METROPOLITAN NASHVILLE POLICE DEPT,20210456385,Davidson,Nashville,8/29/2021 12:00:00 PM,2,2,0,36.231600,-86.781520,EWING DR,,,,0.00,,,BRICK CHURCH PKE,,,,0.00,Y,Four-Way,N,Intersection-Related,None,,,         ,Ian,Wilson,Clear,Angle,no,no,no,no,no,False
103075153,METROPOLITAN NASHVILLE POLICE DEPT,20210456403,Davidson,Nashville,8/29/2021 12:30:00 PM,2,0,0,36.142120,-86.822960,PARK CIR,,,,0.00,,,,,,,0.00,,,N,Entrance/Exit Ramp Related,None,,,         ,Jared,Dick,Clear,Front to Rear,no,no,no,no,no,False
103075161,METROPOLITAN NASHVILLE POLICE DEPT,20210456407,Davidson,Nashville,8/29/2021 12:29:00 PM,2,0,0,36.147120,-86.625920,BELL RD,,,,81.00,Feet,South,TRAILS CIR,,,,0.00,N,Not at Intersection,N,Non-Junction,None,,,         ,Rex,Engelbert,Clear,Front to Rear,no,no,no,no,yes,False