master_record_number,agency,agency_tracking_number,county,city,collision_date,vehicles_involved,number_injured,number_dead,latitude,longitude,roadway_name,roadway_suffix,roadway_number,roadway_local_id,distance_from_reference,miles-feet_indicator,direction_from_reference,intersection_road_name,intersection_road_name_suffix,intersection_road_number,intersection_local_id,mile_marker,intersection_indicator,intersect_type,interchange_related_indicator,relation_to_junction,work_zone_type,construction_maintenance_zone,construction_maintenance_zone_location,fatal_case_number,officer_first_name,officer_last_name,weather_condition(s),manner_of_crash,pedestrian,bicycle,scooter,parking,hitrun,mou
103076635,METROPOLITAN NASHVILLE POLICE DEPT,20210459683,Davidson,Not in City Limit,8/31/2021 12:40:00 PM,1,1,0,36.099200,-86.935390,I 40,,,,0.00,,,,,,,198.15,N,Not at Intersection,N,Non-Junction,None,,,         ,Gerry,Hutcheson,Rain,Not Collision with Motor Vehicle in Transport,no,no,no,no,no,False
103076647,METROPOLITAN NASHVILLE POLICE DEPT,20210459784,Davidson,Nashville,8/31/2021 1:46:00 PM,2,1,0,36.040900,-86.779380,STONE BROOK DR,,,,0.00,,,OLD HICKORY BLVD,,,,0.00,Y,Four-Way,Y,Intersection,None,,,         ,Gary,Sneed,Rain,Angle,no,no,no,no,no,False
103076652,METROPOLITAN NASHVILLE POLICE DEPT,20210459714,Davidson,Nashville,8/31/2021 1:05:00 PM,2,2,0,36.150310,-86.748800,I 40,,,,0.00,,,,,,,211.70,N,Not at Intersection,N,Non-Junction,None,,,         ,Michael,Dance,Rain,Angle,no,no,no,no,yes,False
103076653,METROPOLITAN NASHVILLE POLICE DEPT,20210459821,Davidson,Nashville,8/31/2021 1:06:00 PM,2,1,0,36.150180,-86.748530,I 40,,,,0.00,,,,,,,211.70,N,Not at Intersection,N,Non-Junction,None,,,         ,Michael,Dance,Rain,Front to Rear,no,no,no,no,no,False
103076665,METROPOLITAN NASHVILLE POLICE DEPT,20210459853,Davidson,Nashville,8/31/2021 8:46:00 AM,2,0,0,36.090420,-86.703640,I 24,,,,0.00,,,,,,,55.35,N,Not at Intersection,N,Non-Junction,None,,,         ,Andrew,Brazee,Rain,Front to Rear,no,no,no,no,yes,False
103076666,METROPOLITAN NASHVILLE POLICE DEPT,20210459158,Davidson,Nashville,8/31/2021 6:16:00 AM,2,1,1,36.060040,-86.679940,I 24,,,,0.00,,,,,,,57.85,N,Not at Intersection,N,Non-Junction,None,,,         ,Donald,Davidson,Rain,Angle,no,no,no,no,no,False
103076667,METROPOLITAN NASHVILLE POLICE DEPT,20210459500,Davidson,Nashville,8/31/2021 12:00:00 AM,1,0,0,36.117380,-86.699130,MURFREESBORO PKE,,,,32.00,Feet,East,BRILEY PKWY N ENT RAMP,,,,0.00,N,Not at Intersection,Y,Entrance/Exit Ramp Related,None,,,         ,Joshua,Belk,Rain,Not Collision with Motor Vehicle in Transport,no,no,no,no,no,False
103076671,METROPOLITAN NASHVILLE POLICE DEPT,20210459836,Davidson,Not in City Limit,8/31/2021 2:36:00 PM,2,0,0,36.259350,-86.757530,VILLAGE HILLS PVTDR,,,,73.00,Feet,East,DICKERSON PKE,,,,0.00,N,Not at Intersection,N,Non-Junction,None,,,         ,Jacob,Snyder,Rain,Angle,no,no,no,no,no,False
103076673,METROPOLITAN NASHVILLE POLICE DEPT,20210459884,Davidson,Nashville,8/31/2021 3:00:00 PM,1,0,0,36.144210,-86.730180,ELM HILL PKE,,,,0.00,,,,,,,0.00,,,N,Non-Junction,None,,,         ,Christopher,Beery,Rain,Not Collision with Motor Vehicle in Transport,no,no,no,yes,no,False
103076683,METROPOLITAN NASHVILLE POLICE DEPT,20210459896,Davidson,Nashville,8/31/2021 9:48:00 AM,1,0,0,36.110850,-86.721390,I24 W ENT RAMP,,,,0.00,Feet,East,I 24,,,,0.00,N,Not at Intersection,N,Non-Junction,None,,,         ,Beri,Scott,Rain,Not Collision with Motor Vehicle in Transport,no,no,no,no,no,False
103076712,METROPOLITAN NASHVILLE POLICE DEPT,20210460009,Davidson,Nashville,8/31/2021 3:35:00 PM,2,0,0,36.156820,-86.786910,BROADWAY,,,,189.00,Feet,East,12TH AVS,,,,0.00,N,Not at Intersection, ,,None,,,         ,Brent,Morris,,,no,no,no,no,no,False
103076715,METROPOLITAN NASHVILLE POLICE DEPT,20210459945,Davidson,Nashville,8/31/2021 3:16:00 PM,2,1,0,36.151440,-86.791680,MUSIC SQE,,,,147.00,Feet,South,MUSIC CIRN,,,,0.00,N,Not at Intersection,N,Non-Junction,None,,,         ,Dakota,Davis,Clear,Front to Rear,no,no,no,no,no,False
103076716,METROPOLITAN NASHVILLE POLICE DEPT,20210460031,Davidson,Nashville,8/31/2021 4:24:00 PM,2,0,0,36.052270,-86.644850,BELL RD,,,,30.00,Feet,North,EAGLE VIEW BLVD,,,,0.00,N,Not at Intersection, ,Non-Junction,None,,,         ,Thomas,Parsons,Rain,Front to Rear,no,no,no,no,no,False
103076719,METROPOLITAN NASHVILLE POLICE DEPT,20210460069,Davidson,Nashville,8/31/2021 4:50:00 PM,2,2,0,36.204640,-86.749680,E TRINITY LN,,,,0.00,,,ELLINGTON PKWY N ENT RAMP,,,,0.00,Y,OTHER,N,Intersection,None,,,         ,Randy,Puckett,Rain,Front to Rear,no,no,no,no,yes,False
103076721,METROPOLITAN NASHVILLE POLICE DEPT,20210459899,Davidson,Nashville,8/31/2021 2:50:00 PM,2,0,0,36.156310,-86.807250,CHARLOTTE AV,,,,0.00,Feet,,22ND AVN,,,,0.00,Y,Four-Way, ,Intersection-Related,None,,,         ,Sean,Fitzmaurice,"Cloudy, Rain","Sideswipe, Same Direction",no,no,no,no,no,False
103076724,METROPOLITAN NASHVILLE POLICE DEPT,20210460052,Davidson,Nashville,8/31/2021 4:08:00 PM,1,0,0,36.089550,-86.699580,METROPLEX DR,,,,481.00,Feet,East,PARAGON MILLS RD,,,,0.00,N,Not at Intersection, ,Non-Junction,None,,,         ,Andrew,Brazee,Rain,Not Collision with Motor Vehicle in Transport,no,no,no,no,no,False
103076733,METROPOLITAN NASHVILLE POLICE DEPT,20210460054,Davidson,Nashville,8/31/2021 4:38:00 PM,1,0,0,36.237920,-86.787310,BRILEY PKWYW,,,,71.00,Feet,West,I24 E ENT RAMP,,,,0.00,N,Not at Intersection, ,Non-Junction,None,,,         ,Derek,Sibley,"Cloudy, Rain",Not Collision with Motor Vehicle in Transport,no,no,no,no,no,False
103076734,METROPOLITAN NASHVILLE POLICE DEPT,20210460038,Davidson,Nashville,8/31/2021 4:19:00 PM,2,0,0,36.168620,-86.776340,JAMES ROBERTSON PKWY,,,,359.00,Feet,East,WOODLAND ST,,,,0.00,N,Not at Intersection, ,Non-Junction,None,,,         ,Kevin,Clausius,Rain,"Sideswipe, Same Direction",no,no,no,no,no,False
103076738,METROPOLITAN NASHVILLE POLICE DEPT,20210459859,Davidson,Nashville,8/31/2021 2:00:00 PM,2,1,0,36.021750,-86.742670,EDMONDSON PKE,,,,0.00,Feet,,MT PISGAH RD,,,,0.00,Y,T-Intersection,N,Non-Junction,None,,,         ,Steven,Powers,Rain,Front to Rear,no,no,no,no,no,False
103076744,METROPOLITAN NASHVILLE POLICE DEPT,20210460000,Davidson,Nashville,8/31/2021 4:09:00 PM,1,1,0,36.033160,-86.641240,I 24,,,,0.00,,,,,,,60.70,N,Not at Intersection,N,Non-Junction,None,,,         ,Beri,Scott,Rain,Not Collision with Motor Vehicle in Transport,no,no,no,no,no,False
103076754,METROPOLITAN NASHVILLE POLICE DEPT,20210460113,Davidson,Nashville,8/31/2021 5:25:00 PM,1,1,0,36.057240,-86.647750,RURAL HILL RD,,,,535.00,Feet,East,TOOK DR,,,,0.00,N,Not at Intersection,N,Non-Junction,None,,,         ,Steven,Begley,Rain,Not Collision with Motor Vehicle in Transport,no,no,no,no,no,False
103076761,METROPOLITAN NASHVILLE POLICE DEPT,20210406109,Davidson,Nashville,8/31/2021 5:00:00 PM,2,1,0,36.221150,-86.804910,WHITES CREEK PKE,,,,4.00,Feet,North,REVELS DR,,,,0.00,N,Not at Intersection,N,Non-Junction,None,,,         ,Paxton,Montgomery,Rain,Front to Rear,no,no,no,no,no,False
103076762,METROPOLITAN NASHVILLE POLICE DEPT,20210460041,Davidson,Nashville,8/31/2021 4:26:00 PM,2,0,0,36.040260,-86.816400,OLD HICKORY BLVD,,,,0.00,,,GRANNY WHITE PKE,,,,0.00,Y,Four-Way, ,Intersection,None,,,         ,Eric,Modransky,Rain,Front to Rear,no,no,no,no,no,False
103076767,TENNESSEE STATE UNIVERSITY ,21-TSU-31112,Davidson,Nashville,8/31/2021 5:25:00 PM,2,0,0,36.162680,-86.830290,CLARE AV,,,,0.00,,,ALBION ST,,,,0.00,Y,OTHER, ,Non-Junction,None,,,         ,Harold,Taylor,Rain,"Sideswipe, Same Direction",no,no,no,yes,no,False
103076778,METROPOLITAN NASHVILLE POLICE DEPT,20210460096,Davidson,Nashville,8/31/2021 4:00:00 PM,2,0,0,36.081590,-86.687340,ANTIOCH PKE,,,,658.00,Feet,West,FRANKLIN LIMESTONE RD,,,,0.00,N,Not at Intersection, ,Non-Junction,None,,,         ,Megan,Arnett,Rain,"Sideswipe, Same Direction",no,no,no,no,yes,False
103076779,METROPOLITAN NASHVILLE POLICE DEPT,20210460119,Davidson,Nashville,8/31/2021 4:23:00 PM,2,0,0,36.152020,-86.800800,HAYES ST,,,,255.00,Feet,West,20TH AVN,,,,0.00,N,Not at Intersection, ,Non-Junction,None,,,         ,Sean,Fitzmaurice,"Cloudy, Rain","Sideswipe, Same Direction",no,no,no,no,no,Campus
103076781,METROPOLITAN NASHVILLE POLICE DEPT,20210460086,Davidson,Nashville,8/31/2021 5:07:00 PM,2,1,0,36.224430,-86.774540,I 65,,,,0.00,,,,,,,88.55,N,Not at Intersection,N,Non-Junction,None,,,         ,Chase,Harriman,"Cloudy, Rain",Rear to Rear,no,no,no,no,no,False
103076796,METROPOLITAN NASHVILLE POLICE DEPT,20210460190,Davidson,Nashville,8/31/2021 6:27:00 PM,2,0,0,36.196660,-86.742250,CAHAL AV,,,,0.00,,,GALLATIN AV,,,,0.00,Y,T-Intersection,N,Intersection,None,,,         ,Randy,Puckett,Rain,Angle,no,no,no,no,yes,False
103076798,METROPOLITAN NASHVILLE POLICE DEPT,20210460170,Davidson,Nashville,8/31/2021 6:14:00 PM,2,0,0,36.183820,-86.748370,EASTLAND AV,,,,0.00,Feet,,GALLATIN AV,,,,0.00,Y,Four-Way, ,Intersection,None,,,         ,Kelsey,Hemminger,"Cloudy, Rain",Angle,no,no,no,no,no,False
103076800,METROPOLITAN NASHVILLE POLICE DEPT,20210460108,Davidson,Antioch,8/31/2021 5:16:00 PM,2,0,0,36.009710,-86.615100,I 24,,,,0.00,,,,,,,63.00,N,Not at Intersection,N,Non-Junction,None,,,         ,Beri,Scott,Rain,Front to Rear,no,no,no,no,yes,False
103076802,METROPOLITAN NASHVILLE POLICE DEPT,20210460213,Davidson,Nashville,8/31/2021 6:53:00 PM,1,1,0,36.148380,-86.745340,I40 W ENT RAMP,,,,0.00,Feet,East,I 40,,,,0.00,N,Not at Intersection,N,Non-Junction,None,,,         ,Joseph,Simon,Rain,Not Collision with Motor Vehicle in Transport,no,no,no,no,no,False
103076809,METROPOLITAN NASHVILLE POLICE DEPT,20210460039,Davidson,Nashville,8/31/2021 4:30:00 PM,4,2,0,36.096770,-86.654560,OLD MURFREESBORO PKE,,,,0.00,,,SMITH SPRINGS RD,,,,0.00,Y,Four-Way,N,Intersection,None,,,         ,Robert,Marquez,,Angle,no,no,no,no,no,False
103076815,METROPOLITAN NASHVILLE POLICE DEPT,20210459842,Davidson,Nashville,8/31/2021 2:33:00 PM,2,1,0,36.042880,-86.661630,CANE RIDGE RD,,,,215.00,Feet,South,CANEWOOD DR,,,,0.00,N,Not at Intersection,N,Non-Junction,None,,,         ,Brian,Sherman,Rain,Front to Rear,no,no,no,no,no,False
103076840,METROPOLITAN NASHVILLE POLICE DEPT,20210460221,Davidson,Nashville,8/31/2021 12:00:00 AM,2,0,0,36.151350,-86.751100,I 40,,,,0.00,,,,,,,211.55,N,Not at Intersection,N,Non-Junction,None,,,         ,Douglas,Mann,Rain,"Sideswipe, Same Direction",no,no,no,no,no,False
103076846,METROPOLITAN NASHVILLE POLICE DEPT,20210460256,Davidson,Nashville,8/31/2021 7:17:00 PM,1,0,0,36.173690,-86.767890,JAMES ROBERTSON PKWY ENT RAMP,,,,0.00,Feet,East,I 24,,,,0.00,N,Not at Intersection,Y,Entrance/Exit Ramp Related,None,,,         ,Cooper,HIll,Rain,Unknown,no,no,no,no,yes,False
103076855,METROPOLITAN NASHVILLE POLICE DEPT,20210460258,Davidson,Nashville,8/31/2021 7:25:00 PM,1,0,0,36.223610,-86.774540,I 65,,,,0.00,,,,,,,88.50,N,Not at Intersection,N,Non-Junction,None,,,         ,Craig,Paschetti,"Cloudy, Rain",Not Collision with Motor Vehicle in Transport,no,no,no,no,no,False
103076862,METROPOLITAN NASHVILLE POLICE DEPT,20210460323,Davidson,Nashville,8/31/2021 8:00:00 PM,1,1,0,36.138660,-86.727330,I24E,,,,318.00,Feet,West,I24 W ENT RAMP,,,,0.00,N,Not at Intersection,N,Non-Junction,None,,,         ,Christopher,Beery,Rain,Not Collision with Motor Vehicle in Transport,no,no,no,no,no,False
103076870,GOODLETTSVILLE POLICE DEPT,21-24452,Davidson,Goodlettsville,8/31/2021 7:31:00 PM,2,1,0,36.314630,-86.699020,WINDSOR GREEN CT,,,,0.00,,,CONFERENCE DR,,,,0.00,Y,Four-Way,N,Intersection-Related,None,,,         ,Nicholas,Given,Rain,Front to Rear,no,no,no,no,no,False
103076877,METROPOLITAN NASHVILLE POLICE DEPT,20210460343,Davidson,Nashville,8/31/2021 6:00:00 PM,2,0,0,36.177960,-86.802920,JANE ST,,,,6.00,Feet,North,11TH AVN,,,,0.00,N,Not at Intersection,N,Non-Junction,None,,,         ,Eric,McCoy,Rain,Angle,no,no,no,no,yes,False
103076882,METROPOLITAN NASHVILLE POLICE DEPT,20210460369,Davidson,Nashville,8/31/2021 8:20:00 PM,2,0,0,36.047970,-86.740830,BRENTWOOD PL,,,,335.00,Feet,West,BRENTWOOD TER,,,,0.00,N,Not at Intersection, ,Non-Junction,None,,,         ,Steven,Powers,Rain,Angle,no,no,no,yes,yes,False
103076914,METROPOLITAN NASHVILLE POLICE DEPT,20210460363,Davidson,Nashville,8/31/2021 8:37:00 PM,1,1,0,36.230930,-86.610690,SHUTE LN,,,,120.00,Feet,East,WILLOW BOUGH LN,,,,0.00,N,Not at Intersection,N,Non-Junction,None,,,         ,Cheri,Cox,Rain,Not Collision with Motor Vehicle in Transport,no,no,no,no,no,False
103076917,METROPOLITAN NASHVILLE POLICE DEPT,20210460210,Davidson,Nashville,8/31/2021 6:49:00 PM,1,0,0,36.064470,-86.628820,HAMILTON CHURCH RD,,,,154.00,Feet,South,MURFREESBORO PKE,,,,0.00,N,Not at Intersection,N,Non-Junction,None,,,         ,Nathaniel,Myers,"Cloudy, Rain",Not Collision with Motor Vehicle in Transport,no,no,no,no,yes,False
103076931,METROPOLITAN NASHVILLE POLICE DEPT,20210460032,Davidson,Antioch,8/31/2021 3:33:00 PM,2,0,0,36.030930,-86.583890,SUNNYVALE DR,,,,0.00,,,FIRELIGHT TRL,,,,0.00,Y,T-Intersection, ,Intersection,None,,,         ,Nathaniel,Myers,"Cloudy, Rain",HeadOn,no,no,no,no,no,False
103076932,METROPOLITAN NASHVILLE POLICE DEPT,20210460028,Davidson,Nashville,8/31/2021 12:00:00 AM,2,0,0,36.033920,-86.679870,AARON DR,,,,167.00,Feet,North,RIDGEFALLS WAY,,,,0.00,N,Not at Intersection,N,Non-Junction,None,,,         ,Beri,Scott,Clear,"Sideswipe, Same Direction",no,no,no,no,yes,False
103076933,METROPOLITAN NASHVILLE POLICE DEPT,20210460289,Davidson,Nashville,8/31/2021 12:00:00 AM,2,0,0,36.059000,-86.639430,CAMBRIDGE APTS PVTDR,,,,3.00,Feet,North,BELL RD,,,,0.00,N,Not at Intersection,N,Non-Junction,None,,,         ,Beri,Scott,Rain,Rear to Rear,no,no,no,no,yes,False
103076934,METROPOLITAN NASHVILLE POLICE DEPT,20210460454,Davidson,Nashville,8/31/2021 9:51:00 PM,1,0,0,36.170620,-86.606530,I40 W ENT RAMP,,,,0.00,Feet,East,I 40,,,,0.00,N,Not at Intersection,N,Non-Junction,None,,,         ,Christopher,Beery,Rain,Unknown,no,no,no,no,yes,False
103076962,TENNESSEE STATE UNIVERSITY ,21-TSU-31142,Davidson,Nashville,8/31/2021 12:00:00 AM,1,0,0,36.169680,-86.821300,W HEIMAN ST,,,,0.00,,,ED TEMPLE BLVD,,,,0.00,Y,OTHER, ,Non-Junction,None,,,         ,Harold,Taylor,Rain,Unknown,no,no,no,yes,yes,False
103076973,METROPOLITAN NASHVILLE POLICE DEPT,20210460393,Davidson,Nashville,8/31/2021 9:06:00 PM,3,5,0,36.112460,-86.723210,I 24,,,,0.00,,,,,,,53.45,N,Not at Intersection,N,Non-Junction,None,,,         ,Beri,Scott,Cloudy,Front to Rear,no,no,no,no,yes,False
103076974,METROPOLITAN NASHVILLE POLICE DEPT,20210460153,Davidson,Not in City Limit,8/31/2021 6:00:00 PM,2,2,0,36.264110,-86.830800,WHITES CREEK PKE,,,,0.00,,,KNIGHT DR,,,,0.00,Y,T-Intersection,N,Intersection,None,,,         ,Chase,Harriman,"Cloudy, Rain",Front to Rear,no,no,no,no,no,False
103076975,METROPOLITAN NASHVILLE POLICE DEPT,20210460422,Davidson,Nashville,8/31/2021 4:00:00 PM,2,0,0,36.084390,-86.644000,BROOKSBORO TER,,,,93.00,Feet,West,BROOKSBORO PL,,,,0.00,N,Not at Intersection,N,Non-Junction,None,,,         ,Theodore,Flick,,Front to Rear,no,no,no,yes,yes,False
103076979,METROPOLITAN NASHVILLE POLICE DEPT,20210460476,Davidson,Nashville,8/31/2021 10:27:00 PM,2,1,0,36.152020,-86.690900,BRILEY PKWYS,,,,0.00,,,BRILEY PKWY S ENT RAMP,,,,0.00,Y,OTHER,N,Entrance/Exit Ramp Related,None,,,         ,Joseph,Simon,,"Sideswipe, Same Direction",no,no,no,no,no,False
103076980,METROPOLITAN NASHVILLE POLICE DEPT,20210460469,Davidson,Nashville,8/31/2021 10:12:00 PM,1,1,0,36.238130,-86.782950,BRILEY PKWYE,,,,24.00,Feet,East,I24 W EXT RAMP,,,,0.00,N,Not at Intersection,N,Non-Junction,None,,,         ,Bradley,Campbell,Rain,Not Collision with Motor Vehicle in Transport,no,no,no,no,no,False
103076996,METROPOLITAN NASHVILLE POLICE DEPT,20210460518,Davidson,Nashville,8/31/2021 10:45:00 PM,2,0,0,36.087750,-86.752610,TROUSDALE DR,,,,331.00,Feet,North,GRASSMERE PK,,,,0.00,N,Not at Intersection,N,Non-Junction,None,,,         ,Ricardo,Cruz,Clear,Front to Rear,no,no,no,no,yes,False
103077007,METROPOLITAN NASHVILLE POLICE DEPT,20210460605,Davidson,Nashville,9/1/2021 12:35:00 AM,2,0,0,36.134280,-86.779090,WEDGEWOOD AV,,,,0.00,,,8TH AVS,,,,0.00,Y,Four-Way,N,Intersection-Related,None,,,         ,Kelsey,Hicks,Clear,Angle,no,no,no,no,no,False
103077016,METROPOLITAN NASHVILLE POLICE DEPT,20210460564,Davidson,Nashville,8/31/2021 11:49:00 PM,1,0,0,36.068200,-86.719110,NOLENSVILLE PKE,,,,0.00,,,HAYWOOD LN,,,,0.00,Y,OTHER,N,Non-Junction,None,,,         ,Gregory,Rdzok,Cloudy,Not Collision with Motor Vehicle in Transport,no,no,no,yes,no,False
103077035,METROPOLITAN NASHVILLE POLICE DEPT,20210460784,Davidson,Nashville,9/1/2021 2:33:00 AM,2,0,0,36.013490,-86.618190,I24 W EXT RAMP,,,,0.00,,,,,,,0.00,,,N,Non-Junction,None,,,         ,Ronald,Conner,Clear,"Sideswipe, Same Direction",no,no,no,yes,yes,False
103077070,METROPOLITAN NASHVILLE POLICE DEPT,20210460943,Davidson,Nashville,9/1/2021 5:45:00 AM,2,2,0,36.059070,-86.716220,TUSCULUM RD,,,,0.00,Feet,,NOLENSVILLE PKE,,,,0.00,Y,Four-Way,N,Intersection,None,,,         ,Kaleigh,Pearce,Cloudy,Angle,no,no,no,no,no,False
103077071,METROPOLITAN NASHVILLE POLICE DEPT,20210460954,Davidson,Nashville,9/1/2021 5:54:00 AM,2,0,0,36.045100,-86.659880,I24 E EXT RAMP,,,,15.00,Feet,North,I 24,,,,0.00,N,Not at Intersection, ,Entrance/Exit Ramp Related,None,,,         ,Jose,Oliveros,Clear,"Sideswipe, Same Direction",no,no,no,no,no,False
103077079,METROPOLITAN NASHVILLE POLICE DEPT,20210461025,Davidson,Nashville,9/1/2021 6:56:00 AM,2,0,0,36.149850,-86.747880,I 40,,,,0.00,,,,,,,211.75,N,Not at Intersection,N,Non-Junction,None,,,         ,Michael,Dance,Clear,Front to Rear,no,no,no,no,no,False
103077081,GOODLETTSVILLE POLICE DEPT,21-24498,Davidson,Goodlettsville,9/1/2021 7:05:00 AM,3,0,0,36.309040,-86.690330,VIETNAM VETERANS BLVDS,,,,1409.00,Feet,East,CONFERENCE DR,,,,0.00,N,Not at Intersection,N,Non-Junction,None,,,         ,Rico,Jones,Cloudy,Front to Rear,no,no,no,no,no,False
103077088,METROPOLITAN NASHVILLE POLICE DEPT,20210461047,Davidson,Nashville,9/1/2021 6:30:00 AM,2,0,0,36.079320,-86.919020,OLD HICKORY BLVD,,,,670.00,Feet,North,BELLE FOREST CONDOS PVTDR,,,,0.00,N,Not at Intersection, ,OtherLocation,None,,,         ,Wesley,Tilley,Cloudy,Angle,no,no,no,yes,yes,False
103077119,METROPOLITAN NASHVILLE POLICE DEPT,20210455852,Davidson,Nashville,8/31/2021 2:00:00 PM,2,0,0,36.096570,-86.640610,SMITH SPRINGS RD,,,,118.00,Feet,East,UNA RECREATION RD,,,,0.00,N,Not at Intersection, ,Non-Junction,None,,,         ,Thomas,White,Rain,Front to Rear,no,no,no,no,no,False
103077125,METROPOLITAN NASHVILLE POLICE DEPT,20210461161,Davidson,Not in City Limit,9/1/2021 8:15:00 AM,3,1,0,36.286640,-86.809160,I 24,,,,0.00,,,,,,,39.65,N,Not at Intersection,N,Non-Junction,None,,,         ,Jeanine,Sarno,Cloudy,Front to Rear,no,no,no,no,yes,False
103077141,METROPOLITAN NASHVILLE POLICE DEPT,20210461277,Davidson,Nashville,9/1/2021 7:55:00 AM,2,0,0,36.138230,-86.775930,I 65,,,,0.00,,,,,,,81.70,N,Not at Intersection,N,Non-Junction,None,,,         ,Mason,Tyler,Cloudy,Front to Rear,no,no,no,no,yes,False
103077159,METROPOLITAN NASHVILLE POLICE DEPT,2021-0461026,Davidson,Nashville,9/1/2021 6:50:00 AM,2,0,0,36.172670,-86.806650,KNOWLES ST,,,,363.00,Feet,East,DR D B TODD JR BLVD,,,,0.00,N,Not at Intersection, ,Non-Junction,None,,,         ,Jean,McCormack,Clear,"Sideswipe, Same Direction",no,no,no,no,no,False
103077165,METROPOLITAN NASHVILLE POLICE DEPT,20210461298,Davidson,Nashville,9/1/2021 9:30:00 AM,2,0,0,36.136520,-86.791850,15TH AVS,,,,221.00,Feet,North,WEDGEWOOD AV,,,,0.00,N,Not at Intersection,N,Non-Junction,None,,,         ,William,Caillouette,Clear,"Sideswipe, Opposite Direction",no,no,no,yes,yes,False
103077177,METROPOLITAN NASHVILLE POLICE DEPT,20210461289,Davidson,Nashville,9/1/2021 9:21:00 AM,2,0,0,36.192710,-86.744370,DOUGLAS AV,,,,0.00,,,GALLATIN AV,,,,0.00,Y,Four-Way, ,Intersection,None,,,         ,William,Clemons,Cloudy,Front to Rear,no,no,no,no,no,False
103077188,METROPOLITAN NASHVILLE POLICE DEPT,20210461413,Davidson,Nashville,9/1/2021 10:43:00 AM,2,0,0,36.238000,-86.785180,BRILEY PKWYE,,,,0.00,,,I24 W ENT RAMP,,,,0.00,Y,Y-Intersection,N,Non-Junction,None,,,         ,Christopher,Littles,Clear,Front to Rear,no,no,no,no,no,False
103077189,METROPOLITAN NASHVILLE POLICE DEPT,20210461120,Davidson,Antioch,9/1/2021 7:50:00 AM,2,2,0,36.047840,-86.612050,MURFREESBORO PKE,,,,0.00,,,MOUNTAIN SPRINGS RD,,,,0.00,Y,Four-Way,N,Intersection,None,,,         ,Thomas,White,Clear,HeadOn,no,no,no,no,no,False
103077190,METROPOLITAN NASHVILLE POLICE DEPT,20210461258,Davidson,Nashville,9/1/2021 9:08:00 AM,2,1,0,36.116620,-86.697770,MURFREESBORO PKE,,,,64.00,Feet,West,MCGAVOCK PKE,,,,0.00,N,Not at Intersection,Y,Non-Junction,None,,,         ,MIchael,Mihajlov,Clear,"Sideswipe, Same Direction",no,no,no,no,no,False
103077194,METROPOLITAN NASHVILLE POLICE DEPT,20210461435,Davidson,Nashville,9/1/2021 11:00:00 AM,2,0,0,36.152350,-86.769010,2ND AVS,,,,0.00,,,LINDSLEY AV,,,,0.00,Y,Four-Way, ,Intersection,None,,,         ,Wesley,Young,Clear,Front to Rear,no,no,no,no,no,False
103077245,METROPOLITAN NASHVILLE POLICE DEPT,20210461459,Davidson,Nashville,9/1/2021 11:15:00 AM,2,1,0,36.113950,-86.810880,WOODMONT BLVD,,,,0.00,Feet,,HILLSBORO PKE,,,,0.00,Y,Four-Way,Y,Intersection-Related,None,,,         ,Tristan,Krausman,Clear,Front to Rear,no,no,no,no,no,False
103077252,METROPOLITAN NASHVILLE POLICE DEPT,20210461429,Davidson,Nashville,9/1/2021 10:50:00 AM,3,0,0,36.164810,-86.760670,S 5TH ST,,,,263.00,Feet,South,SUMMER PL,,,,0.00,N,Not at Intersection,N,Non-Junction,None,,,         ,Eric,Hall,Clear,"Sideswipe, Same Direction",no,no,no,no,no,False
103077263,METROPOLITAN NASHVILLE POLICE DEPT,20210461550,Davidson,Goodlettsville,9/1/2021 12:13:00 PM,2,0,0,36.293770,-86.703710,ALTA LOMA RD,,,,0.00,,,RIVERGATE SQUARE PVTDR,,,,0.00,Y,T-Intersection,N,Intersection,None,,,         ,Christopher,Littles,Cloudy,Angle,no,no,no,no,no,False
103077270,METROPOLITAN NASHVILLE POLICE DEPT,20210461328,Davidson,Nashville,9/1/2021 9:51:00 AM,3,2,0,36.205170,-86.758270,E TRINITY LN,,,,193.00,Feet,West,JONES AV,,,,0.00,N,Not at Intersection,N,Non-Junction,Construction Zone,Work On Shoulder Or Median,Activity Area,         ,Joseph,Progar,Clear,Front to Rear,no,no,no,no,no,False
103077274,METROPOLITAN NASHVILLE POLICE DEPT,20210461412,Davidson,Nashville,9/1/2021 10:44:00 AM,2,0,0,36.209780,-86.871560,ASHLAND CITY HWY,,,,0.00,,,BRILEY PKWYN,,,,0.00,Y,Four-Way, ,,None,,,         ,James,Wray,,,no,no,no,no,no,False
103077349,METROPOLITAN NASHVILLE POLICE DEPT,20210461586,Davidson,Nashville,9/1/2021 12:20:00 PM,3,0,0,36.150680,-86.749560,I 40,,,,0.00,,,,,,,211.60,N,Not at Intersection,N,Non-Junction,None,,,         ,Hunter,Hodge,Clear,Angle,no,no,no,no,no,False
103077382,METROPOLITAN NASHVILLE POLICE DEPT,20210461764,Davidson,Nashville,9/1/2021 2:05:00 PM,2,0,0,36.110140,-86.723550,I24 E EXT RAMP,,,,0.00,,,I 24,,,,0.00,Y,Y-Intersection, ,Entrance/Exit Ramp Related,None,,,         ,Todd,Watson,Clear,Angle,no,no,no,no,no,False