master_record_number,agency,agency_tracking_number,county,city,collision_date,vehicles_involved,number_injured,number_dead,latitude,longitude,roadway_name,roadway_suffix,roadway_number,roadway_local_id,distance_from_reference,miles-feet_indicator,direction_from_reference,intersection_road_name,intersection_road_name_suffix,intersection_road_number,intersection_local_id,mile_marker,intersection_indicator,intersect_type,interchange_related_indicator,relation_to_junction,work_zone_type,construction_maintenance_zone,construction_maintenance_zone_location,fatal_case_number,officer_first_name,officer_last_name,weather_condition(s),manner_of_crash,pedestrian,bicycle,scooter,parking,hitrun,mou
103079235,METROPOLITAN NASHVILLE POLICE DEPT,20210465672,Davidson,Nashville,9/3/2021 11:45:00 AM,2,0,0,36.135120,-86.704630,PATRICIA DR,,,,84.00,Feet,North,MASSMAN DR,,,,0.00,N,Not at Intersection,N,"Driveway, Alley Access, etc",None,,,         ,Michael,Dance,Clear,"Sideswipe, Same Direction",no,no,no,no,yes,False
103079277,METROPOLITAN NASHVILLE POLICE DEPT,20210465729,Davidson,Nashville,9/3/2021 1:20:00 PM,2,0,0,36.144540,-86.739630,I 40,,,,0.00,,,,,,,212.30,N,Not at Intersection, ,Non-Junction,None,,,         ,Michael,Dance,Clear,"Sideswipe, Same Direction",no,no,no,no,no,False
103079281,METROPOLITAN NASHVILLE POLICE DEPT,20210465720,Davidson,Nashville,9/3/2021 12:45:00 PM,2,0,0,36.115220,-86.778040,I65 ENT RAMP,,,,0.00,,,I 440,,,,0.00,Y,OTHER,Y,Entrance/Exit Ramp Related,None,,,         ,Jackson,Smythe,Clear,Front to Rear,no,no,no,no,no,False
103079315,METROPOLITAN NASHVILLE POLICE DEPT,20210465734,Davidson,Nashville,9/3/2021 12:40:00 PM,2,0,0,36.229990,-86.759170,DICKERSON PKE,,,,222.00,Feet,North,BROADMOOR DR,,,,0.00,N,Not at Intersection, ,,None,,,         ,Matthew,Herod,,,no,no,no,no,no,False
103079348,METROPOLITAN NASHVILLE POLICE DEPT,20210465767,Davidson,Nashville,9/3/2021 12:45:00 PM,2,1,0,36.150980,-86.854510,CHARLOTTE PKE,,,,882.00,Feet,East,ORLANDO AV,,,,0.00,N,Not at Intersection,N,Non-Junction,None,,,         ,Bradley,Pope,Clear,Front to Rear,no,no,no,no,yes,False
103079371,METROPOLITAN NASHVILLE POLICE DEPT,20210465744,Davidson,Nashville,9/3/2021 12:50:00 PM,3,2,0,36.028530,-86.712590,NOLENSVILLE PKE,,,,632.00,Feet,North,LORDS CHAPEL DR,,,,0.00,N,Not at Intersection,N,Non-Junction,None,,,         ,Thomas,White,Clear,Front to Rear,no,no,no,no,yes,False
103079381,METROPOLITAN NASHVILLE POLICE DEPT,20210465578,Davidson,Not in City Limit,9/3/2021 11:36:00 AM,1,1,0,36.329460,-86.869400,WHITES CREEK PKE,,,,942.00,Feet,North,WHITES CREEK PKE PVTDR,,,,0.00,N,Not at Intersection,N,Non-Junction,None,,,         ,Jeanine,Sarno,Clear,Not Collision with Motor Vehicle in Transport,no,no,no,no,no,False
103079402,METROPOLITAN NASHVILLE POLICE DEPT,20210465380,Davidson,Nashville,9/3/2021 9:23:00 AM,2,0,0,36.193880,-86.835630,JOHN MALLETTE DR,,,,0.00,,,MANCHESTER AV,,,,0.00,Y,Four-Way,N,Intersection-Related,None,,,         ,Peyton,Wheatley,Clear,Angle,no,no,no,no,no,False
103079443,METROPOLITAN NASHVILLE POLICE DEPT,20210465792,Davidson,Nashville,9/3/2021 2:29:00 PM,2,1,0,36.041040,-86.746280,OLD HICKORY BLVD,,,,560.00,Feet,East,BRENTWOOD MEADOWS CIR,,,,0.00,N,Not at Intersection,N,Non-Junction,None,,,         ,Cecelia,Brown,Clear,Angle,no,no,no,yes,no,False
103079453,METROPOLITAN NASHVILLE POLICE DEPT,20210465781,Davidson,Nashville,9/3/2021 1:43:00 PM,3,0,0,36.093880,-86.624860,HARBOR LIGHTS DR,,,,0.00,,,BELL RD,,,,0.00,Y,T-Intersection, ,Intersection,None,,,         ,Michael,Dance,Clear,Front to Rear,no,no,no,no,no,False
103079539,METROPOLITAN NASHVILLE POLICE DEPT,20210465655,Davidson,Nashville,9/3/2021 11:33:00 AM,2,0,0,36.192740,-86.801100,ROSA L PARKS BLVD,,,,232.00,Feet,East,ATHENS WAY,,,,0.00,N,Not at Intersection, ,Non-Junction,None,,,         ,Ronald,Bright,Cloudy,Angle,no,no,no,yes,no,False
103079540,METROPOLITAN NASHVILLE POLICE DEPT,20210465793,Davidson,Nashville,9/3/2021 2:30:00 PM,2,0,0,36.045050,-86.714770,BRENTWOOD EAST DR,,,,62.00,Feet,South,OLD HICKORY BLVD,,,,0.00,N,Not at Intersection, ,Non-Junction,None,,,         ,Tony,Folad,Clear,Angle,no,no,no,no,no,False
103079577,METROPOLITAN NASHVILLE POLICE DEPT,20210465871,Davidson,Nashville,9/3/2021 12:00:00 AM,2,0,0,36.232850,-86.758700,DICKERSON PKE,,,,105.00,Feet,South,MAPLEWOOD TRC,,,,0.00,N,Not at Intersection,N,Non-Junction,None,,,         ,Justen,Ogle,Clear,Angle,no,no,no,yes,yes,False
103079592,METROPOLITAN NASHVILLE POLICE DEPT,20210465866,Davidson,Goodlettsville,9/3/2021 1:20:00 PM,2,0,0,36.292180,-86.720510,I 65,,,,0.00,,,,,,,94.45,N,Not at Intersection, ,Non-Junction,None,,,         ,Bobby,Ehman,Cloudy,"Sideswipe, Same Direction",no,no,no,no,no,False
103079593,METROPOLITAN NASHVILLE POLICE DEPT,20210465893,Davidson,Nashville,9/3/2021 2:24:00 PM,3,0,0,36.151260,-86.750890,I 40,,,,0.00,,,,,,,211.55,N,Not at Intersection, ,Non-Junction,None,,,         ,Brandon,Chapman,Clear,Front to Rear,no,no,no,no,no,False
103079610,METROPOLITAN NASHVILLE POLICE DEPT,20210465804,Davidson,Nashville,9/3/2021 1:56:00 PM,3,1,0,36.025190,-86.632410,I 24,,,,0.00,,,,,,,61.60,N,Not at Intersection,N,Non-Junction,None,,,         ,Nathaniel,Myers,Clear,"Sideswipe, Same Direction",no,no,no,no,yes,False
103079617,METROPOLITAN NASHVILLE POLICE DEPT,20210465937,Davidson,Nashville,9/3/2021 4:04:00 PM,2,0,0,36.247840,-86.756800,DICKERSON PKE,,,,432.00,Feet,North,SKYLINE COMMONS PVTDR,,,,0.00,N,Not at Intersection, ,,None,,,         ,Kyle,Eicholtz,,,no,no,no,yes,no,False
103079654,METROPOLITAN NASHVILLE POLICE DEPT,20210465928,Davidson,Not in City Limit,9/3/2021 4:27:00 PM,2,1,0,36.308610,-86.681540,GALLATIN PKEN,,,,0.00,Feet,,RIVERCHASE BLVD,,,,0.00,Y,Four-Way,Y,Intersection,None,,,         ,Benjamin,Williams,Clear,Front to Rear,no,no,no,no,no,False
103079659,METROPOLITAN NASHVILLE POLICE DEPT,20210465966,Davidson,Nashville,9/3/2021 3:27:00 PM,2,0,0,36.151540,-86.721750,SPENCE LN,,,,342.00,Feet,North,SPENCE CIR,,,,0.00,N,Not at Intersection, ,Non-Junction,None,,,         ,Brandon,Chapman,Clear,"Sideswipe, Same Direction",no,no,no,no,yes,False
103079668,WILLIAMSON CO SHERIFFS OFFICE,2121156,Davidson,Nashville,9/3/2021 11:02:00 AM,1,0,0,36.029040,-86.918700,SNEED RDW,,,,465.00,Feet,West,VAUGHN RD,,,,0.00,N,Not at Intersection,N,Non-Junction,None,,,         ,Jim,Zahn,Clear,Not Collision with Motor Vehicle in Transport,no,no,no,no,no,False
103079671,METROPOLITAN NASHVILLE POLICE DEPT,20210465936,Davidson,Nashville,9/3/2021 4:01:00 PM,2,0,0,36.121570,-86.754650,I440 E EXT RAMP,,,,0.00,,,I 440,,,,0.00,Y,OTHER, ,Non-Junction,None,,,         ,Ashley,Kappenmacher,Clear,Front to Rear,no,no,no,no,no,False
103079672,METROPOLITAN NASHVILLE POLICE DEPT,20210465927,Davidson,Nashville,9/3/2021 2:51:00 PM,2,0,0,36.067450,-86.718480,NOLENSVILLE PKE,,,,327.00,Feet,North,NORTHCREST DR,,,,0.00,N,Not at Intersection,N,Non-Junction,None,,,         ,Steven,Bowler,Clear,Angle,no,no,no,no,yes,False
103079678,METROPOLITAN NASHVILLE POLICE DEPT,20210465962,Davidson,Goodlettsville,9/3/2021 12:00:00 AM,2,0,0,36.299790,-86.696600,CUDE LN,,,,0.00,,,GALLATIN PKEN,,,,0.00,Y,Four-Way,Y,Intersection,None,,,         ,Wallace,Seay III,Clear,Angle,no,no,no,no,no,False
103079682,METROPOLITAN NASHVILLE POLICE DEPT,20210465933,Davidson,Nashville,9/3/2021 4:33:00 PM,2,0,0,36.150290,-86.857370,ORLANDO AV,,,,0.00,Feet,West,CHARLOTTE PKE,,,,0.00,N,Not at Intersection, ,Non-Junction,None,,,         ,Maria,Reynolds,Clear,Front to Rear,no,no,no,no,no,False
103079683,METROPOLITAN NASHVILLE POLICE DEPT,20210465843,Davidson,Nashville,9/3/2021 3:08:00 PM,2,2,0,36.090330,-86.626500,SMITH SPRINGS RD,,,,0.00,,,BELL RD,,,,0.00,Y,Four-Way,N,Intersection,None,,,         ,Robert,Marquez,Clear,Angle,no,no,no,no,no,False
103079691,METROPOLITAN NASHVILLE POLICE DEPT,20210465890,Davidson,Nashville,9/3/2021 3:49:00 PM,4,1,0,36.203400,-86.776840,I 65,,,,0.00,,,,,,,87.10,N,Not at Intersection,N,Non-Junction,None,,,         ,Gabriel,Centeno,Clear,Front to Rear,no,no,no,no,no,False
103079696,METROPOLITAN NASHVILLE POLICE DEPT,20210465932,Davidson,Nashville,9/3/2021 4:25:00 PM,3,1,0,36.158530,-86.759940,I 24,,,,0.00,,,,,,,49.70,N,Not at Intersection,N,Non-Junction,None,,,         ,Kevin,Clausius,Clear,Front to Rear,no,no,no,no,no,False
103079711,METROPOLITAN NASHVILLE POLICE DEPT,20210466115,Davidson,Nashville,9/3/2021 12:00:00 AM,2,0,0,36.147470,-86.814240,28TH AVN,,,,295.00,Feet,East,CENTENNIAL PARK PVTDR,,,,0.00,N,Not at Intersection,N,Non-Junction,None,,,         ,Goran,Manojlovic,Clear,"Sideswipe, Same Direction",no,no,no,no,yes,False
103079717,METROPOLITAN NASHVILLE POLICE DEPT,20210466043,Davidson,Nashville,9/3/2021 5:40:00 PM,2,1,0,36.137500,-86.799990,WEDGEWOOD AV,,,,229.00,Feet,East,21ST AVS,,,,0.00,N,Not at Intersection,N,Non-Junction,None,,,         ,Matthew,Hogan,Clear,Angle,no,no,no,no,no,Campus
103079730,THP District 3 - Nashville,321060417,Davidson,Not in City Limit,9/3/2021 12:40:00 PM,2,0,0,36.343390,-86.923510,I 24,,,,0.00,,,,,,,31.60,N,Not at Intersection,N,Non-Junction,None,,,         ,Jacob,Farley,Clear,Angle,no,no,no,no,no,False
103079746,METROPOLITAN NASHVILLE POLICE DEPT,20210466155,Davidson,Nashville,9/3/2021 6:53:00 PM,1,0,0,36.063900,-86.691580,PACKARD DR,,,,15.00,Feet,East,HORIZON PARK APTS PVTDR,,,,0.00,N,Not at Intersection,N,Non-Junction,None,,,         ,Garrett,Reingardt,Clear,Not Collision with Motor Vehicle in Transport,no,no,no,no,yes,False
103079760,METROPOLITAN NASHVILLE POLICE DEPT,20210465913,Davidson,Not in City Limit,9/3/2021 3:20:00 PM,2,0,0,36.287680,-86.784220,INDIAN SUMMER DR,,,,3.00,Feet,North,QUAIL RIDGE DR,,,,0.00,N,Not at Intersection,Y,Non-Junction,None,,,         ,Brandon,Lopez,Clear,Angle,no,no,no,no,no,False
103079761,VANDERBILT UNIVERSITY POLICE,202100466130,Davidson,Nashville,9/3/2021 6:18:00 PM,2,0,0,36.140840,-86.801480,DIXIE PL,,,,0.00,,,MEDICAL CENTER DR,,,,0.00,Y,OTHER, ,Non-Junction,None,,,         ,Joseph,Bishop,Clear,Front to Rear,no,no,no,yes,no,Campus
103079785,METROPOLITAN NASHVILLE POLICE DEPT,20210466166,Davidson,Nashville,9/3/2021 6:42:00 PM,2,0,0,36.154340,-86.788430,I 40,,,,0.00,,,,,,,209.20,N,Not at Intersection,N,Non-Junction,None,,,         ,Zachary,Plese,Clear,Front to Rear,no,no,no,no,no,False
103079794,METROPOLITAN NASHVILLE POLICE DEPT,20210466117,Davidson,Nashville,9/3/2021 6:29:00 PM,2,1,0,36.083330,-86.698470,I 24,,,,0.00,,,,,,,55.95,N,Not at Intersection,N,Non-Junction,None,,,         ,Adam,Kauffman,Clear,"Sideswipe, Same Direction",no,no,no,no,no,False
103079799,METROPOLITAN NASHVILLE POLICE DEPT,20210466083,Davidson,Goodlettsville,9/3/2021 3:36:00 PM,2,0,0,36.296400,-86.698780,MYATT DR,,,,178.00,Feet,North,RIVERGATE STATION PVTDR,,,,0.00,N,Not at Intersection,N,Non-Junction,None,,,         ,Zachary,Aldrich,Clear,Angle,no,no,no,no,yes,False
103079808,METROPOLITAN NASHVILLE POLICE DEPT,20210466194,Davidson,Nashville,9/3/2021 12:00:00 AM,2,1,0,36.229380,-86.759280,BROADMOOR DR,,,,0.00,Feet,,DICKERSON PKE,,,,0.00,Y,Four-Way,N,Intersection-Related,None,,,         ,Justen,Ogle,Clear,Angle,no,no,no,no,no,False
103079822,Nashville Airport Police,2021-03380,Davidson,Nashville,9/3/2021 12:00:00 AM,2,2,0,36.137040,-86.664180,DONELSON PKE,,,,861.00,Feet,South,I40 E ENT RAMP,,,,0.00,N,Not at Intersection,N,Non-Junction,None,,,         ,Zachary,Voigts,Clear,Angle,no,no,no,no,no,False
103079825,METROPOLITAN NASHVILLE POLICE DEPT,20210466202,Davidson,Nashville,9/3/2021 7:29:00 PM,1,0,0,36.146530,-86.742560,I 40,,,,0.00,,,,,,,212.10,N,Not at Intersection,N,Non-Junction,None,,,         ,Mary,Robinson,Clear,Not Collision with Motor Vehicle in Transport,no,no,no,no,no,False
103079844,METROPOLITAN NASHVILLE POLICE DEPT,20210466122,Davidson,Nashville,9/3/2021 6:33:00 PM,3,2,0,36.064790,-86.628480,HAMILTON CHURCH RD,,,,0.00,Feet,,MURFREESBORO PKE,,,,0.00,Y,Four-Way,N,Intersection-Related,None,,,         ,Nathaniel,Myers,Cloudy,Front to Rear,no,no,no,no,no,False
103079845,METROPOLITAN NASHVILLE POLICE DEPT,20210466061,Davidson,Nashville,9/3/2021 5:49:00 PM,2,0,0,36.071830,-86.636130,MURFREESBORO PKE,,,,22.00,Feet,South,BELL RD,,,,0.00,N,Not at Intersection, ,Non-Junction,None,,,         ,Nathaniel,Myers,Clear,Front to Rear,no,no,no,no,no,False
103079846,METROPOLITAN NASHVILLE POLICE DEPT,20210466111,Davidson,Antioch,9/3/2021 3:36:00 PM,1,0,0,36.073640,-86.597780,COUNTRY WAY RD,,,,183.00,Feet,West,SEBETHA CT,,,,0.00,N,Not at Intersection,N,Non-Junction,None,,,         ,Nathaniel,Myers,Clear,Not Collision with Motor Vehicle in Transport,no,no,no,no,yes,False
103079848,METROPOLITAN NASHVILLE POLICE DEPT,20210466190,Davidson,Nashville,9/3/2021 6:30:00 PM,2,0,0,36.207570,-86.776150,I 65,,,,0.00,,,,,,,87.40,N,Not at Intersection, ,Non-Junction,None,,,         ,Joao,Pinho,Clear,"Sideswipe, Same Direction",no,no,no,no,no,False
103079856,METROPOLITAN NASHVILLE POLICE DEPT,20210466183,Davidson,Nashville,9/3/2021 6:42:00 PM,2,0,0,36.065740,-86.629470,MURFREESBORO PKE,,,,1.00,Feet,South,HAMILTON CROSSINGS,,,,0.00,N,Not at Intersection, ,,None,,,         ,Gabriel,Hamilton,,,no,no,no,no,no,False
103079908,METROPOLITAN NASHVILLE POLICE DEPT,20210465930,Davidson,Nashville,9/3/2021 4:25:00 PM,3,0,0,36.082610,-86.727250,NOLENSVILLE PKE,,,,0.00,,,WELSHWOOD DR,,,,0.00,Y,T-Intersection,Y,Intersection-Related,None,,,         ,Eric,Modransky,Clear,Front to Rear,no,no,no,no,no,False
103079916,METROPOLITAN NASHVILLE POLICE DEPT,20210466207,Davidson,Antioch,9/3/2021 5:00:00 PM,2,0,0,36.015140,-86.620260,I24 W EXT RAMP,,,,0.00,Feet,East,I 24,,,,0.00,N,Not at Intersection, ,Non-Junction,None,,,         ,Corey,Reed,Clear,Angle,no,no,no,no,no,False
103079931,TENNESSEE STATE UNIVERSITY ,21-TSU-31560,Davidson,Nashville,9/3/2021 3:00:00 PM,2,0,0,36.161850,-86.830780,CLARE AV,,,,0.00,,,T S JACKSON AV,,,,0.00,Y,OTHER, ,,None,,,         ,Harold,Taylor,,,no,no,no,yes,no,False
103079952,METROPOLITAN NASHVILLE POLICE DEPT,20210466307,Davidson,Nashville,9/3/2021 8:29:00 PM,2,0,0,36.161350,-86.760350,I 24,,,,0.00,,,,,,,49.40,N,Not at Intersection, ,,None,,,         ,Zachary,Aldrich,,,no,no,no,no,no,False
103079962,METROPOLITAN NASHVILLE POLICE DEPT,20210464806,Davidson,Nashville,9/3/2021 12:21:00 AM,2,0,0,36.049980,-86.649500,BELL RD,,,,0.00,Feet,,MT VIEW RD,,,,0.00,Y,Four-Way,Y,Intersection,None,,,         ,Rico,Hunt,Clear,Angle,no,no,no,no,no,False
103079980,METROPOLITAN NASHVILLE POLICE DEPT,20210466282,Davidson,Nashville,9/3/2021 6:10:00 PM,2,0,0,36.179370,-86.747800,GARTLAND AV,,,,108.00,Feet,East,N 12TH ST,,,,0.00,N,Not at Intersection,N,Non-Junction,None,,,         ,Marc,Kozen,Clear,"Sideswipe, Same Direction",no,no,no,no,yes,False
103080006,METROPOLITAN NASHVILLE POLICE DEPT,20210466349,Davidson,Nashville,9/3/2021 9:40:00 PM,3,0,0,36.040500,-86.780110,OLD HICKORY BLVD,,,,229.00,Feet,East,I65 N ENT RAMP,,,,0.00,N,Not at Intersection,N,Non-Junction,None,,,         ,Eric,Modransky,Clear,Front to Rear,no,no,no,no,yes,False
103080029,METROPOLITAN NASHVILLE POLICE DEPT,20210466415,Davidson,Nashville,9/3/2021 7:00:00 PM,2,0,0,36.200260,-86.632240,JACKSONIAN DR,,,,15.00,Feet,South,BONNALYNN DR,,,,0.00,N,Not at Intersection,N,Non-Junction,None,,,         ,Nelson,Hemingway,Clear,Front to Rear,no,no,no,no,no,False
103080062,METROPOLITAN NASHVILLE POLICE DEPT,20210466209,Davidson,Nashville,9/3/2021 4:00:00 PM,2,0,0,36.173790,-86.822580,DR WALTER S DAVIS BLVD,,,,0.00,,,ED TEMPLE BLVD,,,,0.00,Y,Four-Way,N,Intersection,None,,,         ,Anna,Clayton,Clear,Front to Rear,no,no,no,no,yes,False
103080086,METROPOLITAN NASHVILLE POLICE DEPT,20210466523,Davidson,Not in City Limit,9/3/2021 12:00:00 AM,1,0,0,36.308650,-86.877510,EATONS CREEK RD,,,,881.00,Feet,South,RAWLINGS RD,,,,0.00,N,Not at Intersection,N,Non-Junction,None,,,         ,Thomas,Clingan,Clear,Not Collision with Motor Vehicle in Transport,no,no,no,no,yes,False
103080092,METROPOLITAN NASHVILLE POLICE DEPT,20210466547,Davidson,Nashville,9/3/2021 11:20:00 PM,2,0,0,36.143390,-86.686920,I 40,,,,0.00,,,,,,,215.45,N,Not at Intersection, ,Non-Junction,None,,,         ,Daniel,Fuentes,Clear,"Sideswipe, Same Direction",no,no,no,no,no,False
103080099,METROPOLITAN NASHVILLE POLICE DEPT,20210466533,Davidson,Nashville,9/3/2021 6:41:00 PM,2,0,0,36.067230,-86.661670,UNA ANTIOCH PKE,,,,0.00,Feet,East,RICHARDS RD,,,,0.00,N,Not at Intersection,N,Non-Junction,None,,,         ,Tavin,Emlund,Clear,Front to Rear,no,no,no,no,yes,False
103080115,METROPOLITAN NASHVILLE POLICE DEPT,20210466645,Davidson,Nashville,9/4/2021 1:15:00 AM,2,1,0,36.141130,-86.627970,BELL RD,,,,0.00,,,ELM HILL PKE,,,,0.00,Y,OTHER,N,Intersection,None,,,         ,William,Sutherland,Cloudy,Front to Rear,no,no,no,no,no,False
103080116,METROPOLITAN NASHVILLE POLICE DEPT,20210466591,Davidson,Antioch,9/4/2021 12:02:00 AM,1,0,0,36.047840,-86.612050,MURFREESBORO PKE,,,,1284.00,Feet,North,MOUNTAIN SPRINGS RD,,,,0.00,N,Not at Intersection,N,Non-Junction,None,,,         ,D’Mitri,Mackall,Clear,Not Collision with Motor Vehicle in Transport,no,no,no,no,no,False
103080126,METROPOLITAN NASHVILLE POLICE DEPT,20210466739,Davidson,Nashville,9/3/2021 1:20:00 AM,3,0,0,36.151850,-86.771280,4TH AVS,,,,0.00,,,LAFAYETTE ST,,,,0.00,Y,Four-Way, ,Intersection-Related,None,,,         ,Nathaniel,Jones,Clear,Front to Rear,no,no,no,no,no,False
103080131,METROPOLITAN NASHVILLE POLICE DEPT,20210466569,Davidson,Not in City Limit,9/3/2021 11:41:00 PM,1,0,0,36.067650,-86.993410,AVONDALE PARK BLVD,,,,57.00,Feet,West,DONCASTER LN,,,,0.00,N,Not at Intersection,N,Non-Junction,None,,,         ,Christopher,Alceus,Clear,Not Collision with Motor Vehicle in Transport,no,no,no,no,yes,False
103080162,METROPOLITAN NASHVILLE POLICE DEPT,20210466698,Davidson,Nashville,9/4/2021 1:56:00 AM,2,2,0,36.075890,-86.660130,UNA ANTIOCH PKE,,,,41.00,Feet,West,TREETOP DR,,,,0.00,N,Not at Intersection,N,Non-Junction,None,,,         ,Tyler,Lewis,Clear,HeadOn,no,no,no,no,no,False
103080185,METROPOLITAN NASHVILLE POLICE DEPT,20210466819,Davidson,Nashville,9/4/2021 4:26:00 AM,2,0,0,36.191500,-86.786340,I 65,,,,0.00,,,,,,,86.00,N,Not at Intersection,N,Non-Junction,None,,,         ,Kelcey,Bell,Clear,Not Collision with Motor Vehicle in Transport,no,no,no,no,no,False
103080224,METROPOLITAN NASHVILLE POLICE DEPT,20210466780,Davidson,Nashville,9/4/2021 3:29:00 AM,2,2,0,36.082200,-86.711940,HARDING PL,,,,458.00,Feet,West,RICHBRIAR CIR,,,,0.00,N,Not at Intersection,N,Non-Junction,None,,,         ,Rico,Hunt,Clear,HeadOn,no,no,no,no,yes,False
103080225,METROPOLITAN NASHVILLE POLICE DEPT,20210466868,Davidson,Nashville,9/4/2021 6:20:00 AM,2,1,0,36.171760,-86.886820,COCKRILL BEND BLVD,,,,30.00,Feet,East,TUNE AIRPORT DR,,,,0.00,N,Not at Intersection,N,Non-Junction,None,,,         ,Billy,Price,Clear,Not Collision with Motor Vehicle in Transport,no,no,no,no,no,False
103080238,METROPOLITAN NASHVILLE POLICE DEPT,20210466899,Davidson,Madison,9/4/2021 12:00:00 AM,2,0,0,36.267470,-86.699370,N DUPONT AV,,,,146.00,Feet,West,N DUPONT AV PVTDR,,,,0.00,N,Not at Intersection,N,Non-Junction,None,,,         ,Wesley,Mcclelland,Clear,HeadOn,no,no,no,no,yes,False
103080276,METROPOLITAN NASHVILLE POLICE DEPT,20210466901,Davidson,Nashville,9/4/2021 7:22:00 AM,2,0,0,36.183610,-86.610570,OLD HICKORY BLVD,,,,31.00,Feet,East,ANDREW JACKSON PKWY,,,,0.00,N,Not at Intersection, ,,None,,,         ,Rex,Engelbert,,,no,no,no,no,no,False
103080285,METROPOLITAN NASHVILLE POLICE DEPT,20210466875,Davidson,Not in City Limit,9/4/2021 5:55:00 AM,2,0,0,36.021640,-86.628840,I 24,,,,0.00,,,,,,,61.90,N,Not at Intersection, ,Non-Junction,None,,,         ,Vincent,McCrary,Clear,Front to Rear,no,no,no,no,yes,False
103080314,METROPOLITAN NASHVILLE POLICE DEPT,20210466962,Davidson,Not in City Limit,9/4/2021 3:34:00 AM,1,0,0,36.259580,-86.677200,NOTTINGHAM DR,,,,0.00,,,SHYRE CT,,,,0.00,Y,OTHER,N,Non-Junction,None,,,         ,Eric,Richardson,Clear,Not Collision with Motor Vehicle in Transport,no,no,no,yes,yes,False
103080325,METROPOLITAN NASHVILLE POLICE DEPT,20210466989,Davidson,Nashville,9/4/2021 9:00:00 AM,2,1,0,36.155440,-86.811360,CHARLOTTE AV,,,,215.00,Feet,East,25TH AVN,,,,0.00,N,Not at Intersection,N,Non-Junction,None,,,         ,Steven,Meador,Clear,Angle,no,no,no,no,no,False
103080356,METROPOLITAN NASHVILLE POLICE DEPT,20210467019,Davidson,Nashville,9/4/2021 9:41:00 AM,1,1,0,36.045370,-86.713260,OLD HICKORY BLVD,,,,0.00,,,NOLENSVILLE PKE,,,,0.00,Y,Four-Way,N,Intersection,None,,,         ,Cecelia,Brown,Clear,Not Collision with Motor Vehicle in Transport,no,no,yes,no,no,False
103080406,METROPOLITAN NASHVILLE POLICE DEPT,20210467073,Davidson,Nashville,9/4/2021 10:55:00 AM,2,0,0,36.134200,-86.889330,CHARLOTTE PKE,,,,259.00,Feet,East,HILLWOOD PRIVATE CV,,,,0.00,N,Not at Intersection, ,Non-Junction,None,,,         ,Jeffery,Leiser,Clear,Front to Rear,no,no,no,no,no,False
103080411,METROPOLITAN NASHVILLE POLICE DEPT,20210467108,Davidson,Nashville,9/4/2021 11:40:00 AM,2,0,0,36.226450,-86.725410,WINDING WAY,,,,0.00,Feet,East,GALLATIN PKE,,,,0.00,N,Not at Intersection, ,,None,,,         ,Matthew,Herod,,,no,no,no,no,no,False
103080419,METROPOLITAN NASHVILLE POLICE DEPT,20210467066,Davidson,Nashville,9/4/2021 10:50:00 AM,2,2,0,36.233540,-86.702740,MUSIC VALLEY DR,,,,927.00,Feet,North,BRILEY PKWYE,,,,0.00,N,Not at Intersection,N,Non-Junction,None,,,         ,Patrick,Lancaster,Clear,HeadOn,no,no,no,no,no,False
103080420,METROPOLITAN NASHVILLE POLICE DEPT,20210467113,Davidson,Nashville,9/4/2021 11:55:00 AM,2,0,0,36.040900,-86.779380,STONE BROOK DR,,,,0.00,Feet,,OLD HICKORY BLVD,,,,0.00,Y,Four-Way,N,Intersection,None,,,         ,Cecelia,Brown,Clear,Angle,no,no,no,no,no,False
103080423,METROPOLITAN NASHVILLE POLICE DEPT,20210467093,Davidson,Not in City Limit,9/4/2021 11:20:00 AM,3,2,0,36.337900,-86.914520,I 24,,,,0.00,,,,,,,32.20,N,Not at Intersection,N,Non-Junction,None,,,         ,Gregory,Scott,Clear,Front to Rear,no,no,no,no,no,False
103080444,METROPOLITAN NASHVILLE POLICE DEPT,20210467139,Davidson,Nashville,9/4/2021 12:33:00 PM,2,0,0,36.158810,-86.776330,DEMONBREUN ST,,,,144.00,Feet,West,4TH AVS,,,,0.00,N,Not at Intersection,N,Non-Junction,None,,,         ,Dylan,Motes,Clear,"Sideswipe, Same Direction",no,no,no,no,yes,False
103080449,METROPOLITAN NASHVILLE POLICE DEPT,20210467032,Davidson,Nashville,9/4/2021 10:04:00 AM,1,0,1,36.122190,-86.705310,MURFREESBORO PKE,,,,193.00,Feet,West,KERMIT DR,,,,0.00,N,Not at Intersection,N,Non-Junction,None,,,         ,Donald,Davidson,Clear,Not Collision with Motor Vehicle in Transport,yes,no,no,no,no,False
103080450,METROPOLITAN NASHVILLE POLICE DEPT,20210467097,Davidson,Nashville,9/4/2021 11:22:00 AM,1,0,0,36.140010,-86.746480,FESSLERS LN,,,,173.00,Feet,North,ENOS REED DR,,,,0.00,N,Not at Intersection,N,Non-Junction,None,,,         ,Tyler,Heckaman,Clear,Not Collision with Motor Vehicle in Transport,no,no,no,no,yes,False
103080451,METROPOLITAN NASHVILLE POLICE DEPT,20210467096,Davidson,Nashville,9/4/2021 11:28:00 AM,4,0,0,36.209580,-86.776090,I 65,,,,0.00,,,,,,,87.55,N,Not at Intersection, ,Non-Junction,None,,,         ,Tyler,Adcock,Clear,Front to Rear,no,no,no,no,no,False