master_record_number,agency,agency_tracking_number,county,city,collision_date,vehicles_involved,number_injured,number_dead,latitude,longitude,roadway_name,roadway_suffix,roadway_number,roadway_local_id,distance_from_reference,miles-feet_indicator,direction_from_reference,intersection_road_name,intersection_road_name_suffix,intersection_road_number,intersection_local_id,mile_marker,intersection_indicator,intersect_type,interchange_related_indicator,relation_to_junction,work_zone_type,construction_maintenance_zone,construction_maintenance_zone_location,fatal_case_number,officer_first_name,officer_last_name,weather_condition(s),manner_of_crash,pedestrian,bicycle,scooter,parking,hitrun,mou
103081776,METROPOLITAN NASHVILLE POLICE DEPT,20210469080,Davidson,Nashville,9/5/2021 9:40:00 PM,4,2,0,36.160990,-86.758460,S 5TH ST,,,,0.00,,,DAVIDSON ST,,,,0.00,Y,T-Intersection,N,Intersection-Related,None,,,         ,Jason,Milyaro Lucas,Clear,Angle,no,no,no,no,no,False
103081795,METROPOLITAN NASHVILLE POLICE DEPT,20210469097,Davidson,Nashville,9/5/2021 10:10:00 PM,2,1,0,36.206460,-86.776030,W TRINITY LN,,,,59.00,Feet,West,I65 N ENT RAMP,,,,0.00,N,Not at Intersection,N,Non-Junction,None,,,         ,Keegan,Winchell,Clear,Front to Rear,no,no,no,no,no,False
103081797,METROPOLITAN NASHVILLE POLICE DEPT,20210469075,Davidson,Nashville,9/5/2021 8:55:00 PM,2,0,0,36.218630,-86.803290,WHITES CREEK PKE,,,,0.00,,,,,,,0.00,,, ,Non-Junction,None,,,         ,Craig,Paschetti,Cloudy,Unknown,no,no,no,yes,yes,False
103081798,METROPOLITAN NASHVILLE POLICE DEPT,20210469092,Davidson,Nashville,9/5/2021 10:06:00 PM,2,0,0,36.160740,-86.777830,BROADWAY,,,,204.00,Feet,East,5TH AVS,,,,0.00,N,Not at Intersection,N,Non-Junction,None,,,         ,James,Hill,Cloudy,Front to Rear,no,no,no,no,yes,False
103081802,METROPOLITAN NASHVILLE POLICE DEPT,20210468991,Davidson,Nashville,9/5/2021 5:30:00 PM,3,0,0,36.220500,-86.809570,BALDWIN CT,,,,369.00,Feet,East,ROWAN DR,,,,0.00,N,Not at Intersection,N,Non-Junction,None,,,         ,Chase,Harriman,Cloudy,"Sideswipe, Same Direction",no,no,no,no,yes,False
103081825,METROPOLITAN NASHVILLE POLICE DEPT,20210469204,Davidson,Nashville,9/5/2021 11:30:00 PM,2,0,0,36.154960,-86.788180,13TH AVS,,,,4.00,Feet,North,MCGAVOCK ST,,,,0.00,N,Not at Intersection,N,Non-Junction,None,,,         ,Cory,Fetner,Clear,Front to Rear,no,no,no,no,no,False
103081861,METROPOLITAN NASHVILLE POLICE DEPT,20210469301,Davidson,Nashville,9/5/2021 11:09:00 PM,2,0,0,36.220910,-86.627800,BRACKENWOOD DR,,,,0.00,,,BRANNON HILL CT,,,,0.00,Y,T-Intersection,N,Intersection,None,,,         ,Jacob,West,,"Sideswipe, Opposite Direction",no,no,no,no,no,False
103081862,METROPOLITAN NASHVILLE POLICE DEPT,20210469312,Davidson,Nashville,9/6/2021 1:02:00 AM,1,0,0,36.119090,-86.749320,NOLENSVILLE PKE,,,,0.00,,,NEWSOME ST,,,,0.00,Y,T-Intersection,N,Non-Junction,None,,,         ,Brian,Quigley,Clear,Not Collision with Motor Vehicle in Transport,no,no,no,no,yes,False
103081867,METROPOLITAN NASHVILLE POLICE DEPT,20210469316,Davidson,Nashville,9/6/2021 12:47:00 AM,2,0,0,36.151010,-86.796490,19TH AVS,,,,0.00,,,BROADWAY,,,,0.00,Y,Four-Way, ,Intersection,None,,,         ,Aaron,Brumley,Clear,Angle,no,no,no,no,no,False
103081885,METROPOLITAN NASHVILLE POLICE DEPT,20210469318,Davidson,Nashville,9/6/2021 12:00:00 AM,2,0,0,36.079600,-86.726320,HARDING PL,,,,0.00,Feet,,NOLENSVILLE PKE,,,,0.00,Y,Four-Way,Y,Intersection,None,,,         ,Clayton,Cox,Clear,Angle,no,no,no,no,no,False
103081886,METROPOLITAN NASHVILLE POLICE DEPT,20210469115,Davidson,Nashville,9/5/2021 10:44:00 PM,2,0,0,36.039500,-86.780190,SUMMIT VIEW DR,,,,273.00,Feet,East,STONE BROOK DR,,,,0.00,N,Not at Intersection, ,Non-Junction,None,,,         ,Sierra,Walker,Clear,Rear to Side,no,no,no,yes,no,False
103081891,METROPOLITAN NASHVILLE POLICE DEPT,20210469400,Davidson,Nashville,9/6/2021 12:00:00 AM,1,0,0,36.064870,-86.717270,NOLENSVILLE PKE,,,,557.00,Feet,East,NORTHCREST DR,,,,0.00,N,Not at Intersection,N,Non-Junction,None,,,         ,Clayton,Cox,Clear,Not Collision with Motor Vehicle in Transport,no,no,no,no,yes,False
103081893,METROPOLITAN NASHVILLE POLICE DEPT,20210469348,Davidson,Nashville,9/6/2021 2:10:00 AM,2,0,0,36.182640,-86.796110,7TH AVN,,,,120.00,Feet,South,BUCHANAN ST,,,,0.00,N,Not at Intersection,N,Non-Junction,None,,,         ,Christopher,Royer,Clear,Front to Rear,no,no,no,no,yes,False
103081907,METROPOLITAN NASHVILLE POLICE DEPT,20210469427,Davidson,Nashville,9/6/2021 4:20:00 AM,1,0,0,36.152660,-86.765740,I 40,,,,0.00,,,,,,,210.60,N,Not at Intersection,N,Non-Junction,None,,,         ,Damon,Hutcheson,Cloudy,Not Collision with Motor Vehicle in Transport,no,no,no,no,no,False
103081918,METROPOLITAN NASHVILLE POLICE DEPT,20210469364,Davidson,Nashville,9/6/2021 2:37:00 AM,1,1,0,36.202260,-86.737710,LITTON AV,,,,159.00,Feet,West,DAVIS AV,,,,0.00,N,Not at Intersection,N,Non-Junction,None,,,         ,Peter,Kinsey,Clear,Not Collision with Motor Vehicle in Transport,no,no,no,no,no,False
103081922,METROPOLITAN NASHVILLE POLICE DEPT,20210469453,Davidson,Nashville,9/6/2021 5:02:00 AM,1,1,0,36.136370,-86.629850,BELL RD,,,,0.00,,,,,,,0.00,,,N,Intersection,None,,,         ,Richard,Luellen,Clear,Not Collision with Motor Vehicle in Transport,no,no,no,no,no,False
103081928,METROPOLITAN NASHVILLE POLICE DEPT,20210469489,Davidson,Nashville,9/6/2021 6:10:00 AM,2,0,0,36.142700,-86.744060,MURFREESBORO PKE,,,,97.00,Feet,East,FESSLERS LN,,,,0.00,N,Not at Intersection, ,Non-Junction,None,,,         ,Daniel,Fuentes,Clear,"Sideswipe, Same Direction",no,no,no,no,yes,False
103081932,METROPOLITAN NASHVILLE POLICE DEPT,20210469438,Davidson,Nashville,9/6/2021 4:40:00 AM,2,0,0,36.169520,-86.743820,LONG AV,,,,238.00,Feet,West,S 16TH ST,,,,0.00,N,Not at Intersection,N,Non-Junction,None,,,         ,Jerre,Fly,Clear,Other,no,no,no,no,yes,False
103081940,METROPOLITAN NASHVILLE POLICE DEPT,20210469517,Davidson,Not in City Limit,9/6/2021 6:03:00 AM,1,0,0,36.079380,-86.964830,HIGHWAY 70S,,,,142.00,Feet,East,HOOTEN HOWS RD,,,,0.00,N,Not at Intersection, ,Non-Junction,None,,,         ,Jared,Dick,"Cloudy, Fog",Not Collision with Motor Vehicle in Transport,no,no,no,no,no,False
103081971,METROPOLITAN NASHVILLE POLICE DEPT,20210469495,Davidson,Nashville,9/6/2021 6:19:00 AM,2,1,0,36.105620,-86.671800,MURFREESBORO PKE,,,,0.00,,,EZELL PKE,,,,0.00,Y,T-Intersection,N,Intersection,None,,,         ,Sandra,Fly,Clear,Angle,no,no,no,no,no,False
103082021,METROPOLITAN NASHVILLE POLICE DEPT,20210469676,Davidson,Nashville,9/6/2021 9:30:00 AM,2,1,0,36.154960,-86.627160,I40 E EXT RAMP,,,,0.00,,,I 40,,,,0.00,Y,OTHER,Y,Entrance/Exit Ramp Related,None,,,         ,Michael,Brooks,Clear,Front to Rear,no,no,no,no,no,False
103082040,METROPOLITAN NASHVILLE POLICE DEPT,20210469667,Davidson,Nashville,9/6/2021 12:00:00 AM,2,0,0,36.191160,-86.796130,VANTAGE WAY,,,,315.00,Feet,East,FRENCH LANDING DR,,,,0.00,N,Not at Intersection,N,Non-Junction,None,,,         ,Jean,McCormack,Unknown,Other,no,no,no,yes,yes,False
103082068,METROPOLITAN NASHVILLE POLICE DEPT,20210469786,Davidson,Nashville,9/6/2021 10:30:00 AM,2,1,0,36.044770,-86.661530,BELL RD,,,,10.00,Feet,West,CANE RIDGE RD,,,,0.00,N,Not at Intersection,N,Non-Junction,None,,,         ,Joe,Hooper,Clear,Front to Rear,no,no,no,no,no,False
103082090,METROPOLITAN NASHVILLE POLICE DEPT,20210469851,Davidson,Nashville,9/6/2021 12:25:00 PM,2,1,0,36.086760,-86.694710,HARDING PL,,,,368.00,Feet,East,METROPLEX DR,,,,0.00,N,Not at Intersection,N,Non-Junction,None,,,         ,Joe,Hooper,Clear,Angle,no,no,no,no,yes,False
103082126,METROPOLITAN NASHVILLE POLICE DEPT,20210469847,Davidson,Madison,9/6/2021 12:23:00 PM,2,0,0,36.273440,-86.710040,ANDERSON LN,,,,0.00,,,GALLATIN PKEN,,,,0.00,Y,T-Intersection, ,Intersection,None,,,         ,Christopher,Littles,Clear,"Sideswipe, Same Direction",no,no,no,no,no,False
103082173,METROPOLITAN NASHVILLE POLICE DEPT,20210469905,Davidson,Nashville,9/6/2021 12:47:00 PM,2,1,0,36.037540,-86.785480,OLD HICKORY BLVD,,,,107.00,Feet,East,WILSON PIKE CIR,,,,0.00,N,Not at Intersection,N,Non-Junction,None,,,         ,Gary,Sneed,Clear,Front to Rear,no,no,no,no,no,False
103082198,METROPOLITAN NASHVILLE POLICE DEPT,20210469935,Davidson,Nashville,9/6/2021 1:36:00 PM,2,1,0,36.235320,-86.765880,CREEKWOOD DR,,,,761.00,Feet,South,OAKVIEW DR,,,,0.00,N,Not at Intersection,N,Non-Junction,None,,,         ,Christopher,Littles,Clear,Angle,no,no,no,yes,yes,False
103082199,METROPOLITAN NASHVILLE POLICE DEPT,20210469895,Davidson,Nashville,9/6/2021 12:51:00 PM,2,1,0,36.105050,-86.763430,POWELL AV,,,,69.00,Feet,North,ARMORY DR ENT RAMP,,,,0.00,N,Not at Intersection,N,Non-Junction,None,,,         ,Tony,Folad,Cloudy,Angle,no,no,no,no,no,False
103082265,METROPOLITAN NASHVILLE POLICE DEPT,20210469835,Davidson,Nashville,9/6/2021 12:03:00 PM,4,2,0,36.173020,-86.769460,I 24,,,,0.00,,,,,,,48.20,N,Not at Intersection,N,Non-Junction,None,,,         ,Faye,Denson,Clear,Front to Rear,no,no,no,no,no,False
103082266,METROPOLITAN NASHVILLE POLICE DEPT,20210469921,Davidson,Nashville,9/6/2021 1:18:00 PM,1,0,0,36.134980,-86.759630,NOLENSVILLE PKE,,,,36.00,Feet,North,WALSH RD,,,,0.00,N,Not at Intersection,N,Non-Junction,None,,,         ,Joe,Hooper,Clear,Not Collision with Motor Vehicle in Transport,no,no,no,no,no,False
103082275,METROPOLITAN NASHVILLE POLICE DEPT,20210469968,Davidson,Nashville,9/6/2021 1:22:00 PM,1,0,0,36.100680,-86.675800,DONELSON PKE,,,,307.00,Feet,South,CITATION DR,,,,0.00,N,Not at Intersection,N,Non-Junction,None,,,         ,Charles,Wakefield,Clear,Not Collision with Motor Vehicle in Transport,no,no,no,no,no,False
103082303,METROPOLITAN NASHVILLE POLICE DEPT,20210469948,Davidson,Nashville,9/6/2021 12:59:00 PM,2,0,0,36.107490,-86.922350,OLD HICKORY BLVD,,,,127.00,Feet,South,ROCKY LN,,,,0.00,N,Not at Intersection,N,"Driveway, Alley Access, etc",None,,,         ,Charles,Boles,Clear,Angle,no,no,no,no,no,False
103082336,METROPOLITAN NASHVILLE POLICE DEPT,20210469852,Davidson,Nashville,9/6/2021 12:20:00 PM,3,1,0,36.107050,-86.743240,NOLENSVILLE PKE,,,,216.00,Feet,South,TIMMONS ST,,,,0.00,N,Not at Intersection,N,Non-Junction,None,,,         ,Todd,Watson,Clear,Front to Rear,no,no,no,no,no,False
103082352,METROPOLITAN NASHVILLE POLICE DEPT,20210470008,Davidson,Nashville,9/6/2021 2:40:00 PM,2,1,0,36.171500,-86.768850,JAMES ROBERTSON PKWY,,,,59.00,Feet,East,INTERSTATE DR,,,,0.00,N,Not at Intersection,N,Non-Junction,None,,,         ,Brent,Morris,Clear,Front to Rear,no,no,no,no,no,False
103082359,METROPOLITAN NASHVILLE POLICE DEPT,20210470025,Davidson,Nashville,9/6/2021 2:20:00 PM,2,0,0,36.070220,-86.700760,HAYWOOD LN,,,,0.00,,,WEST VALLEY DR,,,,0.00,Y,T-Intersection, ,Intersection,None,,,         ,Laura,Williams,Clear,Angle,no,no,no,no,yes,False
103082383,METROPOLITAN NASHVILLE POLICE DEPT,20210469978,Davidson,Nashville,9/6/2021 2:04:00 PM,2,1,0,36.063840,-86.717090,NOLENSVILLE PKE,,,,344.00,Feet,North,FAIRLANE DR,,,,0.00,N,Not at Intersection,N,Non-Junction,None,,,         ,Brent,Bauer,Clear,Angle,no,no,no,no,no,False
103082392,METROPOLITAN NASHVILLE POLICE DEPT,20210470050,Davidson,Nashville,9/6/2021 3:11:00 PM,2,0,0,36.046990,-86.656660,BELL RD,,,,297.00,Feet,West,HICKORY HOLLOW PKWY,,,,0.00,N,Not at Intersection, ,Non-Junction,None,,,         ,Robert,Higgins,Clear,Front to Rear,no,no,no,no,no,False
103082393,METROPOLITAN NASHVILLE POLICE DEPT,20210468731,Davidson,Nashville,9/6/2021 3:12:00 PM,2,0,0,36.203610,-86.694860,OPRY MILLS DR,,,,0.51,Miles,North,MOSS ROSE DR,,,,0.00,N,Not at Intersection, ,,None,,,         ,Robert,Higgins,,,no,no,no,yes,no,False
103082435,METROPOLITAN NASHVILLE POLICE DEPT,20210470148,Davidson,Nashville,9/6/2021 3:50:00 PM,2,0,0,36.233190,-86.759260,W MAPLEWOOD LN,,,,178.00,Feet,West,MAPLEWOOD TRC,,,,0.00,N,Not at Intersection,N,Non-Junction,None,,,         ,Jason,Milyaro Lucas,Clear,Rear to Rear,no,no,no,yes,yes,False
103082464,METROPOLITAN NASHVILLE POLICE DEPT,20210470186,Davidson,Not in City Limit,9/6/2021 4:47:00 PM,2,1,0,36.264440,-86.732330,OLD HICKORY BLVDW,,,,14.00,Feet,West,N GRAYCROFT AV,,,,0.00,N,Not at Intersection,N,Non-Junction,None,,,         ,Joshua,Dodge,Clear,Angle,no,no,no,no,yes,False
103082484,METROPOLITAN NASHVILLE POLICE DEPT,20210470158,Davidson,Nashville,9/6/2021 12:00:00 AM,2,0,0,36.202480,-86.739120,GALLATIN PKE,,,,24.00,Feet,North,LITTON AV,,,,0.00,N,Not at Intersection, ,Non-Junction,None,,,         ,Maccio,Hightower,Clear,Front to Rear,no,no,no,no,no,False
103082506,METROPOLITAN NASHVILLE POLICE DEPT,20210470201,Davidson,Not in City Limit,9/6/2021 3:30:00 PM,3,0,0,36.259970,-86.679040,CHEYENNE BLVD,,,,0.00,,,SANDHURST DR,,,,0.00,Y,OTHER,N,"Driveway, Alley Access, etc",None,,,         ,Derek,Sibley,Clear,Angle,no,no,no,no,no,False
103082520,METROPOLITAN NASHVILLE POLICE DEPT,20210470262,Davidson,Nashville,9/6/2021 6:05:00 PM,1,2,0,36.148570,-86.807160,ELLISTON PL,,,,48.00,Feet,West,24TH AVN,,,,0.00,N,Not at Intersection,N,Non-Junction,None,,,         ,Dakota,Davis,Clear,Not Collision with Motor Vehicle in Transport,yes,no,no,no,no,Campus
103082521,METROPOLITAN NASHVILLE POLICE DEPT,20210470232,Davidson,Nashville,9/6/2021 5:38:00 PM,1,0,0,36.084790,-86.749770,ELYSIAN FIELDS RD,,,,175.00,Feet,West,LANGSTON DR,,,,0.00,N,Not at Intersection,N,Non-Junction,None,,,         ,Steven,Powers,Clear,Not Collision with Motor Vehicle in Transport,no,no,no,no,yes,False
103082531,METROPOLITAN NASHVILLE POLICE DEPT,20210470244,Davidson,Nashville,9/6/2021 5:09:00 PM,2,0,0,36.129660,-86.795560,BELMONT BLVD,,,,9.00,Feet,North,BLAIR BLVD,,,,0.00,N,Not at Intersection, ,Non-Junction,None,,,         ,Matthew,Hogan,Clear,Front to Rear,no,no,no,no,yes,False
103082543,METROPOLITAN NASHVILLE POLICE DEPT,20210470011,Davidson,Nashville,9/6/2021 2:36:00 PM,2,2,0,36.204700,-86.777600,BRICK CHURCH PKE,,,,252.00,Feet,South,I65 S ENT RAMP,,,,0.00,N,Not at Intersection,N,Non-Junction,None,,,         ,Gabriel,Centeno,Clear,Angle,no,no,no,no,no,False
103082545,METROPOLITAN NASHVILLE POLICE DEPT,20210470307,Davidson,Nashville,9/6/2021 6:44:00 PM,2,0,0,36.248010,-86.720350,GALLATIN PKES,,,,2.00,Feet,North,DUE WEST AVW,,,,0.00,N,Not at Intersection,N,Non-Junction,None,,,         ,Brandon,Lopez,Clear,Front to Rear,no,no,no,no,no,False
103082617,METROPOLITAN NASHVILLE POLICE DEPT,20210470300,Davidson,Nashville,9/6/2021 12:00:00 AM,2,2,0,36.089620,-86.622140,SMITH SPRINGS RD,,,,0.00,,,RURAL HILL RD,,,,0.00,Y,T-Intersection,N,Intersection,None,,,         ,Keenan,McCann,Clear,Angle,no,no,no,no,no,False
103082646,METROPOLITAN NASHVILLE POLICE DEPT,20210470155,Davidson,Nashville,9/6/2021 4:31:00 PM,2,0,0,36.125190,-86.843510,RIDGEFIELD DR,,,,437.00,Feet,West,WOODLAWN DR,,,,0.00,N,Not at Intersection,N,Non-Junction,None,,,         ,Kyle,Lund,Clear,Front to Rear,no,no,no,no,yes,False
103082668,METROPOLITAN NASHVILLE POLICE DEPT,20210470359,Davidson,Not in City Limit,9/6/2021 7:30:00 PM,2,1,0,36.329630,-86.919790,CLARKSVILLE PKE,,,,550.00,Feet,South,CLARKSVILLE HWY,,,,0.00,N,Not at Intersection,N,Non-Junction,None,,,         ,Keegan,Winchell,Clear,Front to Rear,no,no,no,no,no,False
103082683,METROPOLITAN NASHVILLE POLICE DEPT,20210470486,Davidson,Nashville,9/6/2021 9:25:00 PM,2,0,0,36.162810,-86.761300,I 24,,,,0.00,,,,,,,49.30,N,Not at Intersection, ,Non-Junction,None,,,         ,Kevin,Clausius,Clear,"Sideswipe, Same Direction",no,no,no,no,no,False
103082697,METROPOLITAN NASHVILLE POLICE DEPT,20210470226,Davidson,Nashville,9/6/2021 5:35:00 PM,2,3,0,36.070290,-86.684540,ANTIOCH PKE,,,,0.00,,,HAYWOOD LN,,,,0.00,Y,Four-Way,N,Intersection,None,,,         ,Robert,Higgins,Clear,Angle,no,no,no,no,no,False
103082698,METROPOLITAN NASHVILLE POLICE DEPT,20210470434,Davidson,Nashville,9/6/2021 8:30:00 PM,3,0,0,36.066850,-86.718090,NOLENSVILLE PKE,,,,78.00,Feet,North,NORTHCREST DR,,,,0.00,N,Not at Intersection,N,Non-Junction,None,,,         ,Robert,Higgins,Clear,Front to Rear,no,no,no,no,yes,False
103082708,METROPOLITAN NASHVILLE POLICE DEPT,20210470491,Davidson,Not in City Limit,9/6/2021 8:53:00 PM,2,1,0,36.262830,-86.757330,DICKERSON PKE,,,,139.00,Feet,South,WESTCHESTER DR,,,,0.00,N,Not at Intersection,N,Non-Junction,None,,,         ,Rodney,Phipps,Clear,Angle,no,no,no,no,yes,False
103082711,METROPOLITAN NASHVILLE POLICE DEPT,20210470502,Davidson,Nashville,9/6/2021 9:30:00 PM,2,0,0,36.218150,-86.803480,WHITES CREEK PKE,,,,0.00,,,MOORMANS ARM RD,,,,0.00,Y,Four-Way,Y,Intersection-Related,None,,,         ,Chase,Harriman,Clear,Front to Rear,no,no,no,no,yes,False
103082712,METROPOLITAN NASHVILLE POLICE DEPT,20210470462,Davidson,Nashville,9/6/2021 9:01:00 PM,1,0,0,36.059330,-86.669440,OTTENVILLE AV,,,,124.00,Feet,East,UNA ANTIOCH PKE,,,,0.00,N,Not at Intersection,N,Non-Junction,None,,,         ,Gabriel,Hamilton,Clear,Not Collision with Motor Vehicle in Transport,no,no,no,no,yes,False
103082723,METROPOLITAN NASHVILLE POLICE DEPT,20210470485,Davidson,Nashville,9/6/2021 9:24:00 PM,2,1,0,36.151820,-86.771260,4TH AVS,,,,8.00,Feet,North,LAFAYETTE ST,,,,0.00,N,Not at Intersection,N,Non-Junction,None,,,         ,Michael,Moss,Clear,"Sideswipe, Same Direction",no,no,no,no,no,False
103082724,TENNESSEE STATE UNIVERSITY ,21-TSU-31964,Davidson,Nashville,9/6/2021 8:05:00 PM,1,0,0,36.162680,-86.830290,CLARE AV,,,,0.00,,,ALBION ST,,,,0.00,Y,OTHER, ,Non-Junction,None,,,         ,Harold,Taylor,Clear,Not Collision with Motor Vehicle in Transport,no,no,no,no,no,False
103082849,METROPOLITAN NASHVILLE POLICE DEPT,20210470568,Davidson,Nashville,9/6/2021 12:00:00 AM,1,0,0,36.220580,-86.725390,MCALPINE AV,,,,422.00,Feet,East,GALLATIN PKE,,,,0.00,N,Not at Intersection,N,Non-Junction,None,,,         ,Esther,Poysti,Clear,Not Collision with Motor Vehicle in Transport,no,no,no,no,yes,False
103082869,METROPOLITAN NASHVILLE POLICE DEPT,20210470782,Davidson,Nashville,9/6/2021 9:20:00 PM,2,0,0,36.140110,-86.723310,I 40,,,,0.00,,,,,,,213.55,N,Not at Intersection, ,Non-Junction,None,,,         ,Nelson,Hemingway,Clear,"Sideswipe, Same Direction",no,no,no,no,yes,False
103082909,METROPOLITAN NASHVILLE POLICE DEPT,20210470886,Davidson,Nashville,9/7/2021 4:45:00 AM,2,1,0,36.068210,-86.719120,NOLENSVILLE PKE,,,,3.00,Feet,North,HAYWOOD LN,,,,0.00,N,Not at Intersection,N,Non-Junction,None,,,         ,Alex,DiBernardo,Clear,"Sideswipe, Opposite Direction",no,no,no,no,yes,False
103082910,METROPOLITAN NASHVILLE POLICE DEPT,20210469432,Davidson,Nashville,9/6/2021 4:20:00 AM,2,0,0,36.109130,-86.769690,I 65,,,,0.00,,,,,,,79.70,N,Not at Intersection,N,Non-Junction,None,,,         ,David,Barras,Clear,"Sideswipe, Same Direction",no,no,no,no,yes,False
103082914,METROPOLITAN NASHVILLE POLICE DEPT,20210470753,Davidson,Nashville,9/7/2021 1:15:00 AM,2,1,0,36.150920,-86.857820,WHITE BRIDGE PKE,,,,77.00,Feet,North,OBRIEN AV,,,,0.00,N,Not at Intersection,N,Non-Junction,None,,,         ,Cameron,Schmid,Clear,Angle,no,no,no,no,no,False
103082915,METROPOLITAN NASHVILLE POLICE DEPT,20210470618,Davidson,Not in City Limit,9/6/2021 12:00:00 AM,4,0,0,36.075650,-86.927100,WATERFORD CIR,,,,0.00,Feet,East,HICKS RD,,,,0.00,N,Not at Intersection,N,Non-Junction,None,,,         ,Theodore,Meskers,Clear,Rear to Rear,no,no,no,yes,yes,False
103082917,METROPOLITAN NASHVILLE POLICE DEPT,20210470751,Davidson,Nashville,9/7/2021 2:00:00 AM,1,2,0,36.076630,-86.694390,I 24,,,,0.00,,,,,,,56.45,N,Not at Intersection,N,Non-Junction,None,,,         ,Alex,DiBernardo,Clear,Not Collision with Motor Vehicle in Transport,no,no,no,no,no,False
103082919,METROPOLITAN NASHVILLE POLICE DEPT,20210470878,Davidson,Nashville,9/7/2021 4:40:00 AM,1,5,0,36.139380,-86.727170,I24 W ENT RAMP,,,,0.00,Feet,East,I 40,,,,0.00,N,Not at Intersection,N,Non-Junction,None,,,         ,Daniel,Fuentes,Clear,Not Collision with Motor Vehicle in Transport,no,no,no,no,no,False
103082943,METROPOLITAN NASHVILLE POLICE DEPT,20210470957,Davidson,Nashville,9/7/2021 6:05:00 AM,2,1,0,36.157740,-86.790040,GEORGE L DAVIS BLVD,,,,84.00,Feet,North,I40 W ENT RAMP,,,,0.00,N,Not at Intersection,N,Non-Junction,None,,,         ,Kelly,Turcios,Clear,Front to Rear,no,no,no,no,no,False
103082944,METROPOLITAN NASHVILLE POLICE DEPT,20210470990,Davidson,Not in City Limit,9/7/2021 2:15:00 AM,3,0,0,36.260200,-86.704550,ELM ST,,,,279.00,Feet,West,FOREST PARK RD,,,,0.00,N,Not at Intersection,N,Non-Junction,None,,,         ,Christopher,Littles,Clear,"Sideswipe, Same Direction",no,no,no,no,yes,False
103082946,METROPOLITAN NASHVILLE POLICE DEPT,20210471027,Davidson,Nashville,9/7/2021 6:46:00 AM,2,0,0,36.239050,-86.777750,BRILEY PKWYW,,,,99.00,Feet,East,BRILEY PKWY W EXT RAMP,,,,0.00,N,Not at Intersection,N,Non-Junction,None,,,         ,Christopher,Littles,Clear,"Sideswipe, Same Direction",no,no,no,no,no,False
103082947,METROPOLITAN NASHVILLE POLICE DEPT,20210470972,Davidson,Nashville,9/7/2021 6:20:00 AM,2,1,0,36.155270,-86.812170,CHARLOTTE AV,,,,32.00,Feet,West,25TH AVN,,,,0.00,N,Not at Intersection,N,Non-Junction,None,,,         ,Henry,Perez,Clear,Front to Rear,no,no,no,no,no,False
103082948,METROPOLITAN NASHVILLE POLICE DEPT,20210471041,Davidson,Nashville,9/7/2021 7:20:00 AM,2,1,0,36.047350,-86.662210,I 24,,,,0.00,,,,,,,59.20,N,Not at Intersection,N,Non-Junction,None,,,         ,Joe,Hooper,Clear,Front to Rear,no,no,no,no,no,False
103082950,METROPOLITAN NASHVILLE POLICE DEPT,20210470958,Davidson,Nashville,9/7/2021 6:02:00 AM,2,0,0,36.015150,-86.620270,OLD HICKORY BLVD,,,,3.00,Feet,North,I24 W EXT RAMP,,,,0.00,N,Not at Intersection,N,Non-Junction,None,,,         ,Dillon,Gann,Clear,Angle,no,no,no,no,no,False
103082957,METROPOLITAN NASHVILLE POLICE DEPT,20210471114,Davidson,Nashville,9/7/2021 8:04:00 AM,2,0,0,36.079050,-86.632960,BELL RD,,,,160.00,Feet,West,EDGE O LAKE DR,,,,0.00,N,Not at Intersection,N,Non-Junction,None,,,         ,Michael,Brooks,Clear,Front to Rear,no,no,no,no,yes,False
103082964,METROPOLITAN NASHVILLE POLICE DEPT,20210471068,Davidson,Goodlettsville,9/7/2021 7:35:00 AM,3,0,0,36.357780,-86.724980,SPRINGFIELD HWY,,,,126.00,Feet,North,WILLIAMSON RD,,,,0.00,N,Not at Intersection, ,Non-Junction,None,,,         ,Travis,Baxter,Clear,Front to Rear,no,no,no,no,no,False
103082979,METROPOLITAN NASHVILLE POLICE DEPT,20210471072,Davidson,Nashville,9/7/2021 7:43:00 AM,2,1,0,36.078590,-86.729280,HARDING PL,,,,745.00,Feet,East,MILNER DR,,,,0.00,N,Not at Intersection,N,Non-Junction,None,,,         ,Earl,Davis,Clear,Front to Rear,no,no,no,yes,no,False
103082988,METROPOLITAN NASHVILLE POLICE DEPT,20210471120,Davidson,Nashville,9/7/2021 7:56:00 AM,2,0,0,36.115482,-86.780557,,,I440,,0.02,Miles,East,,,,,4.20,N,Not at Intersection, ,,None,,,         ,Earl,Davis,,,no,no,no,no,no,False
103083006,METROPOLITAN NASHVILLE POLICE DEPT,20210471173,Davidson,Goodlettsville,9/7/2021 8:15:00 AM,2,0,0,36.296400,-86.698780,MYATT DR,,,,178.00,Feet,North,RIVERGATE STATION PVTDR,,,,0.00,N,Not at Intersection, ,Non-Junction,None,,,         ,Joshua,Goepper,Clear,"Sideswipe, Same Direction",no,no,no,no,no,False
103083009,METROPOLITAN NASHVILLE POLICE DEPT,20210471080,Davidson,Not in City Limit,9/7/2021 6:30:00 AM,2,1,0,36.281270,-86.706240,MCKINLEY ST,,,,478.00,Feet,East,FLORENCE AV,,,,0.00,N,Not at Intersection,N,Non-Junction,None,,,         ,Michelle,Steidl,Clear,Angle,no,no,no,no,no,False