master_record_number,agency,agency_tracking_number,county,city,collision_date,vehicles_involved,number_injured,number_dead,latitude,longitude,roadway_name,roadway_suffix,roadway_number,roadway_local_id,distance_from_reference,miles-feet_indicator,direction_from_reference,intersection_road_name,intersection_road_name_suffix,intersection_road_number,intersection_local_id,mile_marker,intersection_indicator,intersect_type,interchange_related_indicator,relation_to_junction,work_zone_type,construction_maintenance_zone,construction_maintenance_zone_location,fatal_case_number,officer_first_name,officer_last_name,weather_condition(s),manner_of_crash,pedestrian,bicycle,scooter,parking,hitrun,mou
103083018,METROPOLITAN NASHVILLE POLICE DEPT,20210471133,Davidson,Nashville,9/7/2021 8:03:00 AM,2,0,0,36.146410,-86.870350,CHARLOTTE PKE,,,,157.00,Feet,East,WESTBORO DR,,,,0.00,N,Not at Intersection, ,,None,,,         ,Darren,Key,,,no,no,no,no,no,False
103083023,METROPOLITAN NASHVILLE POLICE DEPT,20210471198,Davidson,Nashville,9/7/2021 8:25:00 AM,2,0,0,36.160890,-86.760600,I 24,,,,0.00,,,,,,,49.40,N,Not at Intersection, ,Non-Junction,None,,,         ,Joshua,Reece,Clear,Front to Rear,no,no,no,no,no,False
103083035,METROPOLITAN NASHVILLE POLICE DEPT,20210471181,Davidson,Antioch,9/7/2021 8:42:00 AM,4,1,0,36.031960,-86.594550,MURFREESBORO PKE,,,,145.00,Feet,North,PARKS RETREAT DR,,,,0.00,N,Not at Intersection,N,Non-Junction,None,,,         ,Joe,Hooper,Clear,Not Collision with Motor Vehicle in Transport,no,no,no,no,no,False
103083071,METROPOLITAN NASHVILLE POLICE DEPT,20210471375,Davidson,Nashville,9/7/2021 10:30:00 AM,2,0,0,36.145950,-86.666600,ROYAL PKWY,,,,0.00,Feet,,DONELSON PKE,,,,0.00,Y,Four-Way,N,Intersection-Related,None,,,         ,Jeffrey,Mullins,Clear,Angle,no,no,no,no,no,False
103083079,METROPOLITAN NASHVILLE POLICE DEPT,20210471402,Davidson,Nashville,9/7/2021 4:07:00 AM,2,0,0,36.074740,-86.668660,BARCLAY SQUARE DR,,,,291.00,Feet,East,TERRAGON TRL,,,,0.00,N,Not at Intersection,N,Non-Junction,None,,,         ,Joe,Hooper,Clear,Rear to Rear,no,no,no,no,yes,False
103083116,METROPOLITAN NASHVILLE POLICE DEPT,20210471417,Davidson,Nashville,9/7/2021 10:55:00 AM,2,1,0,36.130930,-86.755860,NOLENSVILLE PKE,,,,0.00,,,WOODYCREST AV,,,,0.00,Y,T-Intersection,N,Intersection,None,,,         ,Todd,Watson,Clear,Angle,no,no,no,no,no,False
103083135,METROPOLITAN NASHVILLE POLICE DEPT,20210471197,Davidson,Nashville,9/7/2021 8:45:00 AM,2,1,0,36.241960,-86.757080,DICKERSON PKE,,,,0.00,,,DICKERSON PKE ENT RAMP,,,,0.00,Y,Four-Way,N,Intersection,None,,,         ,Travis,Baxter,Clear,Front to Rear,no,no,no,no,yes,False
103083136,METROPOLITAN NASHVILLE POLICE DEPT,20210471256,Davidson,Not in City Limit,9/7/2021 9:20:00 AM,1,1,0,36.260590,-86.757640,DICKERSON PKE,,,,203.00,Feet,South,TUCKAHOE DR,,,,0.00,N,Not at Intersection,N,Non-Junction,None,,,         ,Travis,Baxter,Clear,Not Collision with Motor Vehicle in Transport,no,no,no,no,no,False
103083146,METROPOLITAN NASHVILLE POLICE DEPT,20210471516,Davidson,Nashville,9/7/2021 12:03:00 PM,3,0,0,36.095580,-86.825400,HILLSBORO PKE,,,,0.00,,,BURTON HILLS BLVD,,,,0.00,Y,T-Intersection,N,Intersection,None,,,         ,Earl,Davis,Clear,Angle,no,no,no,no,no,False
103083193,METROPOLITAN NASHVILLE POLICE DEPT,20210471202,Davidson,Nashville,9/7/2021 8:46:00 AM,2,0,0,36.233490,-86.819050,BRILEY PKWYW,,,,0.00,,,BRILEY PKWY W ENT RAMP,,,,0.00,Y,OTHER,N,Non-Junction,None,,,         ,James,Wray,Clear,Front to Rear,no,no,no,no,no,False
103083207,METROPOLITAN NASHVILLE POLICE DEPT,20210471565,Davidson,Nashville,9/7/2021 12:07:00 PM,2,0,0,36.119030,-86.726210,I 24,,,,0.00,,,,,,,53.00,N,Not at Intersection, ,Non-Junction,None,,,         ,Joe,Hooper,Clear,"Sideswipe, Same Direction",no,no,no,no,no,False
103083247,METROPOLITAN NASHVILLE POLICE DEPT,20210471622,Davidson,Nashville,9/7/2021 1:02:00 PM,1,1,0,36.077220,-86.694490,I 24,,,,0.00,,,,,,,56.40,N,Not at Intersection,N,Non-Junction,None,,,         ,Joe,Hooper,Clear,Not Collision with Motor Vehicle in Transport,no,no,no,no,no,False
103083249,METROPOLITAN NASHVILLE POLICE DEPT,20210471658,Davidson,Nashville,9/7/2021 12:35:00 PM,2,0,0,36.061500,-86.628400,MURFREESBORO PKE,,,,824.00,Feet,East,HAMILTON CHURCH RD,,,,0.00,N,Not at Intersection, ,Non-Junction,None,,,         ,Nicholas,Carter,Clear,Angle,no,no,no,yes,yes,False
103083252,METROPOLITAN NASHVILLE POLICE DEPT,20210471693,Davidson,Nashville,9/7/2021 1:45:00 PM,1,1,0,36.285280,-86.745940,DICKERSON PKES,,,,397.00,Feet,South,HILLCREST RD,,,,0.00,N,Not at Intersection,N,Non-Junction,None,,,         ,Joshua,Goepper,Clear,Not Collision with Motor Vehicle in Transport,no,no,no,no,no,False
103083255,METROPOLITAN NASHVILLE POLICE DEPT,20210471626,Davidson,Nashville,9/7/2021 1:02:00 PM,2,3,0,36.209190,-86.585620,DEBBIE DR,,,,245.00,Feet,North,ROWENA DR,,,,0.00,N,Not at Intersection,N,Non-Junction,None,,,         ,Michael,Brooks,Clear,Angle,no,no,no,no,no,False
103083259,METROPOLITAN NASHVILLE POLICE DEPT,20210471670,Davidson,Nashville,9/7/2021 12:07:00 PM,2,0,0,36.149170,-86.862430,CHARLOTTE PKE,,,,424.00,Feet,South,OCEOLA AV,,,,0.00,N,Not at Intersection, ,Non-Junction,None,,,         ,Jared,Dick,Clear,Front to Rear,no,no,no,no,yes,False
103083291,METROPOLITAN NASHVILLE POLICE DEPT,20210471039,Davidson,Not in City Limit,9/7/2021 7:15:00 AM,3,0,0,36.325270,-86.877700,I 24,,,,0.00,,,,,,,34.40,N,Not at Intersection,N,Non-Junction,None,,,         ,Jeanine,Sarno,Clear,Front to Rear,no,no,no,no,no,False
103083292,METROPOLITAN NASHVILLE POLICE DEPT,20210471035,Davidson,Not in City Limit,9/7/2021 7:10:00 AM,2,0,0,36.321220,-86.854770,I 24,,,,0.00,,,,,,,35.75,N,Not at Intersection, ,Non-Junction,None,,,         ,Jeanine,Sarno,Clear,Front to Rear,no,no,no,no,no,False
103083322,METROPOLITAN NASHVILLE POLICE DEPT,2021-0470507,Davidson,Nashville,9/6/2021 9:41:00 PM,1,0,0,36.078830,-86.728590,HARDING PL,,,,587.00,Feet,East,COVENTRY DR,,,,0.00,N,Not at Intersection,N,Non-Junction,None,,,         ,William,King,Clear,Not Collision with Motor Vehicle in Transport,no,no,no,no,no,False
103083333,METROPOLITAN NASHVILLE POLICE DEPT,20210471752,Davidson,Nashville,9/7/2021 2:12:00 PM,3,1,0,36.236970,-86.758000,DICKERSON PKE,,,,127.00,Feet,North,I65 N EXT RAMP,,,,0.00,N,Not at Intersection,N,Non-Junction,None,,,         ,Randy,Puckett,Clear,Front to Rear,no,no,no,no,no,False
103083394,METROPOLITAN NASHVILLE POLICE DEPT,20210471816,Davidson,Antioch,9/7/2021 3:15:00 PM,2,1,0,36.016850,-86.619880,FIRESTONE PKWY,,,,0.00,,,OLD HICKORY BLVD,,,,0.00,Y,Four-Way,N,Intersection,None,,,         ,Robert,Higgins,Clear,Angle,no,no,no,no,no,False
103083395,METROPOLITAN NASHVILLE POLICE DEPT,20210470477,Davidson,Nashville,9/6/2021 9:09:00 PM,3,1,0,36.099790,-86.710980,I 24,,,,0.00,,,,,,,54.60,N,Not at Intersection,N,Non-Junction,None,,,         ,Robert,Higgins,Clear,Angle,no,no,no,no,yes,False
103083402,METROPOLITAN NASHVILLE POLICE DEPT,20210471787,Davidson,Nashville,9/7/2021 2:00:00 PM,2,1,0,36.037720,-86.646320,I 24,,,,0.00,,,,,,,60.30,N,Not at Intersection,N,Non-Junction,None,,,         ,Gabriel,Hamilton,Clear,"Sideswipe, Same Direction",no,no,no,no,no,False
103083448,METROPOLITAN NASHVILLE POLICE DEPT,20210471893,Davidson,Nashville,9/7/2021 4:00:00 PM,1,0,0,36.207230,-86.722890,RIVERSIDE DR,,,,85.00,Feet,South,KIRKLAND AV,,,,0.00,N,Not at Intersection,N,Non-Junction,None,,,         ,Kelsey,Hemminger,Clear,Not Collision with Motor Vehicle in Transport,no,no,no,no,no,False
103083455,METROPOLITAN NASHVILLE POLICE DEPT,20210471929,Davidson,Nashville,9/7/2021 3:31:00 PM,2,0,0,36.183350,-86.798710,I 65,,,,0.00,,,,,,,85.05,N,Not at Intersection,N,Non-Junction,None,,,         ,Paxton,Montgomery,Clear,"Sideswipe, Same Direction",no,no,no,no,no,False
103083495,METROPOLITAN NASHVILLE POLICE DEPT,20210471916,Davidson,Nashville,9/7/2021 3:57:00 PM,2,0,0,36.104420,-86.814980,HILLSBORO PKE,,,,176.00,Feet,South,RICHARD JONES RD,,,,0.00,N,Not at Intersection, ,Non-Junction,None,,,         ,Ashley,Kappenmacher,Clear,Angle,no,no,no,no,no,False
103083498,METROPOLITAN NASHVILLE POLICE DEPT,20210471917,Davidson,Nashville,9/7/2021 4:12:00 PM,3,1,0,36.157930,-86.772750,KOREAN VETERANS BLVD,,,,38.00,Feet,West,2ND AVS,,,,0.00,N,Not at Intersection,Y,Non-Junction,None,,,         ,Trevor,Taylor,Clear,Front to Rear,no,no,no,no,yes,False
103083521,METROPOLITAN NASHVILLE POLICE DEPT,20210471989,Davidson,Nashville,9/7/2021 5:18:00 PM,3,0,0,36.168380,-86.688330,LEBANON PKE,,,,109.00,Feet,West,BRILEY PKWYN,,,,0.00,N,Not at Intersection,N,Non-Junction,None,,,         ,Reagan,Heath,Clear,Front to Rear,no,no,no,no,no,False
103083522,METROPOLITAN NASHVILLE POLICE DEPT,20210471922,Davidson,Nashville,9/7/2021 12:00:00 AM,2,0,0,36.146730,-86.815480,BURCH AV,,,,128.00,Feet,East,30TH AVN,,,,0.00,N,Not at Intersection,N,Non-Junction,None,,,         ,Sean,Fitzmaurice,Clear,Angle,no,no,no,no,yes,False
103083563,METROPOLITAN NASHVILLE POLICE DEPT,20210472076,Davidson,Nashville,9/7/2021 6:00:00 PM,2,0,0,36.160810,-86.793700,14TH AVN,,,,17.00,Feet,North,CHARLOTTE AV,,,,0.00,N,Not at Intersection, ,Non-Junction,None,,,         ,Lucas,Thomas,Clear,Angle,no,no,no,no,no,False
103083564,METROPOLITAN NASHVILLE POLICE DEPT,20210471984,Davidson,Nashville,9/7/2021 12:00:00 AM,1,1,0,36.167080,-86.611210,I40 W ENT RAMP,,,,0.00,Feet,East,I 40,,,,0.00,N,Not at Intersection,Y,Entrance/Exit Ramp Related,None,,,         ,Keenan,McCann,Clear,Not Collision with Motor Vehicle in Transport,no,no,no,no,no,False
103083566,METROPOLITAN NASHVILLE POLICE DEPT,20210472018,Davidson,Nashville,9/7/2021 4:54:00 PM,2,0,0,36.250260,-86.741120,I 65,,,,0.00,,,,,,,91.20,N,Not at Intersection, ,Non-Junction,None,,,         ,Austin,Bowles,Clear,"Sideswipe, Same Direction",no,no,no,no,no,False
103083572,METROPOLITAN NASHVILLE POLICE DEPT,20210472126,Davidson,Nashville,9/7/2021 4:51:00 PM,2,0,0,36.174230,-86.761720,MAIN ST,,,,255.00,Feet,West,N 7TH ST,,,,0.00,N,Not at Intersection,N,Non-Junction,None,,,         ,Jason,Milyaro Lucas,Clear,Angle,no,no,no,no,yes,False
103083601,METROPOLITAN NASHVILLE POLICE DEPT,20210471978,Davidson,Nashville,9/7/2021 5:12:00 PM,2,0,0,36.077280,-86.773130,FRANKLIN PKE,,,,70.00,Feet,South,TYNE BLVD,,,,0.00,N,Not at Intersection,N,Non-Junction,None,,,         ,Zachary,Akers,Clear,"Sideswipe, Same Direction",no,no,no,no,yes,False
103083607,METROPOLITAN NASHVILLE POLICE DEPT,20210471928,Davidson,Nashville,9/7/2021 4:08:00 PM,2,0,0,36.073710,-86.597160,COUNTRY WAY RD,,,,0.00,,,SEBETHA CT,,,,0.00,Y,Four-Way,N,Intersection,None,,,         ,Cory,West,Clear,Front to Rear,no,no,no,no,yes,False
103083620,METROPOLITAN NASHVILLE POLICE DEPT,20210466734,Davidson,Hermitage,9/4/2021 2:32:00 AM,2,1,1,36.214610,-86.604660,LEBANON PKE,,,,0.00,,,SHUTE LN,,,,0.00,Y,T-Intersection,N,Intersection-Related,None,,,         ,Russell,Ward,Clear,Angle,no,no,no,no,no,False
103083621,METROPOLITAN NASHVILLE POLICE DEPT,20210467973,Davidson,Nashville,9/5/2021 12:46:00 AM,1,0,1,36.085020,-86.728340,NOLENSVILLE PKE,,,,80.00,Feet,North,PARAGON MILLS RD,,,,0.00,N,Not at Intersection,N,Non-Junction,None,,,         ,Russell,Ward,Clear,Not Collision with Motor Vehicle in Transport,yes,no,no,no,yes,False
103083647,METROPOLITAN NASHVILLE POLICE DEPT,20210472177,Davidson,Nashville,9/7/2021 7:08:00 PM,2,0,0,36.075469,-86.940085,HWY 70 S,,,,0.00,,,BELLEVUE RD,,,,0.00,Y,T-Intersection, ,Intersection-Related,None,,,         ,Jeremy,Huffine,Clear,Front to Rear,no,no,no,no,no,False
103083651,METROPOLITAN NASHVILLE POLICE DEPT,20210472233,Davidson,Nashville,9/7/2021 6:15:00 PM,2,0,0,36.075150,-86.918890,HIGHWAY 70S,,,,53.00,Feet,East,BELLE FOREST SHOPPING CENTER P,,,,0.00,N,Not at Intersection,N,Non-Junction,None,,,         ,Michael,Sipos,Clear,Angle,no,no,no,no,yes,False
103083652,METROPOLITAN NASHVILLE POLICE DEPT,20210472259,Davidson,Nashville,9/7/2021 8:15:00 PM,2,0,0,36.123260,-86.727860,I 24,,,,0.00,,,,,,,52.70,N,Not at Intersection, ,,None,,,         ,Robert,Higgins,,,no,no,no,no,no,False
103083674,METROPOLITAN NASHVILLE POLICE DEPT,20210472250,Davidson,Nashville,9/7/2021 4:40:00 PM,2,0,0,36.131460,-86.713970,MILLWOOD DR,,,,751.00,Feet,North,MURFREESBORO PKE,,,,0.00,N,Not at Intersection, ,Non-Junction,None,,,         ,Theodore,Flick,,Unknown,no,no,no,yes,yes,False
103083678,THP District 9 - Administrative,321061558,Davidson,Nashville,9/7/2021 8:25:00 PM,2,0,0,36.121670,-86.727130,I 24,,,,0.00,,,,,,,52.80,N,Not at Intersection, ,Entrance/Exit Ramp Related,Work Zone,,,         ,William,Bennett,Clear,Front to Rear,no,no,no,no,no,False
103083682,METROPOLITAN NASHVILLE POLICE DEPT,20210468910,Davidson,Nashville,9/5/2021 6:02:00 PM,3,2,0,36.080940,-86.696770,I 24,,,,0.00,,,,,,,56.10,N,Not at Intersection,N,Non-Junction,None,,,         ,Russell,Ward,Clear,Front to Rear,no,no,no,no,no,False
103083719,METROPOLITAN NASHVILLE POLICE DEPT,20210472349,Davidson,Nashville,9/7/2021 12:00:00 AM,2,2,0,36.200550,-86.620930,OLD HICKORY BLVD,,,,0.00,,,PLANTATION DR,,,,0.00,Y,T-Intersection,Y,Intersection-Related,None,,,         ,Keenan,McCann,,Angle,no,no,no,no,no,False
103083725,METROPOLITAN NASHVILLE POLICE DEPT,20210472238,Davidson,Nashville,9/7/2021 8:25:00 PM,2,0,0,36.159110,-86.818630,28TH AVN,,,,140.00,Feet,North,CLIFTON AV,,,,0.00,N,Not at Intersection,N,Non-Junction,None,,,         ,Craig,Paschetti,Clear,Front to Rear,no,no,no,no,yes,False
103083728,METROPOLITAN NASHVILLE POLICE DEPT,20210472406,Davidson,Nashville,9/7/2021 10:50:00 PM,2,0,0,36.148290,-86.807850,REIDHURST AV,,,,74.00,Feet,North,ELLISTON PL,,,,0.00,N,Not at Intersection, ,Non-Junction,None,,,         ,Jeremy,Crisp,Clear,Front to Rear,no,no,no,yes,yes,Campus
103083743,METROPOLITAN NASHVILLE POLICE DEPT,20210472454,Davidson,Nashville,9/7/2021 9:48:00 PM,2,0,0,36.034650,-86.642930,I 24,,,,0.00,,,,,,,60.60,N,Not at Intersection,N,Non-Junction,Construction Zone,Laneclosure,Activity Area,         ,Tyler,Lewis,Clear,Front to Rear,no,no,no,no,yes,False
103083748,METROPOLITAN NASHVILLE POLICE DEPT,20210472388,Davidson,Nashville,9/7/2021 9:25:00 PM,1,1,0,36.122430,-86.851660,HILLWOOD BLVD,,,,109.00,Feet,West,HARDING PKE,,,,0.00,N,Not at Intersection,N,Non-Junction,None,,,         ,Colin,Bleem,Clear,Not Collision with Motor Vehicle in Transport,no,no,no,no,no,False
103083753,METROPOLITAN NASHVILLE POLICE DEPT,20210472415,Davidson,Nashville,9/7/2021 11:00:00 PM,2,0,0,36.211320,-86.775710,I 65,,,,0.00,,,,,,,87.65,N,Not at Intersection,N,Non-Junction,None,,,         ,Jarrett,Ipox,Clear,Not Collision with Motor Vehicle in Transport,no,no,no,no,no,False
103083760,METROPOLITAN NASHVILLE POLICE DEPT,20210472531,Davidson,Nashville,9/8/2021 1:05:00 AM,1,1,0,36.180130,-86.800570,I 65,,,,0.00,,,,,,,86.00,N,Not at Intersection,N,Non-Junction,None,,,         ,Brian,DeMarce,,Not Collision with Motor Vehicle in Transport,no,no,no,no,no,False
103083775,METROPOLITAN NASHVILLE POLICE DEPT,20210472544,Davidson,Nashville,9/8/2021 1:10:00 AM,2,0,0,36.206270,-86.773480,W TRINITY LN,,,,0.00,Feet,West,I65 N ENT RAMP,,,,0.00,N,Not at Intersection,Y,Entrance/Exit Ramp Related,None,,,         ,Thomas,Clingan,Clear,"Sideswipe, Same Direction",no,no,no,no,yes,False
103083776,METROPOLITAN NASHVILLE POLICE DEPT,20210472453,Davidson,Nashville,9/7/2021 10:40:00 PM,2,0,0,36.119040,-86.726210,I 24,,,,0.00,,,,,,,53.00,N,Not at Intersection,N,Non-Junction,Work Zone,Laneclosure,Advanced Warning Area,         ,Samuel,Fredericks,,"Sideswipe, Same Direction",no,no,no,no,yes,False
103083803,METROPOLITAN NASHVILLE POLICE DEPT,20210472501,Davidson,Nashville,9/8/2021 12:30:00 AM,1,0,0,36.051130,-86.669230,I 24,,,,0.00,,,,,,,58.70,N,Not at Intersection,N,Rail Grade Crossing,None,,,         ,Rico,Hunt,Clear,Not Collision with Motor Vehicle in Transport,no,no,no,no,yes,False
103083804,METROPOLITAN NASHVILLE POLICE DEPT,20210472761,Davidson,Nashville,9/8/2021 5:42:00 AM,2,1,0,36.119860,-86.726430,I440 W ENT RAMP,,,,0.00,Feet,East,I 24,,,,0.00,N,Not at Intersection,N,Non-Junction,None,,,         ,Robert,Leverick,Clear,"Sideswipe, Same Direction",no,no,no,no,no,False
103083811,METROPOLITAN NASHVILLE POLICE DEPT,20210472745,Davidson,Nashville,9/8/2021 5:21:00 AM,3,0,0,36.064810,-86.628460,HAMILTON CHURCH RD,,,,8.00,Feet,East,MURFREESBORO PKE,,,,0.00,N,Not at Intersection,N,OtherLocation,None,,,         ,Jose,Oliveros,Clear,Angle,no,no,no,no,no,False
103083813,METROPOLITAN NASHVILLE POLICE DEPT,20210472810,Davidson,Nashville,9/8/2021 6:39:00 AM,2,2,0,36.075060,-86.724920,NOLENSVILLE PKE,,,,0.00,,,FLORA MAXWELL RD,,,,0.00,Y,T-Intersection,N,Intersection,None,,,         ,Joe,Hooper,Clear,Angle,no,no,no,no,no,False
103083833,METROPOLITAN NASHVILLE POLICE DEPT,20210472825,Davidson,Not in City Limit,9/8/2021 6:45:00 AM,3,0,0,36.076800,-87.026760,I 40,,,,0.00,,,,,,,192.20,N,Not at Intersection,N,Non-Junction,None,,,         ,Wesley,Tilley,Clear,Front to Rear,no,no,no,no,no,False
103083844,METROPOLITAN NASHVILLE POLICE DEPT,20210472811,Davidson,Nashville,9/8/2021 12:00:00 AM,1,0,0,36.091470,-86.887720,HARDING PKE,,,,666.00,Feet,East,MELINDA DR,,,,0.00,N,Not at Intersection,N,Non-Junction,None,,,         ,Alex,Gibson,Unknown,Not Collision with Motor Vehicle in Transport,no,no,no,no,yes,False
103083860,METROPOLITAN NASHVILLE POLICE DEPT,20210472824,Davidson,Nashville,9/8/2021 6:53:00 AM,2,0,0,36.082100,-86.761700,HARDING PL,,,,0.00,,,SIDCO DR,,,,0.00,Y,Four-Way,N,Intersection,None,,,         ,Earl,Davis,Clear,Angle,no,no,no,no,no,False
103083868,METROPOLITAN NASHVILLE POLICE DEPT,20210472991,Davidson,Antioch,9/8/2021 8:15:00 AM,2,0,0,36.047840,-86.612050,MURFREESBORO PKE,,,,1284.00,Feet,North,MOUNTAIN SPRINGS RD,,,,0.00,N,Not at Intersection,N,Non-Junction,None,,,         ,Joe,Hooper,Clear,Front to Rear,no,no,no,no,no,False
103083878,METROPOLITAN NASHVILLE POLICE DEPT,20210472945,Davidson,Nashville,9/8/2021 8:00:00 AM,2,0,0,36.109550,-86.769980,I 65,,,,0.00,,,,,,,79.70,N,Not at Intersection, ,Non-Junction,None,,,         ,Connor,Hosey,Clear,Front to Rear,no,no,no,no,no,False
103083891,METROPOLITAN NASHVILLE POLICE DEPT,20210473040,Davidson,Nashville,9/8/2021 8:40:00 AM,2,0,0,36.141210,-86.717370,I 40,,,,0.00,,,,,,,213.20,N,Not at Intersection,N,Non-Junction,None,,,         ,Michael,Dance,Clear,Front to Rear,no,no,no,no,yes,False
103083896,METROPOLITAN NASHVILLE POLICE DEPT,20210472925,Davidson,Nashville,9/8/2021 7:45:00 AM,2,0,0,36.153610,-86.847410,I 40,,,,0.00,,,,,,,204.50,N,Not at Intersection, ,,None,,,         ,Darren,Key,,,no,no,no,no,no,False
103083904,METROPOLITAN NASHVILLE POLICE DEPT,20210472977,Davidson,Nashville,9/8/2021 8:00:00 AM,2,0,0,36.121740,-86.750580,NOLENSVILLE PKE,,,,0.00,,,I440 E EXT RAMP,,,,0.00,Y,T-Intersection, ,Entrance/Exit Ramp Related,None,,,         ,Connor,Hosey,Clear,"Sideswipe, Same Direction",no,no,no,no,no,False
103083916,METROPOLITAN NASHVILLE POLICE DEPT,20210473139,Davidson,Nashville,9/8/2021 9:35:00 AM,2,0,0,36.047960,-86.663250,I 24,,,,0.00,,,,,,,59.10,N,Not at Intersection, ,Non-Junction,None,,,         ,Joe,Hooper,Clear,"Sideswipe, Same Direction",no,no,no,no,no,False
103083941,METROPOLITAN NASHVILLE POLICE DEPT,20210472990,Davidson,Nashville,9/8/2021 8:22:00 AM,3,1,0,36.114270,-86.918650,I 40,,,,0.00,,,,,,,199.50,N,Not at Intersection,N,Non-Junction,None,,,         ,Jack,Crouch,Clear,Front to Rear,no,no,no,no,yes,False
103083952,METROPOLITAN NASHVILLE POLICE DEPT,20210473111,Davidson,Nashville,9/8/2021 9:28:00 AM,3,0,0,36.049910,-86.666630,I 24,,,,0.00,,,,,,,58.90,N,Not at Intersection,N,Non-Junction,None,,,         ,Joe,Hooper,Clear,Front to Rear,no,no,no,no,yes,False
103083967,METROPOLITAN NASHVILLE POLICE DEPT,20210473176,Davidson,Nashville,9/8/2021 10:07:00 AM,2,0,0,36.098610,-86.659380,MURFREESBORO PKE,,,,0.00,,,HARDING PL,,,,0.00,Y,T-Intersection, ,Intersection,None,,,         ,Michael,Dance,Clear,Front to Rear,no,no,no,no,no,False
103083968,METROPOLITAN NASHVILLE POLICE DEPT,20210473108,Davidson,Nashville,9/8/2021 9:24:00 AM,2,1,0,36.206530,-86.777920,BRICK CHURCH PKE,,,,34.00,Feet,South,W TRINITY LN,,,,0.00,N,Not at Intersection,N,Non-Junction,None,,,         ,James,Wray,Clear,Other,no,no,no,no,no,False
103083990,METROPOLITAN NASHVILLE POLICE DEPT,20210473228,Davidson,Nashville,9/8/2021 10:42:00 AM,2,0,0,36.149910,-86.747990,I 40,,,,0.00,,,,,,,211.70,N,Not at Intersection, ,,None,,,         ,Michael,Dance,,,no,no,no,no,no,False
103083992,METROPOLITAN NASHVILLE POLICE DEPT,20210473086,Davidson,Nashville,9/8/2021 9:00:00 AM,3,4,0,36.078700,-86.695400,I 24,,,,0.00,,,,,,,56.30,N,Not at Intersection,N,Non-Junction,None,,,         ,Justin,Wells,Clear,Front to Rear,no,no,no,no,no,False
103084005,METROPOLITAN NASHVILLE POLICE DEPT,20210472797,Davidson,Nashville,9/8/2021 6:30:00 AM,3,0,0,36.218570,-86.775000,I 65,,,,0.00,,,,,,,88.15,N,Not at Intersection,N,Non-Junction,None,,,         ,Christopher,Augustin,Clear,"Sideswipe, Same Direction",no,no,no,no,no,False
103084011,METROPOLITAN NASHVILLE POLICE DEPT,20210473333,Davidson,Nashville,9/8/2021 12:00:00 AM,2,0,0,36.150480,-86.770350,4TH AVS,,,,0.00,,,I40 E EXT RAMP,,,,0.00,Y,Four-Way,N,Intersection,None,,,         ,James,Thornton,Cloudy,Angle,no,no,no,no,yes,False
103084013,METROPOLITAN NASHVILLE POLICE DEPT,20210473263,Davidson,Nashville,9/8/2021 11:00:00 AM,2,0,0,36.159080,-86.664590,DONELSON PKE,,,,3.00,Feet,North,MCCAMPBELL AV,,,,0.00,N,Not at Intersection, ,Non-Junction,None,,,         ,Tyler,Hall,Clear,Angle,no,no,no,no,no,False
103084057,METROPOLITAN NASHVILLE POLICE DEPT,20210473250,Davidson,Nashville,9/8/2021 10:50:00 AM,2,0,0,36.242670,-86.747930,I65 N ENT RAMP,,,,0.00,Feet,East,I 65,,,,0.00,N,Not at Intersection,N,Non-Junction,None,,,         ,Alexander,Perry,Clear,Front to Rear,no,no,no,no,no,False
103084070,METROPOLITAN NASHVILLE POLICE DEPT,20210473302,Davidson,Nashville,9/8/2021 11:25:00 AM,1,0,0,36.172460,-86.727460,HUNTLEIGH DR,,,,249.00,Feet,West,RIVERSIDE DR,,,,0.00,N,Not at Intersection, ,,None,,,         ,Timothy,Lehnert,,,no,no,no,no,no,False
103084094,METROPOLITAN NASHVILLE POLICE DEPT,2021-0473285,Davidson,Nashville,9/8/2021 11:18:00 AM,2,0,0,36.143360,-86.666660,DONELSON PKE,,,,390.00,Feet,North,I40 W ENT RAMP,,,,0.00,N,Not at Intersection,N,Non-Junction,None,,,         ,Christopher,Upchurch,Clear,"Sideswipe, Same Direction",no,no,no,no,yes,False
103084095,METROPOLITAN NASHVILLE POLICE DEPT,20210473415,Davidson,Nashville,9/8/2021 1:00:00 PM,2,0,0,36.129450,-86.854570,WHITE BRIDGE PKE,,,,0.00,,,TARGET PVTDR,,,,0.00,Y,Four-Way, ,Intersection,None,,,         ,Hillary,Sherman,Clear,Angle,no,no,no,no,no,False
103084125,METROPOLITAN NASHVILLE POLICE DEPT,20210473331,Davidson,Nashville,9/8/2021 11:44:00 AM,2,1,0,36.206120,-86.768400,DICKERSON PIKE,,,,0.00,Feet,,DICKERSON PIKE,,SR,,0.00,Y,Four-Way,N,Non-Junction,None,,,         ,Faye,Denson,Clear,Angle,no,no,no,no,no,False
103084141,METROPOLITAN NASHVILLE POLICE DEPT,20210473508,Davidson,Nashville,9/8/2021 12:48:00 PM,2,1,0,36.133890,-86.727100,I 24,,,,0.00,,,,,,,52.00,N,Not at Intersection,N,Non-Junction,None,,,         ,Joe,Hooper,Clear,Front to Rear,no,no,no,no,no,False