master_record_number,agency,agency_tracking_number,county,city,collision_date,vehicles_involved,number_injured,number_dead,latitude,longitude,roadway_name,roadway_suffix,roadway_number,roadway_local_id,distance_from_reference,miles-feet_indicator,direction_from_reference,intersection_road_name,intersection_road_name_suffix,intersection_road_number,intersection_local_id,mile_marker,intersection_indicator,intersect_type,interchange_related_indicator,relation_to_junction,work_zone_type,construction_maintenance_zone,construction_maintenance_zone_location,fatal_case_number,officer_first_name,officer_last_name,weather_condition(s),manner_of_crash,pedestrian,bicycle,scooter,parking,hitrun,mou
103084168,METROPOLITAN NASHVILLE POLICE DEPT,20210473300,Davidson,Nashville,9/8/2021 12:00:00 AM,1,0,0,36.229380,-86.759280,BROADMOOR DR,,,,0.00,Feet,East,DICKERSON PKE,,,,0.00,N,Not at Intersection,N,Non-Junction,None,,,         ,Matthew,Herod,Clear,Not Collision with Motor Vehicle in Transport,no,no,no,no,no,False
103084194,METROPOLITAN NASHVILLE POLICE DEPT,20210473607,Davidson,Nashville,9/8/2021 2:23:00 PM,2,1,0,36.190420,-86.626210,LEBANON PKE,,,,628.00,Feet,South,BONNABROOK DR,,,,0.00,N,Not at Intersection,N,"Driveway, Alley Access, etc",None,,,         ,Michael,Dance,Cloudy,Angle,no,no,no,no,no,False
103084200,METROPOLITAN NASHVILLE POLICE DEPT,20210473467,Davidson,Nashville,9/8/2021 12:19:00 PM,1,0,0,36.169490,-86.778650,GAY ST,,,,0.00,,,1ST AVN,,,,0.00,Y,OTHER,N,Intersection,None,,,         ,Samuel,White,Clear,Not Collision with Motor Vehicle in Transport,no,no,no,no,no,False
103084203,METROPOLITAN NASHVILLE POLICE DEPT,20210473618,Davidson,Nashville,9/8/2021 2:35:00 PM,1,1,0,36.149910,-86.859000,CHARLOTTE PKE,,,,122.00,Feet,East,MIDLAND AV,,,,0.00,N,Not at Intersection,N,Non-Junction,None,,,         ,Devonte,Coleman,Cloudy,Not Collision with Motor Vehicle in Transport,yes,no,no,no,no,False
103084205,METROPOLITAN NASHVILLE POLICE DEPT,20210473597,Davidson,Nashville,9/8/2021 2:30:00 PM,2,0,0,36.091330,-86.685940,MILL CREEK EZELL PARK GRNWY,,,,0.00,,,HARDING PL,,,,0.00,Y,T-Intersection, ,Intersection,None,,,         ,Jason,Hees,Clear,Angle,no,no,no,no,no,False
103084206,METROPOLITAN NASHVILLE POLICE DEPT,20210473620,Davidson,Nashville,9/8/2021 2:40:00 PM,2,0,0,36.156700,-86.807810,22ND AVN,,,,219.00,Feet,West,CHARLOTTE AV,,,,0.00,N,Not at Intersection, ,Non-Junction,None,,,         ,Peyton,Wheatley,Clear,Angle,no,no,no,yes,yes,False
103084211,METROPOLITAN NASHVILLE POLICE DEPT,20210473657,Davidson,Nashville,9/8/2021 1:47:00 PM,2,0,0,36.193300,-86.751930,DOUGLAS AV,,,,1.00,Feet,West,ELLINGTON PKWY N EXT RAMP,,,,0.00,N,Not at Intersection,N,Non-Junction,None,,,         ,Randy,Puckett,Clear,Front to Rear,no,no,no,no,yes,False
103084231,METROPOLITAN NASHVILLE POLICE DEPT,20210473624,Davidson,Nashville,9/8/2021 2:41:00 PM,2,0,0,36.120530,-86.750020,NOLENSVILLE PKE,,,,0.00,,,I440 E ENT RAMP,,,,0.00,Y,Four-Way,N,Intersection,None,,,         ,Andrew,Brazee,Cloudy,Angle,no,no,no,no,no,False
103084262,METROPOLITAN NASHVILLE POLICE DEPT,20210473678,Davidson,Nashville,9/8/2021 3:03:00 PM,2,0,0,36.128860,-86.785700,LAWRENCE AV,,,,90.00,Feet,East,10TH AVS,,,,0.00,N,Not at Intersection, ,,None,,,         ,Nicholas,Hoffmann,,,no,no,no,no,no,False
103084276,METROPOLITAN NASHVILLE POLICE DEPT,20210473640,Davidson,Nashville,9/8/2021 2:50:00 PM,2,0,0,36.161740,-86.760530,I 24,,,,0.00,,,,,,,49.35,N,Not at Intersection, ,Non-Junction,None,,,         ,Kyle,Kinsman,Cloudy,"Sideswipe, Same Direction",no,no,no,no,no,False
103084279,METROPOLITAN NASHVILLE POLICE DEPT,20210473762,Davidson,Nashville,9/8/2021 3:58:00 PM,2,0,0,36.151010,-86.666560,DONELSON PKE,,,,107.00,Feet,North,ALLEN RD,,,,0.00,N,Not at Intersection,N,Non-Junction,None,,,         ,Joseph,Simon,Clear,"Sideswipe, Same Direction",no,no,no,no,yes,False
103084282,METROPOLITAN NASHVILLE POLICE DEPT,20210473792,Davidson,Nashville,9/8/2021 4:18:00 PM,2,0,0,36.056170,-86.663580,MT VIEW RD,,,,995.00,Feet,South,MOSS RD,,,,0.00,N,Not at Intersection,N,Non-Junction,None,,,         ,Robert,Higgins,Rain,Angle,no,no,no,no,no,False
103084296,METROPOLITAN NASHVILLE POLICE DEPT,20210473767,Davidson,Not in City Limit,9/8/2021 4:00:00 PM,2,2,0,36.079030,-86.944640,SAWYER BROWN RD,,,,0.00,Feet,,BELLEVUE CTR PVTDR,,,,0.00,Y,Four-Way,N,Intersection-Related,None,,,         ,Ryan,Papp,Rain,Angle,no,no,no,no,no,False
103084305,METROPOLITAN NASHVILLE POLICE DEPT,20210473725,Davidson,Nashville,9/8/2021 3:35:00 PM,2,0,0,36.161020,-86.777200,BROADWAY,,,,0.00,,,4TH AVN,,,,0.00,Y,OTHER,Y,Intersection,None,,,         ,Gabriel,Vasquez,Clear,"Sideswipe, Same Direction",no,no,no,no,no,False
103084311,METROPOLITAN NASHVILLE POLICE DEPT,20210473736,Davidson,Nashville,9/8/2021 3:02:00 PM,2,1,0,36.132670,-86.726750,I 24,,,,0.00,,,,,,,52.10,N,Not at Intersection,N,Non-Junction,None,,,         ,Beri,Scott,Cloudy,Front to Rear,no,no,no,no,no,False
103084322,METROPOLITAN NASHVILLE POLICE DEPT,20210473832,Davidson,Nashville,9/8/2021 4:17:00 PM,2,0,0,36.062950,-86.716910,NOLENSVILLE PKE,,,,16.00,Feet,North,FAIRLANE DR,,,,0.00,N,Not at Intersection,N,Non-Junction,None,,,         ,Garrett,Reingardt,Clear,Angle,no,no,no,no,no,False
103084326,METROPOLITAN NASHVILLE POLICE DEPT,2021473801,Davidson,Nashville,9/8/2021 3:54:00 PM,2,1,0,36.171760,-86.797470,JEFFERSON ST,,,,74.00,Feet,East,11TH AVN,,,,0.00,N,Not at Intersection,N,Non-Junction,None,,,         ,Gabriel,Centeno,Rain,Front to Rear,no,no,no,no,no,False
103084348,VANDERBILT UNIVERSITY POLICE,20210473837,Davidson,Nashville,9/8/2021 4:27:00 PM,2,0,0,36.109040,-86.764530,POWELL AV,,,,0.00,,,,,,,0.00,,, ,Non-Junction,None,,,         ,Garrett,Bennett,Cloudy,Angle,no,no,no,yes,yes,OHO
103084358,METROPOLITAN NASHVILLE POLICE DEPT,20210473820,Davidson,Nashville,9/8/2021 4:32:00 PM,2,0,0,36.172420,-86.794810,JEFFERSON ST,,,,0.00,,,10TH AVN,,,,0.00,Y,Four-Way, ,Intersection,None,,,         ,Jonathan,Sharp,Cloudy,"Sideswipe, Same Direction",no,no,no,no,no,False
103084361,METROPOLITAN NASHVILLE POLICE DEPT,20210473814,Davidson,Nashville,9/8/2021 3:00:00 PM,2,0,0,36.149450,-86.783790,I 40,,,,0.00,,,,,,,209.55,N,Not at Intersection, ,Non-Junction,None,,,         ,Nicholas,Hoffmann,Clear,Front to Rear,no,no,no,no,no,False
103084366,METROPOLITAN NASHVILLE POLICE DEPT,20210473804,Davidson,Nashville,9/8/2021 4:11:00 PM,2,0,0,36.092890,-86.876710,ALTON RD,,,,0.00,,,HIGHWAY 100,,,,0.00,Y,T-Intersection,N,Intersection-Related,None,,,         ,Brandon,Pedigo,Rain,Front to Rear,no,no,no,no,no,False
103084367,METROPOLITAN NASHVILLE POLICE DEPT,20210473871,Davidson,Nashville,9/8/2021 5:10:00 PM,2,0,0,36.214540,-86.597680,ANDREW JACKSON PKWY,,,,211.00,Feet,South,LEBANON PKE,,,,0.00,N,Not at Intersection,N,Non-Junction,None,,,         ,Zaire,Murray,Clear,Angle,no,no,no,no,no,False
103084383,METROPOLITAN NASHVILLE POLICE DEPT,20210473902,Davidson,Nashville,9/8/2021 5:29:00 PM,1,0,0,36.058950,-86.773220,I 65,,,,0.00,,,,,,,76.15,N,Not at Intersection,N,Non-Junction,None,,,         ,Trevor,Taylor,Cloudy,Not Collision with Motor Vehicle in Transport,no,no,no,no,no,False
103084385,METROPOLITAN NASHVILLE POLICE DEPT,20210473825,Davidson,Nashville,9/8/2021 4:38:00 PM,3,4,0,36.072780,-86.637040,MURFREESBORO PKE,,,,416.00,Feet,North,BELL RD,,,,0.00,N,Not at Intersection,N,Non-Junction,None,,,         ,Rami,Rouhi,Clear,Angle,no,no,no,no,no,False
103084390,METROPOLITAN NASHVILLE POLICE DEPT,20210473930,Davidson,Nashville,9/8/2021 4:11:00 PM,2,0,0,36.071110,-86.635340,MURFREESBORO PKE,,,,373.00,Feet,South,BELL RD,,,,0.00,N,Not at Intersection,N,Non-Junction,None,,,         ,Beri,Scott,Clear,"Sideswipe, Same Direction",no,no,no,no,yes,False
103084395,METROPOLITAN NASHVILLE POLICE DEPT,20210473962,Davidson,Nashville,9/8/2021 2:43:00 PM,2,0,0,36.070760,-86.722860,NOLENSVILLE PKE,,,,289.00,Feet,West,COTTON LN,,,,0.00,N,Not at Intersection, ,Non-Junction,None,,,         ,Steven,Powers,Clear,Rear to Side,no,no,no,no,no,False
103084403,METROPOLITAN NASHVILLE POLICE DEPT,20210474011,Davidson,Nashville,9/8/2021 6:28:00 PM,1,0,0,36.191980,-86.738120,DOUGLAS AV,,,,470.00,Feet,South,SCOTT AV,,,,0.00,N,Not at Intersection, ,Non-Junction,None,,,         ,Jason,Milyaro Lucas,Clear,Not Collision with Motor Vehicle in Transport,no,no,no,no,no,False
103084404,METROPOLITAN NASHVILLE POLICE DEPT,20210473968,Davidson,Nashville,9/8/2021 5:05:00 PM,2,0,0,36.145840,-86.777000,I 65,,,,0.00,,,,,,,82.25,N,Not at Intersection, ,Non-Junction,None,,,         ,Brady,Reynolds,Clear,Front to Rear,no,no,no,no,no,False
103084417,METROPOLITAN NASHVILLE POLICE DEPT,20210474039,Davidson,Nashville,9/8/2021 5:28:00 PM,2,0,0,36.089070,-86.649990,RANSOM PL,,,,0.00,,,MURFREESBORO PKE,,,,0.00,Y,Four-Way,Y,Intersection,None,,,         ,John,McDonnell,Clear,Angle,no,no,no,no,yes,False
103084421,METROPOLITAN NASHVILLE POLICE DEPT,20210473928,Davidson,Nashville,9/8/2021 12:00:00 AM,2,1,0,36.045300,-86.701680,BELL RD,,,,0.00,Feet,West,OLD HICKORY BLVD,,,,0.00,N,Not at Intersection,N,Non-Junction,None,,,         ,Luis,Pena,Clear,Front to Rear,no,no,no,no,no,False
103084426,METROPOLITAN NASHVILLE POLICE DEPT,20210474044,Davidson,OTHER,9/8/2021 6:20:00 PM,2,0,0,36.135320,-86.571050,STEWARTS FERRY PKE,,,,0.00,,,ALVIN SPERRY RD,,,,0.00,Y,OTHER, ,,None,,,         ,Zaire,Murray,,,no,no,no,no,no,False
103084440,METROPOLITAN NASHVILLE POLICE DEPT,20210474046,Davidson,Nashville,9/8/2021 3:00:00 PM,3,0,0,36.092350,-86.713300,JESSIE DR,,,,135.00,Feet,West,BREVARD CT,,,,0.00,N,Not at Intersection,N,Non-Junction,None,,,         ,Beri,Scott,Clear,Front to Rear,no,no,no,no,yes,False
103084454,METROPOLITAN NASHVILLE POLICE DEPT,20210474124,Davidson,Goodlettsville,9/8/2021 8:01:00 PM,1,0,0,36.292570,-86.734160,CAMPBELL RD,,,,142.00,Feet,West,DICKERSON PKES,,,,0.00,N,Not at Intersection, ,Non-Junction,None,,,         ,Rodney,Phipps,Clear,Not Collision with Motor Vehicle in Transport,no,no,no,no,yes,False
103084455,METROPOLITAN NASHVILLE POLICE DEPT,20210473803,Davidson,Nashville,9/8/2021 3:37:00 PM,2,0,0,36.090880,-86.802380,GRANNY WHITE PKE,,,,17.00,Feet,North,BILTMORE DR,,,,0.00,N,Not at Intersection, ,Non-Junction,None,,,         ,Nicholas,Carroll,Clear,Other,no,no,no,no,no,False
103084495,METROPOLITAN NASHVILLE POLICE DEPT,20210473925,Davidson,Nashville,9/8/2021 5:47:00 PM,2,1,0,36.134590,-86.723390,MURFREESBORO PKE,,,,319.00,Feet,West,PLUS PARK BLVD,,,,0.00,N,Not at Intersection,N,Non-Junction,None,,,         ,Dontaveous,Eubanks,Clear,Angle,no,no,no,no,no,False
103084500,METROPOLITAN NASHVILLE POLICE DEPT,20210474150,Davidson,Nashville,9/8/2021 8:26:00 PM,2,4,0,36.135930,-86.698610,BRILEY PKWYN,,,,41.00,Feet,South,CORPORATE DR,,,,0.00,N,Not at Intersection,N,Non-Junction,None,,,         ,Cressie,Prill,Clear,Front to Rear,no,no,no,no,no,False
103084521,METROPOLITAN NASHVILLE POLICE DEPT,20210473927,Davidson,Nashville,9/8/2021 12:00:00 AM,2,1,0,36.074190,-86.737770,BLACKMAN RD,,,,0.00,,,SHADESCREST DR,,,,0.00,Y,T-Intersection,N,Intersection,None,,,         ,Brandon,Hughes,Rain,Angle,no,no,no,no,no,False
103084525,METROPOLITAN NASHVILLE POLICE DEPT,20210474290,Davidson,Nashville,9/8/2021 10:00:00 PM,2,0,0,36.176880,-86.776180,COWAN ST,,,,0.00,,,SPRING ST,,,,0.00,Y,Four-Way, ,Intersection,None,,,         ,Trevor,Taylor,Clear,Front to Rear,no,no,no,no,yes,False
103084535,METROPOLITAN NASHVILLE POLICE DEPT,20210474118,Davidson,Nashville,9/8/2021 3:00:00 PM,2,0,0,36.140580,-86.722500,I 40,,,,0.00,,,,,,,213.50,N,Not at Intersection,N,Entrance/Exit Ramp Related,None,,,         ,Ciara,Doherty,Clear,"Sideswipe, Same Direction",no,no,no,no,yes,False
103084536,METROPOLITAN NASHVILLE POLICE DEPT,20210474268,Davidson,Nashville,9/8/2021 9:52:00 PM,2,0,0,36.094590,-86.653560,MURFREESBORO PKE,,,,79.00,Feet,North,FRANKLIN LIMESTONE RD,,,,0.00,N,Not at Intersection, ,Non-Junction,None,,,         ,Beri,Scott,Clear,Front to Rear,no,no,no,no,no,False
103084544,METROPOLITAN NASHVILLE POLICE DEPT,20210474028,Davidson,Nashville,9/8/2021 5:52:00 PM,2,0,0,36.076590,-86.634880,RURAL HILL RD,,,,0.00,,,BELL RD,,,,0.00,Y,Four-Way,N,Non-Junction,None,,,         ,Mary,Robinson,,Angle,no,no,no,no,yes,False
103084554,METROPOLITAN NASHVILLE POLICE DEPT,20210474325,Davidson,Nashville,9/8/2021 9:32:00 PM,2,0,0,36.134250,-86.777250,WEDGEWOOD AV,,,,203.00,Feet,West,I65 S ENT RAMP,,,,0.00,N,Not at Intersection,N,Non-Junction,Construction Zone,Laneclosure,Transition Area,         ,Sierra,Walker,Clear,"Sideswipe, Same Direction",no,no,no,no,yes,False
103084555,METROPOLITAN NASHVILLE POLICE DEPT,20210473952,Davidson,Nashville,9/8/2021 5:34:00 PM,2,0,0,36.188170,-86.862750,BRILEY PKWYS,,,,207.00,Feet,North,BRILEY PKWYN,,,,0.00,N,Not at Intersection,N,Non-Junction,None,,,         ,Jeremy,Huffine,Clear,Angle,no,no,no,no,yes,False
103084558,METROPOLITAN NASHVILLE POLICE DEPT,20210474380,Davidson,Nashville,9/8/2021 7:50:00 PM,2,0,0,36.193800,-86.616410,HERMITAGE MARKETPLACE PVTDR,,,,278.00,Feet,East,OLD HICKORY BLVD,,,,0.00,N,Not at Intersection,N,Non-Junction,None,,,         ,Jeffrey,Mullins,,Angle,no,no,no,yes,yes,False
103084575,METROPOLITAN NASHVILLE POLICE DEPT,20210474319,Davidson,Nashville,9/8/2021 10:18:00 PM,2,0,0,36.241280,-86.757360,DICKERSON PKE,,,,28.00,Feet,West,BRILEY PKWYE,,,,0.00,N,Not at Intersection,N,Entrance/Exit Ramp Related,None,,,         ,Derrick,Toney,Clear,Front to Rear,no,no,no,no,no,False
103084577,METROPOLITAN NASHVILLE POLICE DEPT,20210474437,Davidson,Nashville,9/8/2021 10:50:00 PM,2,0,0,36.127310,-86.750250,ROSEMARY LN,,,,204.00,Feet,North,VIVELLE AV,,,,0.00,N,Not at Intersection, ,Non-Junction,None,,,         ,Eric,Laury,Clear,Angle,no,no,no,no,no,False
103084584,METROPOLITAN NASHVILLE POLICE DEPT,20210474541,Davidson,Nashville,9/9/2021 1:07:00 AM,2,1,0,36.143310,-86.686400,I 40,,,,0.00,,,,,,,215.50,N,Not at Intersection,N,Non-Junction,None,,,         ,Ryan,Malone,,Not Collision with Motor Vehicle in Transport,no,no,no,no,no,False
103084587,METROPOLITAN NASHVILLE POLICE DEPT,20210474552,Davidson,Nashville,9/9/2021 1:10:00 AM,2,0,0,36.152690,-86.796650,WEST END AV,,,,225.00,Feet,West,18TH AVS,,,,0.00,N,Not at Intersection,N,Non-Junction,None,,,         ,Michael,Hodges,Clear,Angle,no,no,no,no,no,False
103084594,METROPOLITAN NASHVILLE POLICE DEPT,20210474320,Davidson,Not in City Limit,9/8/2021 9:41:00 PM,1,0,0,36.258110,-86.710310,HARRIS ST,,,,74.00,Feet,East,BROOKS AV,,,,0.00,N,Not at Intersection,N,Non-Junction,None,,,         ,Reuben,Hewit,Clear,Not Collision with Motor Vehicle in Transport,no,no,no,no,yes,False
103084597,METROPOLITAN NASHVILLE POLICE DEPT,20210474441,Davidson,Nashville,9/9/2021 12:04:00 AM,2,0,0,36.061570,-86.624940,MURFREESBORO PKE,,,,1445.00,Feet,South,HAMILTON CHURCH RD,,,,0.00,N,Not at Intersection, ,Non-Junction,None,,,         ,Kevin,Breeding,Clear,Front to Rear,no,no,no,no,yes,False
103084606,GOODLETTSVILLE POLICE DEPT,21-25336,Davidson,Goodlettsville,9/9/2021 2:14:00 AM,2,0,0,36.324560,-86.707110,CARTWRIGHT ST,,,,269.00,Feet,South,E CEDAR ST,,,,0.00,N,Not at Intersection,N,Non-Junction,None,,,         ,Katelyn,Gilliland,Clear,"Sideswipe, Opposite Direction",no,no,no,no,no,False
103084617,METROPOLITAN NASHVILLE POLICE DEPT,20210474656,Davidson,Not in City Limit,9/9/2021 2:40:00 AM,2,0,0,36.258200,-86.764370,BELLSHIRE TERRACE DR,,,,242.00,Feet,West,TUCKAHOE DR,,,,0.00,N,Not at Intersection,N,Non-Junction,None,,,         ,Justan,Vance,Clear,Angle,no,no,no,no,no,False
103084618,METROPOLITAN NASHVILLE POLICE DEPT,20210474328,Davidson,Nashville,9/8/2021 9:48:00 PM,2,0,0,36.137610,-86.775870,I 65,,,,0.00,,,,,,,81.70,N,Not at Intersection, ,Non-Junction,None,,,         ,Taylor,Hurley,Clear,Not Collision with Motor Vehicle in Transport,no,no,no,no,no,False
103084622,METROPOLITAN NASHVILLE POLICE DEPT,20210474687,Davidson,Nashville,9/9/2021 3:35:00 AM,2,0,0,36.150750,-86.785760,I40 E ENT RAMP,,,,0.00,Feet,East,I 40,,,,0.00,N,Not at Intersection,N,Non-Junction,None,,,         ,Jeremy,Crisp,Clear,Not Collision with Motor Vehicle in Transport,no,no,no,no,no,False
103084636,METROPOLITAN NASHVILLE POLICE DEPT,20210474708,Davidson,Nashville,9/9/2021 4:00:00 AM,1,0,0,36.200200,-86.758510,ONEIDA AV,,,,0.00,,,JONES AV,,,,0.00,Y,T-Intersection,Y,Intersection,None,,,         ,Jarrett,Ipox,Clear,Not Collision with Motor Vehicle in Transport,no,no,no,no,yes,False
103084640,METROPOLITAN NASHVILLE POLICE DEPT,20210474744,Davidson,Not in City Limit,9/9/2021 4:48:00 AM,2,0,0,36.272570,-86.694980,ANDERSON LN,,,,103.00,Feet,West,MAY DR,,,,0.00,N,Not at Intersection,N,Non-Junction,None,,,         ,Ivan,Vega,Clear,Front to Rear,no,no,no,no,yes,False
103084645,METROPOLITAN NASHVILLE POLICE DEPT,20210474801,Davidson,Nashville,9/9/2021 5:48:00 AM,2,0,0,36.117750,-86.699620,MURFREESBORO PKE,,,,164.00,Feet,North,BRILEY PKWY N EXT RAMP,,,,0.00,N,Not at Intersection, ,Non-Junction,None,,,         ,Ronald,Bright,Clear,Front to Rear,no,no,no,no,no,False
103084653,METROPOLITAN NASHVILLE POLICE DEPT,20210474753,Davidson,Nashville,9/9/2021 12:00:00 AM,1,1,0,36.157650,-86.773430,3RD AVE S,,,,28.00,Feet,South,GATEWAY BLVD,,,,0.00,N,Not at Intersection,N,Non-Junction,None,,,         ,Tim,Le,Clear,Not Collision with Motor Vehicle in Transport,no,no,no,no,no,False
103084657,METROPOLITAN NASHVILLE POLICE DEPT,20210474832,Davidson,Nashville,9/9/2021 6:14:00 AM,2,1,0,36.033520,-86.712980,NOLENSVILLE PKE,,,,0.00,,,BARNES RD,,,,0.00,Y,Four-Way,N,Intersection,None,,,         ,Earl,Davis,Clear,HeadOn,no,no,no,no,no,False
103084663,BELLE MEADE POLICE DEPT,21-0186,Davidson,Belle Meade,9/2/2021 4:35:00 PM,2,0,0,36.089510,-86.860900,BELLE MEADE BLVD,,,,0.00,,,W TYNE DR,,,,0.00,Y,T-Intersection,N,Intersection-Related,None,,,         ,Chris,Roark,Clear,Front to Rear,no,no,no,no,no,False
103084680,METROPOLITAN NASHVILLE POLICE DEPT,20210474909,Davidson,Nashville,9/9/2021 7:40:00 AM,2,0,0,36.103750,-86.715390,I 24,,,,0.00,,,,,,,54.25,N,Not at Intersection, ,Non-Junction,None,,,         ,Joe,Hooper,Clear,Front to Rear,no,no,no,no,no,False
103084714,METROPOLITAN NASHVILLE POLICE DEPT,20210475042,Davidson,Nashville,9/9/2021 6:49:00 AM,2,1,0,36.044930,-86.664700,BELL RD,,,,940.00,Feet,West,CANE RIDGE RD,,,,0.00,N,Not at Intersection,N,Non-Junction,None,,,         ,Joe,Hooper,Clear,Front to Rear,no,no,no,no,yes,False
103084719,METROPOLITAN NASHVILLE POLICE DEPT,20210474884,Davidson,Nashville,9/9/2021 7:16:00 AM,3,0,0,36.090400,-86.703620,I 24,,,,0.00,,,,,,,55.35,N,Not at Intersection,N,Non-Junction,None,,,         ,Darrin,Hardin,Clear,"Sideswipe, Same Direction",no,no,no,no,no,False
103084726,METROPOLITAN NASHVILLE POLICE DEPT,20210474829,Davidson,Nashville,9/9/2021 6:40:00 AM,2,1,0,36.152200,-86.842220,CHARLOTTE AV,,,,0.00,,,46TH AVN,,,,0.00,Y,Four-Way,Y,Intersection,None,,,         ,Tristan,Krausman,Clear,Angle,no,no,no,no,no,False
103084727,METROPOLITAN NASHVILLE POLICE DEPT,20210474975,Davidson,Nashville,9/9/2021 8:18:00 AM,1,0,0,36.141320,-86.733710,I 40,,,,0.00,,,,,,,212.70,N,Not at Intersection,N,Non-Junction,None,,,         ,Patrick,Deau,Clear,Not Collision with Motor Vehicle in Transport,no,no,no,no,no,False
103084729,METROPOLITAN NASHVILLE POLICE DEPT,20210475024,Davidson,Nashville,9/9/2021 8:41:00 AM,1,0,0,36.234490,-86.625690,MONTCHANIN RD,,,,61.00,Feet,East,OLD HICKORY BLVD,,,,0.00,N,Not at Intersection,N,Non-Junction,None,,,         ,John,Chambers,Clear,Not Collision with Motor Vehicle in Transport,no,no,no,no,no,False
103084748,METROPOLITAN NASHVILLE POLICE DEPT,20210474969,Davidson,Nashville,9/9/2021 8:14:00 AM,3,1,0,36.149110,-86.775500,I 40,,,,0.00,,,,,,,210.05,N,Not at Intersection,N,Non-Junction,None,,,         ,Harold,Wells,Clear,Front to Rear,no,no,no,no,no,False
103084778,METROPOLITAN NASHVILLE POLICE DEPT,20210475137,Davidson,Nashville,9/9/2021 9:19:00 AM,2,0,0,36.153420,-86.763860,I 40,,,,0.00,,,,,,,210.70,N,Not at Intersection, ,,None,,,         ,Michael,Dance,,,no,no,no,no,no,False
103084781,METROPOLITAN NASHVILLE POLICE DEPT,20210475260,Davidson,Nashville,9/9/2021 10:29:00 AM,1,1,0,36.141240,-86.814470,VANDERBILT PL,,,,0.00,,,31ST AVS,,,,0.00,Y,Four-Way,N,Intersection,None,,,         ,Earl,Davis,Clear,Not Collision with Motor Vehicle in Transport,yes,no,no,no,no,Campus
103084794,METROPOLITAN NASHVILLE POLICE DEPT,20210473346,Davidson,Nashville,9/8/2021 11:53:00 AM,2,1,0,36.205890,-86.768610,E TRINITY LN,,,,0.00,,,DICKERSON PKE,,,,0.00,Y,Four-Way,N,Intersection,None,,,         ,Donald,Davidson,Clear,Angle,no,no,no,no,no,False
103084833,METROPOLITAN NASHVILLE POLICE DEPT,20210475231,Davidson,Nashville,9/9/2021 10:10:00 AM,2,0,0,36.173790,-86.822580,DR WALTER S DAVIS BLVD,,,,0.00,Feet,,ED TEMPLE BLVD,,,,0.00,Y,T-Intersection,N,Intersection-Related,None,,,         ,Peyton,Wheatley,Clear,Angle,no,no,no,no,no,False
103084852,BELLE MEADE POLICE DEPT,210191,Davidson,Belle Meade,9/9/2021 11:17:00 AM,2,0,0,36.113270,-86.862950,JACKSON BLVD,,,,0.00,,,HARDING PKE,,,,0.00,Y,T-Intersection, ,Intersection-Related,None,,,         ,Michael,Germany,Clear,Front to Rear,no,no,no,no,no,False
103084897,METROPOLITAN NASHVILLE POLICE DEPT,20210475495,Davidson,Nashville,9/9/2021 12:39:00 PM,2,0,0,36.187250,-86.794930,I 65,,,,0.00,Feet,East,I65 N ENT RAMP,,,,0.00,N,Not at Intersection,N,Non-Junction,None,,,         ,Ronald,Bright,Cloudy,Front to Rear,no,no,no,no,no,False
103084902,METROPOLITAN NASHVILLE POLICE DEPT,20210475477,Davidson,Nashville,9/9/2021 12:27:00 PM,2,0,0,36.160530,-86.790850,12TH AVN,,,,474.00,Feet,South,CHARLOTTE AV,,,,0.00,N,Not at Intersection,N,Non-Junction,None,,,         ,Wesley,Young,Clear,Angle,no,no,no,no,no,False
103084914,METROPOLITAN NASHVILLE POLICE DEPT,20210475411,Davidson,Nashville,9/9/2021 11:55:00 AM,2,0,0,36.048460,-86.658770,HICKORY HOLLOW PKWY,,,,122.00,Feet,East,HICKORY HOLLOW MALL PVTDR PL,,,,0.00,N,Not at Intersection, ,Non-Junction,None,,,         ,Kaytlin,huyler,Clear,Front to Rear,no,no,no,yes,yes,False
103084918,METROPOLITAN NASHVILLE POLICE DEPT,20210475481,Davidson,Nashville,9/9/2021 12:32:00 PM,2,0,0,36.121640,-86.789860,PARIS AV,,,,50.00,Feet,East,12TH AVS,,,,0.00,N,Not at Intersection, ,Non-Junction,None,,,         ,Earl,Davis,Clear,"Sideswipe, Same Direction",no,no,no,no,no,False
103084924,METROPOLITAN NASHVILLE POLICE DEPT,20210475379,Davidson,Nashville,9/9/2021 11:05:00 AM,2,0,0,36.149860,-86.865310,LELLYETT ST,,,,0.00,,,OBRIEN AV,,,,0.00,Y,OTHER, ,Non-Junction,None,,,         ,George,Spencer,Clear,Angle,no,no,no,no,no,False
103084940,METROPOLITAN NASHVILLE POLICE DEPT,20210475542,Davidson,Nashville,9/9/2021 1:00:00 PM,1,1,0,36.134400,-86.928820,RIVER RD,,,,358.00,Feet,West,RIVER ROAD PKE,,,,0.00,N,Not at Intersection,N,Non-Junction,None,,,         ,Wesley,Tilley,Clear,Not Collision with Motor Vehicle in Transport,no,no,no,no,no,False
103084946,METROPOLITAN NASHVILLE POLICE DEPT,20210475538,Davidson,Nashville,9/9/2021 12:50:00 PM,2,0,0,36.060730,-86.916150,OLD HICKORY BLVD,,,,0.00,,,HIGHWAY 100,,,,0.00,Y,T-Intersection, ,Intersection,None,,,         ,Douglas,Atwood,Clear,"Sideswipe, Same Direction",no,no,no,no,yes,False