master_record_number,agency,agency_tracking_number,county,city,collision_date,vehicles_involved,number_injured,number_dead,latitude,longitude,roadway_name,roadway_suffix,roadway_number,roadway_local_id,distance_from_reference,miles-feet_indicator,direction_from_reference,intersection_road_name,intersection_road_name_suffix,intersection_road_number,intersection_local_id,mile_marker,intersection_indicator,intersect_type,interchange_related_indicator,relation_to_junction,work_zone_type,construction_maintenance_zone,construction_maintenance_zone_location,fatal_case_number,officer_first_name,officer_last_name,weather_condition(s),manner_of_crash,pedestrian,bicycle,scooter,parking,hitrun,mou
103086906,METROPOLITAN NASHVILLE POLICE DEPT,20210479131,Davidson,Nashville,9/11/2021 11:35:00 AM,2,0,0,36.220930,-86.756540,HART LN,,,,47.00,Feet,West,HART CT,,,,0.00,N,Not at Intersection, ,Non-Junction,None,,,         ,Steven,Meador,Clear,"Sideswipe, Same Direction",no,no,no,no,no,False
103086922,METROPOLITAN NASHVILLE POLICE DEPT,20210479137,Davidson,Not in City Limit,9/11/2021 11:40:00 AM,2,1,0,36.307290,-86.684840,NORTHSIDE MARKETPLACE PVTDR,,,,0.00,,,GALLATIN PKEN,,,,0.00,Y,Four-Way,N,Intersection,None,,,         ,Michael,McCord,Clear,Angle,no,no,no,no,no,False
103086926,VANDERBILT UNIVERSITY POLICE,2021-0475653,Davidson,Nashville,9/9/2021 2:15:00 PM,2,0,0,36.139200,-86.804440,CHILDRENS WAY,,,,0.00,,,,,,,0.00,,Not at Intersection, ,Non-Junction,None,,,         ,Tannas,Knox,Clear,Other,no,no,no,yes,no,Campus
103086928,METROPOLITAN NASHVILLE POLICE DEPT,20210479191,Davidson,Nashville,9/11/2021 1:08:00 PM,2,0,0,36.044760,-86.660470,I24 E ENT RAMP,,,,0.00,,,I 24,,,,0.00,Y,Four-Way, ,Non-Junction,None,,,         ,Steven,Williams,Clear,"Sideswipe, Same Direction",no,no,no,no,no,False
103086943,METROPOLITAN NASHVILLE POLICE DEPT,20210479184,Davidson,Nashville,9/11/2021 12:45:00 PM,2,0,0,36.136300,-86.892600,I 40,,,,0.00,,,,,,,201.60,N,Not at Intersection, ,Non-Junction,None,,,         ,Gerry,Hutcheson,Clear,"Sideswipe, Same Direction",no,no,no,no,no,False
103086958,METROPOLITAN NASHVILLE POLICE DEPT,20210479200,Davidson,Nashville,9/11/2021 1:23:00 PM,2,0,0,36.167010,-86.763730,SHELBY AV,,,,0.00,Feet,East,S 4TH ST,,,,0.00,N,Not at Intersection, ,Non-Junction,None,,,         ,William,Clemons,Clear,"Sideswipe, Same Direction",no,no,no,no,no,False
103086973,BERRY HILL POLICE DEPT,21-2740,Davidson,Berry Hill,9/10/2021 4:23:00 PM,2,0,0,36.121580,-86.775530,FRANKLIN PKE,,,,78.00,Feet,North,KIRKWOOD AV,,,,0.00,N,Not at Intersection,N,Non-Junction,None,,,         ,James,Haddock,Clear,"Sideswipe, Same Direction",no,no,no,no,no,False
103087022,METROPOLITAN NASHVILLE POLICE DEPT,2021479230,Davidson,Nashville,9/11/2021 2:08:00 PM,2,0,0,36.105740,-86.717940,I 24,,,,0.00,,,,,,,54.00,N,Not at Intersection,N,Non-Junction,None,,,         ,Eric,Burford,Clear,Angle,no,no,no,no,no,False
103087026,METROPOLITAN NASHVILLE POLICE DEPT,20210479241,Davidson,Nashville,9/11/2021 2:40:00 PM,2,0,0,36.169620,-86.806020,JEFFERSON ST,,,,186.00,Feet,East,DR D B TODD JR BLVD,,,,0.00,N,Not at Intersection,N,Non-Junction,None,,,         ,Hendrik,Kruger,Clear,Front to Rear,no,no,no,no,yes,False
103087061,METROPOLITAN NASHVILLE POLICE DEPT,20210479280,Davidson,Nashville,9/11/2021 3:13:00 PM,2,1,0,36.229350,-86.758360,BROADMOOR DR,,,,270.00,Feet,East,DICKERSON PKE,,,,0.00,N,Not at Intersection,N,Non-Junction,None,,,         ,Adam,Warren,Clear,Angle,no,no,no,no,no,False
103087072,METROPOLITAN NASHVILLE POLICE DEPT,20210479257,Davidson,Not in City Limit,9/11/2021 2:55:00 PM,2,4,0,36.078020,-86.994640,I 40,,,,0.00,,,,,,,194.00,N,Not at Intersection,N,Non-Junction,None,,,         ,Ryan,Papp,Clear,Front to Rear,no,no,no,no,no,False
103087091,METROPOLITAN NASHVILLE POLICE DEPT,20210479299,Davidson,Nashville,9/11/2021 3:26:00 PM,2,1,0,36.146990,-86.795060,GRAND AV,,,,0.00,,,18TH AVS,,,,0.00,Y,Four-Way,N,Intersection,None,,,         ,Travis,Pemberton,Clear,Angle,no,no,no,no,no,Campus
103087092,METROPOLITAN NASHVILLE POLICE DEPT,20210479322,Davidson,Goodlettsville,9/11/2021 4:00:00 PM,2,0,0,36.307380,-86.694720,CONFERENCE DR,,,,4.00,Feet,North,VIETNAM VETERANS BLVDN,,,,0.00,N,Not at Intersection, ,Non-Junction,None,,,         ,Brandon,Lopez,Clear,Angle,no,no,no,no,no,False
103087093,METROPOLITAN NASHVILLE POLICE DEPT,20210479258,Davidson,Nashville,9/11/2021 2:59:00 PM,2,1,0,36.047630,-86.663220,I 24,,,,0.00,,,,,,,59.10,N,Not at Intersection,N,Non-Junction,None,,,         ,Joseph,Hurst,Clear,Front to Rear,no,no,no,no,no,False
103087094,METROPOLITAN NASHVILLE POLICE DEPT,20210479187,Davidson,Nashville,9/11/2021 1:02:00 PM,4,2,0,36.212980,-86.764740,DICKERSON PKE,,,,110.00,Feet,North,GORDON TER,,,,0.00,N,Not at Intersection,N,Non-Junction,None,,,         ,Brandon,Evans,Clear,HeadOn,no,no,no,no,no,False
103087099,METROPOLITAN NASHVILLE POLICE DEPT,20210479316,Davidson,Not in City Limit,9/11/2021 3:32:00 PM,2,2,0,36.080760,-86.957720,I 40,,,,0.00,,,,,,,196.25,N,Not at Intersection,N,Non-Junction,None,,,         ,Eric,Westbrook,Clear,Front to Rear,no,no,no,no,no,False
103087113,METROPOLITAN NASHVILLE POLICE DEPT,20210479292,Davidson,Nashville,9/11/2021 3:31:00 PM,2,0,0,36.047150,-86.662410,I 24,,,,0.00,,,,,,,59.20,N,Not at Intersection,N,Non-Junction,None,,,         ,Joseph,Hurst,Clear,Front to Rear,no,no,no,no,no,False
103087120,METROPOLITAN NASHVILLE POLICE DEPT,20210479319,Davidson,Nashville,9/11/2021 3:58:00 PM,2,1,0,36.252650,-86.717190,GALLATIN PKES,,,,237.00,Feet,South,MADISON SQ,,,,0.00,N,Not at Intersection,N,Non-Junction,None,,,         ,Forrest,Punke,Clear,Angle,no,no,no,no,no,False
103087140,METROPOLITAN NASHVILLE POLICE DEPT,20210479328,Davidson,Nashville,9/11/2021 4:07:00 PM,3,2,0,36.152380,-86.837060,CHARLOTTE AV,,,,0.00,,,42ND AVN,,,,0.00,Y,Four-Way,N,Intersection,None,,,         ,Matthew,Mrowiec,Clear,Angle,no,no,no,no,no,False
103087141,METROPOLITAN NASHVILLE POLICE DEPT,20210479323,Davidson,Nashville,9/11/2021 4:03:00 PM,2,3,0,36.160250,-86.782960,COMMERCE ST,,,,0.00,,,ROSA L PARKS BLVD,,,,0.00,Y,Four-Way,Y,Intersection,None,,,         ,Joel,Cottrill,Clear,Angle,no,no,no,no,no,False
103087142,METROPOLITAN NASHVILLE POLICE DEPT,20210479404,Davidson,Nashville,9/11/2021 5:00:00 PM,2,1,0,36.131380,-86.727300,I 24,,,,0.00,,,,,,,51.20,N,Not at Intersection,N,Non-Junction,None,,,         ,Timothy,Ward,Clear,Front to Rear,no,no,no,no,no,False
103087145,METROPOLITAN NASHVILLE POLICE DEPT,20210479335,Davidson,Nashville,9/11/2021 4:16:00 PM,2,1,0,36.047070,-86.647990,MT VIEW RD,,,,0.00,Feet,,BELL FORGE LNE,,,,0.00,Y,Four-Way,N,Intersection-Related,None,,,         ,Damian,Confer,Clear,Front to Rear,no,no,no,no,no,False
103087155,METROPOLITAN NASHVILLE POLICE DEPT,20210479285,Davidson,Nashville,9/11/2021 3:24:00 PM,2,0,0,36.153030,-86.789580,DEMONBREUN ST,,,,397.00,Feet,West,MUSIC CIRE,,,,0.00,N,Not at Intersection, ,Non-Junction,None,,,         ,Dakota,Davis,Clear,Angle,no,no,no,no,no,False
103087158,METROPOLITAN NASHVILLE POLICE DEPT,20210479406,Davidson,Nashville,9/11/2021 4:05:00 PM,2,0,0,36.080930,-86.726760,NOLENSVILLE PKE,,,,498.00,Feet,North,HARDING PL,,,,0.00,N,Not at Intersection,N,Non-Junction,None,,,         ,Tre,Marlowe,Clear,Angle,no,no,no,no,yes,False
103087164,METROPOLITAN NASHVILLE POLICE DEPT,20210479454,Davidson,Nashville,9/11/2021 3:45:00 PM,2,0,0,36.168130,-86.816810,JEFFERSON ST,,,,0.00,,,26TH AVN,,,,0.00,Y,T-Intersection,N,Intersection,None,,,         ,Kimberly,Forsyth,Clear,Angle,no,no,no,no,yes,False
103087186,METROPOLITAN NASHVILLE POLICE DEPT,20210479478,Davidson,Nashville,9/11/2021 6:00:00 PM,2,3,0,36.192230,-86.620010,JUAREZ DR,,,,0.00,,,CORTEZ CT,,,,0.00,Y,T-Intersection,N,Intersection,None,,,         ,Donovan,Coble,Clear,Angle,no,no,no,no,no,False
103087201,METROPOLITAN NASHVILLE POLICE DEPT,20210479561,Davidson,Nashville,9/11/2021 6:18:00 PM,2,1,0,36.135990,-86.698810,ARBOR CREEK BLVD,,,,0.00,Feet,,BRILEY PKWY,,,,0.00,Y,Four-Way,N,Intersection-Related,None,,,         ,Robert,Marquez,Clear,Front to Rear,no,no,no,no,yes,False
103087202,METROPOLITAN NASHVILLE POLICE DEPT,20210479553,Davidson,Nashville,9/11/2021 7:00:00 PM,2,0,0,36.160430,-86.794360,CHARLOTTE AV,,,,232.00,Feet,West,CAPITOL PT,,,,0.00,N,Not at Intersection, ,Non-Junction,None,,,         ,Hendrik,Kruger,Clear,Front to Rear,no,no,no,no,no,False
103087220,METROPOLITAN NASHVILLE POLICE DEPT,20210479668,Davidson,Nashville,9/11/2021 12:00:00 AM,2,0,0,36.179290,-86.841170,SNELL BLVD,,,,81.00,Feet,West,CROWE DR,,,,0.00,N,Not at Intersection,N,Non-Junction,None,,,         ,Scarlett,Collins,Clear,Angle,no,no,no,no,yes,False
103087225,METROPOLITAN NASHVILLE POLICE DEPT,20210479238,Davidson,Nashville,9/11/2021 2:36:00 PM,2,0,0,36.202170,-86.776850,I 65,,,,0.00,,,,,,,87.00,N,Not at Intersection,N,Non-Junction,None,,,         ,Michael,Intrieri,Clear,Front to Rear,no,no,no,no,no,False
103087226,METROPOLITAN NASHVILLE POLICE DEPT,20210479423,Davidson,Nashville,9/11/2021 5:20:00 PM,2,0,0,36.193530,-86.805740,ROSA L PARKS BLVD,,,,251.00,Feet,West,WATKINS COLLEGE PVTDR,,,,0.00,N,Not at Intersection,N,Non-Junction,None,,,         ,Michael,Intrieri,Clear,Front to Rear,no,no,no,no,yes,False
103087234,METROPOLITAN NASHVILLE POLICE DEPT,20210479642,Davidson,Nashville,9/11/2021 7:50:00 PM,2,1,0,36.088860,-86.702390,I 24,,,,0.00,,,,,,,55.50,N,Not at Intersection,N,Non-Junction,None,,,         ,Timothy,Ward,Clear,"Sideswipe, Same Direction",no,no,no,no,yes,False
103087263,METROPOLITAN NASHVILLE POLICE DEPT,20210479562,Davidson,Nashville,9/11/2021 7:10:00 PM,2,1,0,36.045740,-86.674350,BELL RD,,,,0.00,,,BLUE HOLE RD,,,,0.00,Y,Four-Way,Y,Intersection,None,,,         ,Joseph,Hurst,Clear,HeadOn,no,no,no,no,no,False
103087264,METROPOLITAN NASHVILLE POLICE DEPT,20210479631,Davidson,Nashville,9/11/2021 7:56:00 PM,2,0,0,36.154020,-86.779400,LEA AV,,,,2.00,Feet,East,8TH AVS,,,,0.00,N,Not at Intersection, ,Non-Junction,None,,,         ,Nicolas,Pernell,Clear,"Sideswipe, Same Direction",no,no,no,no,no,False
103087266,METROPOLITAN NASHVILLE POLICE DEPT,20210479503,Davidson,Nashville,9/11/2021 5:55:00 PM,2,0,0,36.171450,-86.802850,I 40,,,,0.00,,,,,,,207.50,N,Not at Intersection, ,Non-Junction,None,,,         ,Lucas,Thomas,Clear,Angle,no,no,no,no,no,False
103087279,METROPOLITAN NASHVILLE POLICE DEPT,20210479643,Davidson,Nashville,9/11/2021 7:40:00 PM,2,0,0,36.046560,-86.661410,I 24,,,,0.00,,,,,,,59.25,N,Not at Intersection,N,Non-Junction,None,,,         ,Joseph,Hurst,Clear,Front to Rear,no,no,no,no,yes,False
103087294,METROPOLITAN NASHVILLE POLICE DEPT,20210479713,Davidson,Nashville,9/11/2021 9:07:00 PM,2,0,0,36.049830,-86.667000,I 24,,,,0.00,,,,,,,58.85,N,Not at Intersection,N,Non-Junction,None,,,         ,Joseph,Hurst,Clear,Front to Rear,no,no,no,no,yes,False
103087321,METROPOLITAN NASHVILLE POLICE DEPT,20210479605,Davidson,Nashville,9/11/2021 7:40:00 PM,1,1,0,36.157660,-86.636690,STEWARTS FERRY PKE,,,,250.00,Feet,West,MCCRORY CREEK RD,,,,0.00,N,Not at Intersection,N,Non-Junction,None,,,         ,Christian,Vanders,Clear,Not Collision with Motor Vehicle in Transport,no,no,no,no,no,False
103087369,METROPOLITAN NASHVILLE POLICE DEPT,20210479640,Davidson,Nashville,9/11/2021 12:00:00 AM,2,2,0,36.093610,-86.826910,HILLSBORO PKE,,,,0.00,,,SUMMIT RIDGE DR,,,,0.00,Y,T-Intersection,N,Intersection,None,,,         ,Kyle,Lund,Clear,Front to Rear,no,no,no,no,no,False
103087378,METROPOLITAN NASHVILLE POLICE DEPT,20210479706,Davidson,Madison,9/11/2021 9:02:00 PM,2,0,0,36.296910,-86.699160,MYATT DR,,,,0.00,,,GALLATIN PKEN,,,,0.00,Y,Four-Way,N,Non-Junction,None,,,         ,Austin,Bowles,Clear,Front to Rear,no,no,no,no,no,False
103087383,GOODLETTSVILLE POLICE DEPT,21-25618,Davidson,Goodlettsville,9/11/2021 7:51:00 PM,2,1,0,36.307820,-86.704020,I65 N EXT RAMP,,,,0.00,,,RIVERGATE PKWY,,,,0.00,Y,Four-Way,Y,Entrance/Exit Ramp Related,None,,,         ,Austin,Herendeen,Clear,Front to Rear,no,no,no,no,no,False
103087390,METROPOLITAN NASHVILLE POLICE DEPT,20210479890,Davidson,Nashville,9/11/2021 11:17:00 PM,1,1,0,36.168540,-86.600330,OLD HICKORY BLVD,,,,0.00,Feet,East,MILLS RD,,,,0.00,N,Not at Intersection,N,Non-Junction,None,,,         ,Ryan,Malone,Clear,Not Collision with Motor Vehicle in Transport,no,no,no,no,no,False
103087400,METROPOLITAN NASHVILLE POLICE DEPT,20210478768,Davidson,Nashville,9/10/2021 10:27:00 PM,1,0,0,36.197950,-86.829640,CLIFF DR,,,,67.00,Feet,East,ALPINE AV,,,,0.00,N,Not at Intersection,N,Non-Junction,None,,,         ,Joel,Bennett,Clear,Not Collision with Motor Vehicle in Transport,no,no,no,no,yes,False
103087412,METROPOLITAN NASHVILLE POLICE DEPT,20210479589,Davidson,Nashville,9/11/2021 7:35:00 PM,2,0,0,36.161000,-86.777240,BROADWAY,,,,14.00,Feet,West,4TH AVN,,,,0.00,N,Not at Intersection,N,Non-Junction,None,,,         ,John,Robish,Clear,Angle,no,no,no,no,no,False
103087418,METROPOLITAN NASHVILLE POLICE DEPT,20210479832,Davidson,Nashville,9/11/2021 10:41:00 PM,1,0,0,36.192680,-86.790630,GREAT CIRCLE RD,,,,119.00,Feet,South,CUMBERLAND BND,,,,0.00,N,Not at Intersection,N,Non-Junction,None,,,         ,Chad,Connors,Clear,Not Collision with Motor Vehicle in Transport,no,no,no,no,no,False
103087430,METROPOLITAN NASHVILLE POLICE DEPT,20210479908,Davidson,Nashville,9/11/2021 5:54:00 PM,2,0,0,36.157290,-86.708100,LEBANON PKE,,,,275.00,Feet,East,OMOHUNDRO DR,,,,0.00,N,Not at Intersection,N,Non-Junction,None,,,         ,Amy,Hirschmann,Clear,"Sideswipe, Same Direction",no,no,no,no,yes,False
103087431,METROPOLITAN NASHVILLE POLICE DEPT,20210479928,Davidson,Nashville,9/11/2021 6:45:00 PM,2,0,0,36.168420,-86.687960,LEBANON PKE,,,,0.00,,,BRILEY PKWY N ENT RAMP,,,,0.00,Y,Four-Way,N,Intersection,None,,,         ,William,Sutherland,Unknown,Angle,no,no,no,no,yes,False
103087437,METROPOLITAN NASHVILLE POLICE DEPT,20210479909,Davidson,Nashville,9/11/2021 11:32:00 PM,2,2,0,36.045590,-86.658460,I24 W EXT RAMP,,,,0.00,,,I 24,,,,0.00,Y,Four-Way,Y,Intersection,None,,,         ,Lisa,Beck,Clear,Angle,no,no,no,no,yes,False
103087440,METROPOLITAN NASHVILLE POLICE DEPT,20210479986,Davidson,Nashville,9/12/2021 12:00:00 AM,2,0,0,36.175040,-86.646520,LEBANON PKE,,,,229.00,Feet,North,SPRING PLACE DR,,,,0.00,N,Not at Intersection,N,Non-Junction,None,,,         ,Nelson,Hemingway,Clear,Front to Rear,no,no,no,no,no,False
103087444,METROPOLITAN NASHVILLE POLICE DEPT,20210479961,Davidson,Nashville,9/12/2021 12:00:00 AM,2,2,0,36.187540,-86.794850,I 65,,,,0.00,,,,,,,85.40,N,Not at Intersection,N,Non-Junction,None,,,         ,Brian,DeMarce,Clear,Front to Rear,no,no,no,no,yes,False
103087459,METROPOLITAN NASHVILLE POLICE DEPT,20210479716,Davidson,Nashville,9/11/2021 9:01:00 PM,2,1,0,36.044550,-86.662570,BELL RD,,,,310.00,Feet,West,CANE RIDGE RD,,,,0.00,N,Not at Intersection,N,Non-Junction,None,,,         ,Steven,Bowler,Clear,Angle,no,no,no,yes,yes,False
103087460,METROPOLITAN NASHVILLE POLICE DEPT,20210479957,Davidson,Nashville,9/11/2021 11:56:00 PM,2,0,0,36.159950,-86.779670,BROADWAY,,,,81.00,Feet,East,6TH AVS,,,,0.00,N,Not at Intersection, ,,None,,,         ,John,Robish,,,no,no,no,no,no,False
103087468,METROPOLITAN NASHVILLE POLICE DEPT,20210480039,Davidson,Nashville,9/12/2021 1:01:00 AM,1,0,0,36.148310,-86.779870,I 40,,,,0.00,,,,,,,209.80,N,Not at Intersection,N,Non-Junction,None,,,         ,Henry,Perez,Clear,Not Collision with Motor Vehicle in Transport,no,no,no,no,no,False
103087476,METROPOLITAN NASHVILLE POLICE DEPT,20210478837,Davidson,Nashville,9/11/2021 2:34:00 AM,2,0,0,36.148900,-86.769280,4TH AVS,,,,0.00,,,OAK ST,,,,0.00,Y,T-Intersection,N,Intersection,None,,,         ,John,Jones,Clear,HeadOn,no,no,no,no,yes,False
103087477,METROPOLITAN NASHVILLE POLICE DEPT,20210480133,Davidson,Nashville,9/12/2021 2:18:00 AM,2,1,0,36.169470,-86.806620,DR D B TODD JR BLVD,,,,0.00,,,JEFFERSON ST,,,,0.00,Y,Four-Way,N,Intersection-Related,None,,,         ,Brian,DeMarce,Clear,Angle,no,no,no,no,no,False
103087481,METROPOLITAN NASHVILLE POLICE DEPT,20210480073,Davidson,Nashville,9/12/2021 1:27:00 AM,1,0,0,36.176740,-86.765220,ELLINGTON PKWYN,,,,314.00,Feet,West,ELLINGTON PKWY N ENT RAMP,,,,0.00,N,Not at Intersection,N,Non-Junction,None,,,         ,Reginald,Pierre-Paul,Clear,Not Collision with Motor Vehicle in Transport,no,no,no,no,no,False
103087482,METROPOLITAN NASHVILLE POLICE DEPT,20210479896,Davidson,Nashville,9/11/2021 12:00:00 AM,1,2,0,36.162270,-86.873530,JAMES AV,,,,110.00,Feet,East,CROLEY DR,,,,0.00,N,Not at Intersection,N,Non-Junction,None,,,         ,Theodore,Meskers,Clear,Not Collision with Motor Vehicle in Transport,no,no,no,no,no,False
103087483,METROPOLITAN NASHVILLE POLICE DEPT,20210479994,Davidson,Nashville,9/12/2021 12:25:00 AM,2,2,0,36.067230,-86.661670,UNA ANTIOCH PKE,,,,0.00,Feet,West,RICHARDS RD,,,,0.00,N,Not at Intersection,N,Non-Junction,None,,,         ,Jerre,Fly,Clear,Angle,no,no,no,no,yes,False
103087498,METROPOLITAN NASHVILLE POLICE DEPT,20210480170,Davidson,Nashville,9/12/2021 2:58:00 AM,2,0,0,36.161020,-86.777200,BROADWAY,,,,0.00,,,4TH AVN,,,,0.00,Y,Four-Way, ,Intersection,None,,,         ,Garrett,Latham,Clear,Angle,no,no,no,no,no,False
103087524,METROPOLITAN NASHVILLE POLICE DEPT,20210479979,Davidson,Antioch,9/11/2021 8:16:00 PM,2,1,0,36.036080,-86.614640,SADDLECREEK WAY,,,,156.00,Feet,East,UPPER PARK PL,,,,0.00,N,Not at Intersection,N,Non-Junction,None,,,         ,Robert,Leverick,Clear,HeadOn,no,no,no,no,no,False
103087525,METROPOLITAN NASHVILLE POLICE DEPT,20210480195,Davidson,Nashville,9/12/2021 3:20:00 AM,2,0,0,36.156440,-86.790610,GRUNDY ST,,,,72.00,Feet,West,14TH AVN,,,,0.00,N,Not at Intersection, ,Non-Junction,None,,,         ,Kelsey,Hicks,Clear,Angle,no,no,no,yes,no,False
103087536,METROPOLITAN NASHVILLE POLICE DEPT,20210480208,Davidson,Nashville,9/11/2021 8:52:00 PM,2,0,0,36.070910,-86.649720,PEBBLE CREEK DR,,,,339.00,Feet,North,CANYON RIDGE CT,,,,0.00,N,Not at Intersection,N,Non-Junction,None,,,         ,Tavin,Emlund,Clear,Angle,no,no,no,no,yes,False
103087552,METROPOLITAN NASHVILLE POLICE DEPT,20210479855,Davidson,Nashville,9/11/2021 7:37:00 PM,2,0,0,36.067070,-86.737640,EDMONDSON PKE,,,,8.00,Feet,South,WATSONWOOD DR,,,,0.00,N,Not at Intersection,N,Non-Junction,None,,,         ,James,Wells Jr.,Clear,Front to Rear,no,no,no,no,yes,False
103087573,METROPOLITAN NASHVILLE POLICE DEPT,20210480114,Davidson,Not in City Limit,9/12/2021 12:00:00 AM,1,1,0,36.095030,-86.933870,SAWYER BROWN RD,,,,407.00,Feet,South,GLENWOOD TRACE PVTDR,,,,0.00,N,Not at Intersection,N,Non-Junction,None,,,         ,Lynsey,Fish,Clear,Not Collision with Motor Vehicle in Transport,no,no,no,no,no,False
103087582,METROPOLITAN NASHVILLE POLICE DEPT,20210480280,Davidson,Nashville,9/12/2021 6:15:00 AM,2,4,0,36.120830,-86.703590,MURFREESBORO PKE,,,,0.00,Feet,,GLENGARRY DR,,,,0.00,Y,Four-Way,Y,Intersection,None,,,         ,Dallas,Johnson,Clear,Front to Rear,no,no,no,no,no,False
103087585,METROPOLITAN NASHVILLE POLICE DEPT,20210480196,Davidson,Nashville,9/12/2021 3:06:00 AM,2,0,0,36.203620,-86.739110,E TRINITY LN,,,,173.00,Feet,West,GALLATIN PKE,,,,0.00,N,Not at Intersection, ,,None,,,         ,Alexander,Donald,,,no,no,no,yes,no,False
103087599,METROPOLITAN NASHVILLE POLICE DEPT,20210480386,Davidson,Nashville,9/12/2021 8:28:00 AM,1,0,0,36.243100,-86.751000,I65 S EXT RAMP,,,,0.00,Feet,East,I 65,,,,0.00,N,Not at Intersection,N,Entrance/Exit Ramp Related,None,,,         ,Nicholas,Cochran,Clear,Not Collision with Motor Vehicle in Transport,no,no,no,no,no,False
103087668,METROPOLITAN NASHVILLE POLICE DEPT,20210480483,Davidson,Nashville,9/12/2021 10:15:00 AM,2,0,0,36.171650,-86.773610,N 1ST ST,,,,549.00,Feet,North,MAIN ST,,,,0.00,N,Not at Intersection,N,Non-Junction,None,,,         ,Jason,Thomas,Cloudy,Angle,no,no,no,no,no,False
103087672,METROPOLITAN NASHVILLE POLICE DEPT,20210480507,Davidson,Nashville,9/12/2021 10:45:00 AM,1,0,0,36.069180,-86.694360,APACHE TRL,,,,0.00,,,,,,,0.00,,, ,Non-Junction,None,,,         ,Jason,Hees,Clear,Not Collision with Motor Vehicle in Transport,no,no,no,yes,no,False
103087680,METROPOLITAN NASHVILLE POLICE DEPT,20210480513,Davidson,Nashville,9/12/2021 10:52:00 AM,2,0,0,36.172970,-86.765010,MAIN ST,,,,107.00,Feet,East,SPRING ST,,,,0.00,N,Not at Intersection, ,,None,,,         ,Charles,Boles,,,no,no,no,no,no,False
103087703,METROPOLITAN NASHVILLE POLICE DEPT,20210480541,Davidson,Nashville,9/12/2021 10:35:00 AM,2,0,0,36.111220,-86.755850,THOMPSON LN,,,,185.00,Feet,West,SIDCO DR,,,,0.00,N,Not at Intersection,N,Unknown,None,,,         ,Derek,Garcia,Clear,Front to Rear,no,no,no,no,yes,False
103087708,METROPOLITAN NASHVILLE POLICE DEPT,20210480531,Davidson,Nashville,9/12/2021 11:25:00 AM,2,0,0,36.175950,-86.757240,MAIN ST,,,,0.00,,,S 9TH ST,,,,0.00,Y,T-Intersection, ,Non-Junction,Construction Zone,,,         ,Michael,Agee,Cloudy,Angle,no,no,no,no,no,False
103087715,METROPOLITAN NASHVILLE POLICE DEPT,20210480552,Davidson,Nashville,9/12/2021 12:00:00 AM,2,0,0,36.110460,-86.717260,BRILEY PKWYN,,,,172.00,Feet,South,BRILEY PKWYS,,,,0.00,N,Not at Intersection, ,Non-Junction,None,,,         ,Kristopher,Sharpe,Clear,"Sideswipe, Same Direction",no,no,no,no,no,False
103087760,METROPOLITAN NASHVILLE POLICE DEPT,20210480568,Davidson,Nashville,9/12/2021 12:35:00 PM,2,0,0,36.151120,-86.853900,CHARLOTTE AV,,,,61.00,Feet,East,RICHLAND CREEK SHOPPING CENTER,,,,0.00,N,Not at Intersection,N,Non-Junction,None,,,         ,Robert,Allen,Clear,"Sideswipe, Same Direction",no,no,no,no,no,False
103087762,METROPOLITAN NASHVILLE POLICE DEPT,20210480582,Davidson,Nashville,9/12/2021 12:56:00 PM,2,1,0,36.157290,-86.760420,I40 W ENT RAMP,,,,0.00,Feet,East,I 24,,,,0.00,N,Not at Intersection,N,Non-Junction,None,,,         ,Jason,Thomas,Cloudy,Front to Rear,no,no,no,no,no,False
103087769,METROPOLITAN NASHVILLE POLICE DEPT,20210480607,Davidson,Nashville,9/12/2021 1:09:00 PM,2,0,0,36.068990,-86.681200,RICHARDS RD,,,,0.00,,,CUMMINGS PARK DR,,,,0.00,Y,Four-Way,N,Intersection,None,,,         ,Jason,Hees,Clear,Angle,no,no,no,no,no,False
103087793,METROPOLITAN NASHVILLE POLICE DEPT,20210480550,Davidson,Nashville,9/12/2021 12:07:00 PM,2,1,0,36.083430,-86.689090,ANTIOCH PKE,,,,0.00,,,EZELL RD,,,,0.00,Y,Four-Way,N,Intersection,None,,,         ,Eric,Burford,Clear,Angle,no,no,no,no,no,False
103087798,METROPOLITAN NASHVILLE POLICE DEPT,20210480630,Davidson,Not in City Limit,9/12/2021 1:53:00 PM,1,0,0,36.268300,-86.751100,OLD HICKORY BLVDW,,,,1410.00,Feet,East,KEMPER DRN,,,,0.00,N,Not at Intersection,Y,Non-Junction,None,,,         ,Joshua,Goepper,Clear,Not Collision with Motor Vehicle in Transport,no,no,no,no,no,False
103087839,METROPOLITAN NASHVILLE POLICE DEPT,20210480664,Davidson,Nashville,9/12/2021 1:52:00 PM,2,0,0,36.040590,-86.771070,OLD HICKORY BLVD,,,,0.00,,,VALLEY VIEW RD,,,,0.00,Y,Four-Way, ,Intersection,None,,,         ,Steven,Powers,Clear,Front to Rear,no,no,no,no,no,False
103087841,METROPOLITAN NASHVILLE POLICE DEPT,20210480667,Davidson,Nashville,9/12/2021 2:39:00 PM,2,0,0,36.186580,-86.747140,GALLATIN AV,,,,0.00,,,PETWAY AV,,,,0.00,Y,Four-Way,N,Intersection,None,,,         ,Randy,Puckett,Clear,Angle,no,no,no,no,no,False