master_record_number,agency,agency_tracking_number,county,city,collision_date,vehicles_involved,number_injured,number_dead,latitude,longitude,roadway_name,roadway_suffix,roadway_number,roadway_local_id,distance_from_reference,miles-feet_indicator,direction_from_reference,intersection_road_name,intersection_road_name_suffix,intersection_road_number,intersection_local_id,mile_marker,intersection_indicator,intersect_type,interchange_related_indicator,relation_to_junction,work_zone_type,construction_maintenance_zone,construction_maintenance_zone_location,fatal_case_number,officer_first_name,officer_last_name,weather_condition(s),manner_of_crash,pedestrian,bicycle,scooter,parking,hitrun,mou
103087873,METROPOLITAN NASHVILLE POLICE DEPT,20210480658,Davidson,Nashville,9/12/2021 11:56:00 AM,2,0,0,36.140580,-86.722280,SPENCE LN,,,,10.00,Feet,West,I40 W EXT RAMP,,,,0.00,N,Not at Intersection,N,Non-Junction,None,,,         ,Brandon,Chapman,Clear,"Sideswipe, Same Direction",no,no,no,no,yes,False
103087880,METROPOLITAN NASHVILLE POLICE DEPT,20210480719,Davidson,Nashville,9/12/2021 2:49:00 PM,2,0,0,36.078310,-86.643030,MURFREESBORO PKE,,,,0.00,Feet,West,MARTWAY DR,,,,0.00,N,Not at Intersection,N,Non-Junction,None,,,         ,Wayne,Helm,Clear,Angle,no,no,no,no,yes,False
103087893,METROPOLITAN NASHVILLE POLICE DEPT,20210480640,Davidson,Nashville,9/12/2021 12:00:00 AM,2,0,0,36.172910,-86.765460,MAIN ST ENT RAMP,,,,0.00,Feet,East,SPRING ST,,,,0.00,N,Not at Intersection, ,Non-Junction,None,,,         ,Maccio,Hightower,Clear,"Sideswipe, Same Direction",no,no,no,no,no,False
103087894,METROPOLITAN NASHVILLE POLICE DEPT,20210480733,Davidson,Nashville,9/12/2021 3:40:00 PM,2,2,0,36.042450,-86.712940,SWISS AV,,,,0.00,,,NOLENSVILLE PKE,,,,0.00,Y,Four-Way,N,Intersection,None,,,         ,Steven,Powers,Clear,Angle,no,no,no,no,no,False
103087903,METROPOLITAN NASHVILLE POLICE DEPT,20210480698,Davidson,Nashville,9/12/2021 3:00:00 PM,3,1,0,36.168690,-86.776160,JAMES ROBERTSON PKWY,,,,420.00,Feet,East,WOODLAND ST,,,,0.00,N,Not at Intersection,N,Non-Junction,None,,,         ,Michael,Foster,Clear,Front to Rear,no,no,no,no,yes,False
103087906,METROPOLITAN NASHVILLE POLICE DEPT,20210480759,Davidson,Nashville,9/12/2021 4:05:00 PM,2,0,0,36.172660,-86.781840,STOCKYARD ST,,,,15.00,Feet,East,2ND AVN,,,,0.00,N,Not at Intersection,N,Non-Junction,None,,,         ,Brent,Morris,Clear,Angle,no,no,no,no,no,False
103087908,METROPOLITAN NASHVILLE POLICE DEPT,20210480769,Davidson,Nashville,9/12/2021 3:52:00 PM,2,1,0,36.231250,-86.813370,WHITES CREEK PKE,,,,801.00,Feet,South,BRILEY PKWY E ENT RAMP,,,,0.00,N,Not at Intersection,N,Non-Junction,None,,,         ,Chase,Harriman,Clear,Angle,no,no,no,no,no,False
103087911,METROPOLITAN NASHVILLE POLICE DEPT,20210480753,Davidson,Nashville,9/12/2021 3:19:00 PM,2,1,0,36.057260,-86.676760,I 24,,,,0.00,,,,,,,58.10,N,Not at Intersection,N,Non-Junction,None,,,         ,Steven,Begley,Clear,"Sideswipe, Same Direction",no,no,no,no,yes,False
103087912,MOUNT JULIET POLICE DEPT,21036276,Davidson,Nashville,9/11/2021 6:15:00 PM,2,0,0,36.216840,-86.583180,LEBANON RD,,,,0.00,,,MATTERHORN DR,,,,0.00,Y,Four-Way,N,Non-Junction,None,,,         ,April,Jamison,Clear,Front to Rear,no,no,no,no,no,False
103087917,METROPOLITAN NASHVILLE POLICE DEPT,20210480788,Davidson,Not in City Limit,9/12/2021 12:00:00 AM,2,0,0,35.989850,-86.680540,MUIR AV,,,,126.00,Feet,South,VIDA WAY,,,,0.00,N,Not at Intersection,N,Non-Junction,None,,,         ,John,McDonnell,Unknown,Unknown,no,no,no,no,yes,False
103087935,METROPOLITAN NASHVILLE POLICE DEPT,20210480840,Davidson,Nashville,9/12/2021 5:23:00 PM,2,0,0,36.234450,-86.724790,GALLATIN PKE,,,,96.00,Feet,South,BRILEY PKWY E EXT RAMP,,,,0.00,N,Not at Intersection, ,Non-Junction,None,,,         ,Jason,Milyaro Lucas,Clear,Angle,no,no,no,no,no,False
103087938,METROPOLITAN NASHVILLE POLICE DEPT,20210480777,Davidson,Nashville,9/12/2021 4:25:00 PM,1,1,0,36.116050,-86.782900,I-440 W,,,,0.00,,West,,,,,4.02,N,Not at Intersection,N,Non-Junction,None,,,         ,Dakota,Davis,Clear,Not Collision with Motor Vehicle in Transport,no,no,no,no,no,False
103087955,METROPOLITAN NASHVILLE POLICE DEPT,20210480971,Davidson,Nashville,9/12/2021 6:35:00 PM,2,0,0,36.150150,-86.700200,ACORN DR,,,,0.00,,,ELM HILL PKE,,,,0.00,Y,Four-Way,N,Intersection,None,,,         ,Reagan,Heath,Clear,Angle,no,no,no,no,yes,False
103087963,METROPOLITAN NASHVILLE POLICE DEPT,20210479806,Davidson,Nashville,9/11/2021 10:30:00 PM,2,0,0,36.159990,-86.769740,KOREAN VETERANS BLVD,,,,711.00,Feet,North,DOWNTOWN GRNWY,,,,0.00,N,Not at Intersection,N,Non-Junction,None,,,         ,Michael,Foster,Clear,"Sideswipe, Opposite Direction",no,no,no,no,yes,False
103087968,METROPOLITAN NASHVILLE POLICE DEPT,20210480815,Davidson,Nashville,9/12/2021 5:00:00 PM,2,1,0,36.075060,-86.724920,NOLENSVILLE PKE,,,,0.00,,,FLORA MAXWELL RD,,,,0.00,Y,Four-Way,N,Intersection-Related,None,,,         ,Savannah,Starbuck,Clear,Angle,no,no,no,no,no,False
103087972,METROPOLITAN NASHVILLE POLICE DEPT,20210480722,Davidson,Nashville,9/12/2021 12:00:00 AM,1,0,0,36.240190,-86.746390,BRILEY PKWYW,,,,284.00,Feet,East,BRILEY PKWY W EXT RAMP,,,,0.00,N,Not at Intersection,N,Non-Junction,None,,,         ,Thomas,Denenea,Cloudy,Not Collision with Motor Vehicle in Transport,no,no,no,no,no,False
103087984,METROPOLITAN NASHVILLE POLICE DEPT,20210480773,Davidson,Nashville,9/12/2021 1:41:00 PM,2,0,0,36.148900,-86.666280,DONELSON PKE,,,,34.00,Feet,North,ELM HILL PKE,,,,0.00,N,Not at Intersection, ,Non-Junction,None,,,         ,Crockett,Bruce,Clear,Front to Rear,no,no,no,no,yes,False
103087988,METROPOLITAN NASHVILLE POLICE DEPT,20210480933,Davidson,Nashville,9/12/2021 6:15:00 PM,1,0,0,36.241490,-86.872950,EATONS CREEK RD,,,,607.00,Feet,North,TAZ HYDE RD,,,,0.00,N,Not at Intersection,N,Non-Junction,None,,,         ,Craig,Paschetti,Clear,Not Collision with Motor Vehicle in Transport,no,no,no,no,no,False
103087995,METROPOLITAN NASHVILLE POLICE DEPT,20210480864,Davidson,Nashville,9/12/2021 4:15:00 PM,2,0,0,36.196610,-86.741770,CAHAL AV,,,,144.00,Feet,East,GALLATIN AV,,,,0.00,N,Not at Intersection,N,Non-Junction,None,,,         ,Maccio,Hightower,Clear,Other,no,no,no,yes,yes,False
103087999,METROPOLITAN NASHVILLE POLICE DEPT,20210481048,Davidson,Nashville,9/12/2021 7:50:00 PM,2,0,0,36.145600,-86.696380,I40 E ENT RAMP,,,,0.00,Feet,East,BRILEY PKWY S EXT RAMP,,,,0.00,N,Not at Intersection, ,Non-Junction,None,,,         ,Brandon,Chapman,Clear,Front to Rear,no,no,no,no,no,False
103088004,METROPOLITAN NASHVILLE POLICE DEPT,20210481018,Davidson,Nashville,9/12/2021 7:43:00 PM,2,0,0,36.115490,-86.747540,NOLENSVILLE PKE,,,,0.00,Feet,,WHITSETT RD,,,,0.00,Y,T-Intersection,N,Non-Junction,None,,,         ,Josh,Lauton,Clear,Angle,no,no,no,no,no,False
103088014,METROPOLITAN NASHVILLE POLICE DEPT,20210481081,Davidson,Nashville,9/12/2021 8:13:00 PM,2,0,0,36.151300,-86.794240,DIVISION ST,,,,30.00,Feet,East,18TH AVS,,,,0.00,N,Not at Intersection,N,Non-Junction,None,,,         ,Dakota,Davis,Clear,Angle,no,no,no,no,no,False
103088015,METROPOLITAN NASHVILLE POLICE DEPT,20210481036,Davidson,Nashville,9/12/2021 8:08:00 PM,1,0,0,36.067340,-86.682210,ANTIOCH PKE,,,,0.00,,,,,,,0.00,,,N,Non-Junction,None,,,         ,Joseph,Hurst,Clear,Not Collision with Motor Vehicle in Transport,no,no,no,no,no,False
103088017,METROPOLITAN NASHVILLE POLICE DEPT,20210480909,Davidson,Nashville,9/12/2021 4:55:00 PM,1,0,0,36.116130,-86.773300,I65 S ENT RAMP,,,,0.00,Feet,East,I 65,,,,0.00,N,Not at Intersection,N,Non-Junction,None,,,         ,Matthew,Sears,Clear,Not Collision with Motor Vehicle in Transport,no,no,no,no,no,False
103088053,METROPOLITAN NASHVILLE POLICE DEPT,20210481079,Davidson,Nashville,9/12/2021 12:00:00 AM,2,0,0,36.061110,-86.916260,OLD HICKORY BLVD,,,,141.00,Feet,North,HIGHWAY 100,,,,0.00,N,Not at Intersection, ,Non-Junction,None,,,         ,Maria,Reynolds,Clear,Front to Rear,no,no,no,no,yes,False
103088079,METROPOLITAN NASHVILLE POLICE DEPT,20210480943,Davidson,Nashville,9/12/2021 6:45:00 PM,2,1,0,36.231080,-86.833060,CLARKSVILLE PKE,,,,195.00,Feet,North,CLARKSVILLE PKE SB EXT RAMP,,,,0.00,N,Not at Intersection,N,Non-Junction,None,,,         ,Chase,Harriman,Clear,"Sideswipe, Same Direction",no,no,no,no,no,False
103088106,METROPOLITAN NASHVILLE POLICE DEPT,20210481107,Davidson,Nashville,9/12/2021 9:18:00 PM,1,1,0,36.126980,-86.709410,THOMPSON PL,,,,425.00,Feet,North,MURFREESBORO PKE,,,,0.00,N,Not at Intersection,N,Non-Junction,None,,,         ,Rami,Rouhi,,Not Collision with Motor Vehicle in Transport,yes,no,no,no,no,False
103088133,METROPOLITAN NASHVILLE POLICE DEPT,20210481093,Davidson,Nashville,9/12/2021 9:04:00 PM,1,1,0,36.038140,-86.672370,HICKORY PARK DR,,,,423.00,Feet,South,BELL TRACE DR,,,,0.00,N,Not at Intersection,N,OtherLocation,None,,,         ,Steven,Bowler,Clear,Not Collision with Motor Vehicle in Transport,no,no,no,yes,no,False
103088138,METROPOLITAN NASHVILLE POLICE DEPT,20210481184,Davidson,Nashville,9/12/2021 10:56:00 PM,2,0,0,36.185850,-86.775230,I 24,,,,0.00,,,,,,,47.20,N,Not at Intersection,N,Non-Junction,None,,,         ,Reginald,Pierre-Paul,Clear,"Sideswipe, Same Direction",no,no,no,no,no,False
103088148,METROPOLITAN NASHVILLE POLICE DEPT,20210481194,Davidson,Nashville,9/12/2021 11:12:00 PM,2,2,0,36.045480,-86.647290,MT VIEW RD,,,,0.00,,,CROSSINGS BLVD,,,,0.00,Y,Four-Way,Y,Intersection-Related,None,,,         ,Lisa,Beck,Clear,HeadOn,no,no,no,no,no,False
103088149,METROPOLITAN NASHVILLE POLICE DEPT,20210481169,Davidson,Nashville,9/12/2021 10:44:00 PM,2,0,0,36.080400,-86.717930,RECOVERY RD,,,,0.00,Feet,,HARDING PL,,,,0.00,Y,Four-Way,Y,Non-Junction,None,,,         ,Gregory,Rdzok,Clear,Angle,no,no,no,no,no,False
103088167,METROPOLITAN NASHVILLE POLICE DEPT,20210481333,Davidson,Nashville,9/13/2021 12:00:00 AM,1,0,0,36.236510,-86.757810,I65 N ENT RAMP,,,,0.00,,East,I 65,,,,0.00,N,Not at Intersection,N,Entrance/Exit Ramp Related,None,,,         ,Ashton,Hill,Clear,Not Collision with Motor Vehicle in Transport,no,no,no,no,yes,False
103088182,METROPOLITAN NASHVILLE POLICE DEPT,20210480135,Davidson,Nashville,9/12/2021 12:35:00 AM,2,2,0,36.166230,-86.765790,I24 E EXT RAMP,,,,0.00,Feet,,I 24,,,,0.00,Y,Four-Way,N,Intersection,None,,,         ,John,Jones,Clear,HeadOn,no,no,no,no,no,False
103088189,METROPOLITAN NASHVILLE POLICE DEPT,20210481386,Davidson,Nashville,9/13/2021 12:00:00 AM,1,1,0,36.240080,-86.750390,I65 N ENT RAMP,,,,130.00,Feet,North,I65 N EXT RAMP,,,,0.00,N,Not at Intersection,N,Non-Junction,None,,,         ,Matthew,Jankiewicz,Clear,Not Collision with Motor Vehicle in Transport,no,no,no,no,no,False
103088220,METROPOLITAN NASHVILLE POLICE DEPT,20210481538,Davidson,Nashville,9/13/2021 5:18:00 AM,2,0,0,36.149500,-86.773070,I 40,,,,0.00,,,,,,,210.20,N,Not at Intersection,Y,Entrance/Exit Ramp Related,None,,,         ,Kelsey,Hicks,Clear,Angle,no,no,no,no,yes,False
103088260,METROPOLITAN NASHVILLE POLICE DEPT,20210481594,Davidson,Nashville,9/13/2021 12:00:00 AM,1,0,0,36.148060,-86.779220,I65 S ENT RAMP,,,,0.00,,,I 40,,,,0.00,Y,OTHER,Y,Entrance/Exit Ramp Related,None,,,         ,Earl,Davis,Unknown,Not Collision with Motor Vehicle in Transport,no,no,no,no,no,False
103088267,METROPOLITAN NASHVILLE POLICE DEPT,20210481609,Davidson,Nashville,9/13/2021 5:30:00 AM,2,0,0,36.158410,-86.790610,GEORGE L DAVIS BLVD,,,,0.00,,,CHURCH ST,,,,0.00,Y,Four-Way,N,Intersection,None,,,         ,Jackson,Smythe,Clear,"Sideswipe, Same Direction",no,no,no,no,yes,False
103088293,METROPOLITAN NASHVILLE POLICE DEPT,20210481624,Davidson,Antioch,9/13/2021 6:45:00 AM,1,0,0,36.011980,-86.607240,J P HENNESSY DR,,,,659.00,Feet,East,FIRESTONE PKWY,,,,0.00,N,Not at Intersection,N,Non-Junction,None,,,         ,Joe,Hooper,Clear,Not Collision with Motor Vehicle in Transport,no,no,no,no,yes,False
103088304,METROPOLITAN NASHVILLE POLICE DEPT,20210481675,Davidson,Nashville,9/13/2021 8:01:00 AM,2,0,0,36.075060,-86.724920,NOLENSVILLE PKE,,,,0.00,,,FLORA MAXWELL RD,,,,0.00,Y,T-Intersection,N,Intersection,None,,,         ,Earl,Davis,Clear,Angle,no,no,no,no,no,False
103088310,METROPOLITAN NASHVILLE POLICE DEPT,20210481616,Davidson,Nashville,9/13/2021 7:01:00 AM,2,0,0,36.208240,-86.767400,DICKERSON PKE,,,,0.00,,,GRIZZARD AV,,,,0.00,Y,T-Intersection,Y,Intersection-Related,None,,,         ,Jarret,Sonnenberg,Clear,Angle,no,no,no,no,no,False
103088321,METROPOLITAN NASHVILLE POLICE DEPT,20210481724,Davidson,Antioch,9/13/2021 8:19:00 AM,2,1,0,36.048700,-86.595590,PIN HOOK RD,,,,703.00,Feet,West,POST OAK DR,,,,0.00,N,Not at Intersection,N,Non-Junction,None,,,         ,Joe,Hooper,Clear,Angle,no,no,no,no,no,False
103088329,METROPOLITAN NASHVILLE POLICE DEPT,20210481670,Davidson,Nashville,9/13/2021 7:56:00 AM,2,1,0,36.194400,-86.772350,DOUGLAS AV,,,,0.00,,,DICKERSON PKE,,,,0.00,Y,Four-Way,N,Intersection,None,,,         ,Michael,Agee,Clear,Angle,no,no,no,no,no,False
103088331,METROPOLITAN NASHVILLE POLICE DEPT,20210481685,Davidson,Nashville,9/13/2021 8:08:00 AM,1,1,0,36.117430,-86.796740,GALE LN,,,,156.00,Feet,East,BELMONT BLVD,,,,0.00,N,Not at Intersection,N,OtherLocation,None,,,         ,Phillip,Lovell,Clear,Not Collision with Motor Vehicle in Transport,no,no,no,yes,no,False
103088333,METROPOLITAN NASHVILLE POLICE DEPT,20210481663,Davidson,Madison,9/13/2021 7:52:00 AM,2,1,0,36.238810,-86.723860,GALLATIN PKES,,,,0.00,,,WALTON LN,,,,0.00,Y,T-Intersection,N,Intersection,None,,,         ,Christopher,Littles,Clear,Front to Rear,no,no,no,no,no,False
103088342,METROPOLITAN NASHVILLE POLICE DEPT,20210481774,Davidson,Nashville,9/13/2021 8:21:00 AM,1,0,0,36.244820,-86.799600,BRICK CHURCH LN,,,,648.00,Feet,East,KNIGHT DR,,,,0.00,N,Not at Intersection,N,Non-Junction,None,,,         ,Ryan,Worstall,Clear,Not Collision with Motor Vehicle in Transport,no,no,no,no,no,False
103088346,METROPOLITAN NASHVILLE POLICE DEPT,20210481699,Davidson,Nashville,9/13/2021 8:17:00 AM,2,2,0,36.103230,-86.666480,MURFREESBORO PKE,,,,0.00,,,FAIRCLOTH LN,,,,0.00,Y,T-Intersection,N,Intersection,None,,,         ,Eric,Burford,Clear,Angle,no,no,no,no,no,False
103088349,METROPOLITAN NASHVILLE POLICE DEPT,20210481812,Davidson,Nashville,9/13/2021 9:38:00 AM,2,1,0,36.152500,-86.833280,CHARLOTTE AV,,,,0.00,,,39TH AVN,,,,0.00,Y,T-Intersection,N,Intersection,None,,,         ,Jared,Dick,Clear,Angle,no,no,no,no,no,False
103088357,METROPOLITAN NASHVILLE POLICE DEPT,20210481835,Davidson,Nashville,9/13/2021 9:56:00 AM,1,0,0,36.157720,-86.797350,17TH AVN,,,,0.00,,,PATTERSON ST,,,,0.00,Y,Four-Way, ,,None,,,         ,Earl,Davis,,,no,no,no,no,no,False
103088364,METROPOLITAN NASHVILLE POLICE DEPT,20210481806,Davidson,Antioch,9/13/2021 7:38:00 AM,3,1,0,36.050354,-86.614931,MURFREESBORO,PIKE,US41A&70,,0.00,,,SUMMERCREST,BLVD,,,0.00,Y,Four-Way,N,Intersection,None,,,         ,Joe,Hooper,Clear,Angle,no,no,no,no,no,False
103088365,METROPOLITAN NASHVILLE POLICE DEPT,20210481870,Davidson,Nashville,9/13/2021 10:14:00 AM,2,2,0,36.243100,-86.758260,DOVERSIDE DR,,,,559.00,Feet,West,DICKERSON PKE,,,,0.00,N,Not at Intersection,N,Non-Junction,None,,,         ,Christopher,Littles,Clear,Angle,no,no,no,no,no,False
103088379,METROPOLITAN NASHVILLE POLICE DEPT,20210481780,Davidson,Nashville,9/13/2021 9:18:00 AM,2,0,0,36.143170,-86.705330,I 40,,,,0.00,,,,,,,214.45,N,Not at Intersection, ,,None,,,         ,Hunter,Hodge,,,no,no,no,no,no,False
103088383,METROPOLITAN NASHVILLE POLICE DEPT,20210481886,Davidson,Nashville,9/13/2021 10:22:00 AM,2,1,0,36.206500,-86.776490,W TRINITY LN,,,,10.00,Feet,South,I65 S ENT RAMP,,,,0.00,N,Not at Intersection,N,Non-Junction,None,,,         ,Ryan,Worstall,Clear,Front to Rear,no,no,no,no,no,False
103088417,METROPOLITAN NASHVILLE POLICE DEPT,20210481800,Davidson,Nashville,9/13/2021 3:00:00 AM,4,0,0,36.167750,-86.798180,IRELAND ST,,,,0.00,,,,,,,0.00,,,N,Non-Junction,None,,,         ,Peyton,Wheatley,Clear,Other,no,no,no,no,yes,False
103088419,METROPOLITAN NASHVILLE POLICE DEPT,20210481995,Davidson,Nashville,9/13/2021 11:28:00 AM,2,0,0,36.175610,-86.603120,OLD HICKORY BLVD,,,,437.00,Feet,North,BURNING TREE DR,,,,0.00,N,Not at Intersection, ,Non-Junction,None,,,         ,Ian,Hammond,Clear,"Sideswipe, Same Direction",no,no,no,no,yes,False
103088426,METROPOLITAN NASHVILLE POLICE DEPT,20210481831,Davidson,Nashville,9/13/2021 9:50:00 AM,3,2,0,36.153080,-86.848440,ALABAMA AV,,,,49.00,Feet,East,51ST AVN,,,,0.00,N,Not at Intersection,Y,OtherLocation,None,,,         ,George,Spencer,Clear,Angle,no,no,no,no,no,False
103088443,METROPOLITAN NASHVILLE POLICE DEPT,20210482035,Davidson,Nashville,9/13/2021 12:06:00 PM,2,1,0,36.149690,-86.779180,DIVISION ST,,,,0.00,,,8TH AVS,,,,0.00,Y,Four-Way,N,Intersection,None,,,         ,Joshua,Reece,Clear,Front to Rear,no,no,no,no,no,False
103088446,METROPOLITAN NASHVILLE POLICE DEPT,20210481957,Davidson,Nashville,9/13/2021 11:07:00 AM,2,0,0,36.068080,-86.844120,HILLSBORO PKE,,,,0.00,,,OTTER CREEK RD,,,,0.00,Y,T-Intersection, ,Intersection-Related,None,,,         ,Earl,Davis,Clear,Front to Rear,no,no,no,no,no,False
103088447,BERRY HILL POLICE DEPT,21-2770,Davidson,Berry Hill,9/13/2021 12:00:00 AM,1,0,0,36.116500,-86.764800,E IRIS DR,,,,0.00,,,COLUMBINE PL,,,,0.00,Y,T-Intersection, ,,None,,,         ,John,Gleixner,,,no,no,no,no,no,False
103088462,METROPOLITAN NASHVILLE POLICE DEPT,20210482073,Davidson,Nashville,9/13/2021 11:59:00 AM,2,0,0,36.111630,-86.759890,THOMPSON LN,,,,555.00,Feet,West,KRAFT DR,,,,0.00,N,Not at Intersection,N,Non-Junction,None,,,         ,Earl,Davis,Clear,Front to Rear,no,no,no,no,yes,False
103088465,METROPOLITAN NASHVILLE POLICE DEPT,20210481883,Davidson,Nashville,9/13/2021 10:19:00 AM,4,2,0,36.090260,-86.650690,MURFREESBORO PKE,,,,281.00,Feet,South,BOROWOOD DR,,,,0.00,N,Not at Intersection,N,Non-Junction,None,,,         ,Matthew,Jorgensen,Clear,Front to Rear,no,no,no,no,no,False
103088469,METROPOLITAN NASHVILLE POLICE DEPT,20210482113,Davidson,Nashville,9/13/2021 1:04:00 PM,2,3,0,36.241970,-86.757050,DICKERSON PKE ENT RAMP,,,,0.00,,,DICKERSON PKE,,,,0.00,Y,Four-Way,N,Intersection,None,,,         ,Christopher,Littles,Clear,Angle,no,no,no,no,no,False
103088484,METROPOLITAN NASHVILLE POLICE DEPT,20210482053,Davidson,Nashville,9/13/2021 12:15:00 PM,1,1,0,36.205230,-86.758960,E TRINITY LN,,,,259.00,Feet,East,OVERBY RD,,,,0.00,N,Not at Intersection,N,Non-Junction,Construction Zone,Intermittent Moving Work,Activity Area,         ,Faye,Denson,Clear,Not Collision with Motor Vehicle in Transport,no,no,no,no,no,False
103088505,METROPOLITAN NASHVILLE POLICE DEPT,20210482134,Davidson,Nashville,9/13/2021 12:00:00 AM,2,0,0,36.252920,-86.717010,GALLATIN PKES,,,,125.00,Feet,South,MADISON SQ,,,,0.00,N,Not at Intersection, ,,None,,,         ,Chase,Carter,,,no,no,no,no,no,False
103088517,METROPOLITAN NASHVILLE POLICE DEPT,20210482120,Davidson,Nashville,9/13/2021 10:50:00 AM,2,0,0,36.206270,-86.773480,W TRINITY LN,,,,0.00,,,I65 N ENT RAMP,,,,0.00,Y,T-Intersection, ,Intersection-Related,None,,,         ,Jarret,Sonnenberg,Clear,Angle,no,no,no,no,no,False
103088521,GOODLETTSVILLE POLICE DEPT,21-25778,Davidson,Goodlettsville,9/13/2021 11:23:00 AM,2,1,0,36.315040,-86.713620,RIVERGATE PKWY,,,,0.00,Feet,,S MAIN ST,,,,0.00,Y,Four-Way,N,Intersection,None,,,         ,Jessica,Gistarb,Clear,HeadOn,no,no,no,no,yes,False
103088523,METROPOLITAN NASHVILLE POLICE DEPT,20210482164,Davidson,Nashville,9/13/2021 1:28:00 PM,2,0,0,36.145500,-86.741200,I 40,,,,0.00,,,,,,,212.20,N,Not at Intersection,N,Non-Junction,None,,,         ,Joe,Hooper,Clear,"Sideswipe, Same Direction",no,no,no,no,yes,False
103088533,METROPOLITAN NASHVILLE POLICE DEPT,2021482175,Davidson,Nashville,9/13/2021 1:35:00 PM,2,0,0,36.142740,-86.787030,EDGEHILL AV,,,,0.00,,,12TH AVS,,,,0.00,Y,Four-Way, ,,None,,,         ,Earl,Davis,,,no,no,no,no,no,False
103088581,METROPOLITAN NASHVILLE POLICE DEPT,20210482232,Davidson,Nashville,9/13/2021 2:00:00 PM,2,0,0,36.120030,-86.874600,HICKORY VALLEY RD,,,,56.00,Feet,South,DARDEN PL,,,,0.00,N,Not at Intersection,N,Non-Junction,None,,,         ,Jeffery,Leiser,Clear,Rear to Side,no,no,no,yes,yes,False
103088594,METROPOLITAN NASHVILLE POLICE DEPT,20210482195,Davidson,Nashville,9/13/2021 1:55:00 PM,2,1,0,36.160510,-86.801870,DR D B TODD JR BLVD,,,,0.00,,,JO JOHNSTON AV,,,,0.00,Y,Four-Way,N,Intersection-Related,None,,,         ,Peyton,Wheatley,Clear,Angle,no,no,no,no,no,False
103088600,METROPOLITAN NASHVILLE POLICE DEPT,20210482190,Davidson,Nashville,9/13/2021 1:44:00 PM,1,0,0,36.172480,-86.595110,CENTRAL PKE,,,,0.00,,,TULIP GROVE RD,,,,0.00,Y,Four-Way,N,Intersection,None,,,         ,Jason,Hees,Clear,Not Collision with Motor Vehicle in Transport,no,no,no,no,no,False
103088602,METROPOLITAN NASHVILLE POLICE DEPT,20210480785,Davidson,Nashville,9/12/2021 4:35:00 PM,2,1,1,36.133230,-86.801310,PORTLAND AV,,,,0.00,,,21ST AVS,,,,0.00,Y,Four-Way,N,Intersection,None,,,         ,Ryan,Allen,Clear,Angle,no,no,no,no,no,False
103088621,METROPOLITAN NASHVILLE POLICE DEPT,20210482189,Davidson,Nashville,9/13/2021 2:15:00 PM,2,2,0,36.152950,-86.787620,I 40,,,,0.00,,,,,,,209.30,N,Not at Intersection,N,Non-Junction,None,,,         ,Mason,Tyler,Clear,Front to Rear,no,no,no,no,no,False
103088625,METROPOLITAN NASHVILLE POLICE DEPT,20210482307,Davidson,Nashville,9/13/2021 3:04:00 PM,2,2,0,36.095400,-86.707680,I 24,,,,0.00,,,,,,,54.95,N,Not at Intersection,N,Non-Junction,None,,,         ,Beri,Scott,Clear,Front to Rear,no,no,no,no,no,False
103088667,METROPOLITAN NASHVILLE POLICE DEPT,20210482365,Davidson,Nashville,9/13/2021 3:37:00 PM,2,0,0,36.138520,-86.800640,21ST AVS,,,,40.00,Feet,South,CHILDRENS WAY,,,,0.00,N,Not at Intersection, ,Non-Junction,None,,,         ,Sean,Fitzmaurice,Clear,"Sideswipe, Same Direction",no,no,no,no,no,Campus
103088668,METROPOLITAN NASHVILLE POLICE DEPT,20210482385,Davidson,Nashville,9/13/2021 9:30:00 AM,2,0,0,36.171390,-86.807430,HEIMAN ST,,,,0.00,,,DR D B TODD JR BLVD,,,,0.00,Y,Four-Way, ,Intersection,None,,,         ,Scarlett,Collins,Unknown,Angle,no,no,no,no,no,False
103088709,METROPOLITAN NASHVILLE POLICE DEPT,20210482487,Davidson,Nashville,9/13/2021 4:13:00 PM,2,1,0,36.054270,-86.715210,NOLENSVILLE PKE,,,,231.00,Feet,North,BREWER DR,,,,0.00,N,Not at Intersection,N,Non-Junction,None,,,         ,Steven,Powers,Clear,Front to Rear,no,no,no,no,yes,False
103088726,METROPOLITAN NASHVILLE POLICE DEPT,20210482482,Davidson,Nashville,9/13/2021 3:30:00 PM,2,0,0,36.198420,-86.620270,OLD HICKORY BLVD,,,,6.00,Feet,South,LEBANON PKE,,,,0.00,N,Not at Intersection,N,Non-Junction,None,,,         ,Zaire,Murray,Clear,"Sideswipe, Same Direction",no,no,no,no,yes,False
103088742,METROPOLITAN NASHVILLE POLICE DEPT,20210482415,Davidson,Nashville,9/13/2021 1:45:00 PM,2,0,0,36.202680,-86.776660,I 65,,,,0.00,,,,,,,87.00,N,Not at Intersection,Y,Non-Junction,None,,,         ,Kaitlyn,Qualls,Clear,Front to Rear,no,no,no,no,yes,False
103088756,METROPOLITAN NASHVILLE POLICE DEPT,20210482443,Davidson,Nashville,9/13/2021 4:23:00 PM,2,1,0,36.081100,-86.758360,HARDING PL,,,,0.00,,,TROUSDALE DR,,,,0.00,Y,Four-Way,Y,Intersection,None,,,         ,Ashley,Kappenmacher,Clear,Angle,no,no,no,no,no,False