master_record_number,agency,agency_tracking_number,county,city,collision_date,vehicles_involved,number_injured,number_dead,latitude,longitude,roadway_name,roadway_suffix,roadway_number,roadway_local_id,distance_from_reference,miles-feet_indicator,direction_from_reference,intersection_road_name,intersection_road_name_suffix,intersection_road_number,intersection_local_id,mile_marker,intersection_indicator,intersect_type,interchange_related_indicator,relation_to_junction,work_zone_type,construction_maintenance_zone,construction_maintenance_zone_location,fatal_case_number,officer_first_name,officer_last_name,weather_condition(s),manner_of_crash,pedestrian,bicycle,scooter,parking,hitrun,mou
103088757,METROPOLITAN NASHVILLE POLICE DEPT,20210482469,Davidson,Nashville,9/13/2021 4:36:00 PM,2,1,0,36.151760,-86.768630,2ND AVS,,,,0.00,,,I40 W EXT RAMP,,,,0.00,Y,Four-Way,Y,Intersection,None,,,         ,Trevor,Taylor,Clear,Angle,no,no,no,no,no,False
103088781,METROPOLITAN NASHVILLE POLICE DEPT,20210482458,Davidson,Nashville,9/13/2021 4:30:00 PM,2,1,0,36.256190,-86.714390,NEELYS BEND RD,,,,0.00,,,GALLATIN PKES,,,,0.00,Y,T-Intersection,N,Non-Junction,None,,,         ,Derek,Sibley,Clear,Front to Rear,no,no,no,no,no,False
103088783,METROPOLITAN NASHVILLE POLICE DEPT,20210482506,Davidson,Nashville,9/13/2021 5:07:00 PM,2,2,0,36.045470,-86.712190,OLD HICKORY BLVD,,,,0.00,,,,,,,0.00,,,N,Intersection-Related,None,,,         ,Joseph,Hurst,Clear,Front to Rear,no,no,no,no,no,False
103088784,METROPOLITAN NASHVILLE POLICE DEPT,20210482429,Davidson,Nashville,9/13/2021 1:21:00 PM,2,0,0,36.166810,-86.816670,I 40,,,,0.00,,,,,,,206.65,N,Not at Intersection, ,Non-Junction,None,,,         ,Keegan,Winchell,Clear,Front to Rear,no,no,no,no,no,False
103088788,METROPOLITAN NASHVILLE POLICE DEPT,20210482534,Davidson,Nashville,9/13/2021 5:32:00 PM,1,1,0,36.253230,-86.716810,MADISON SQ,,,,4.00,Feet,North,GALLATIN PKES,,,,0.00,N,Not at Intersection,N,Non-Junction,None,,,         ,Kyle,Eicholtz,Clear,Not Collision with Motor Vehicle in Transport,yes,no,no,no,no,False
103088789,METROPOLITAN NASHVILLE POLICE DEPT,20210482500,Davidson,Nashville,9/13/2021 5:00:00 PM,2,2,0,36.167220,-86.796420,12TH AVN,,,,29.00,Feet,North,HERMAN ST,,,,0.00,N,Not at Intersection,N,Non-Junction,None,,,         ,Craig,Paschetti,Clear,Front to Rear,no,no,no,no,no,False
103088791,METROPOLITAN NASHVILLE POLICE DEPT,20210482522,Davidson,Hermitage,9/13/2021 5:06:00 PM,2,0,0,36.103300,-86.551550,HOBSON PKE,,,,44.00,Feet,North,BAKERS GROVE LN,,,,0.00,N,Not at Intersection,N,Non-Junction,None,,,         ,Nathaniel,Myers,Clear,"Sideswipe, Opposite Direction",no,no,no,no,yes,False
103088800,METROPOLITAN NASHVILLE POLICE DEPT,20210482540,Davidson,Nashville,9/13/2021 5:36:00 PM,2,1,0,36.156640,-86.789220,GEORGE L DAVIS BLVD,,,,0.00,,,,,,,0.00,,Not at Intersection,N,OtherLocation,None,,,         ,Daniel,Tomlinson,Clear,Front to Rear,no,no,no,no,no,False
103088801,METROPOLITAN NASHVILLE POLICE DEPT,20210482538,Davidson,Nashville,9/13/2021 5:35:00 PM,3,4,0,36.036470,-86.782760,I65 N EXT RAMP,,,,0.00,Feet,East,I 65,,,,0.00,N,Not at Intersection,N,Entrance/Exit Ramp Related,None,,,         ,Steven,Powers,Clear,Front to Rear,no,no,no,no,no,False
103088808,METROPOLITAN NASHVILLE POLICE DEPT,20210482472,Davidson,Nashville,9/13/2021 1:20:00 PM,2,0,0,36.165450,-86.818010,I 40,,,,0.00,,,,,,,206.55,N,Not at Intersection,N,Non-Junction,None,,,         ,Chase,Harriman,Clear,Not Collision with Motor Vehicle in Transport,no,no,no,no,no,False
103088809,METROPOLITAN NASHVILLE POLICE DEPT,20210482601,Davidson,Nashville,9/13/2021 4:25:00 PM,2,0,0,36.116050,-86.810580,HILLSBORO PKE,,,,0.00,,,HAMPTON AV,,,,0.00,Y,T-Intersection,N,Intersection,None,,,         ,Ashley,Kappenmacher,Clear,Angle,no,no,no,no,yes,False
103088815,METROPOLITAN NASHVILLE POLICE DEPT,20210482614,Davidson,Nashville,9/13/2021 6:30:00 PM,2,1,0,36.181230,-86.824220,ED TEMPLE BLVD,,,,101.00,Feet,North,BUCHANAN ST,,,,0.00,N,Not at Intersection,N,Non-Junction,None,,,         ,Hendrik,Kruger,Clear,Front to Rear,no,no,no,no,no,False
103088827,METROPOLITAN NASHVILLE POLICE DEPT,20210482427,Davidson,Nashville,9/13/2021 3:59:00 PM,4,2,0,36.096440,-86.656060,SMITH SPRINGS RD,,,,0.00,Feet,East,MURFREESBORO PKE,,,,0.00,N,Not at Intersection,N,Non-Junction,None,,,         ,Beri,Scott,Clear,Front to Rear,no,no,no,no,yes,False
103088833,METROPOLITAN NASHVILLE POLICE DEPT,20210482593,Davidson,Nashville,9/13/2021 5:00:00 PM,2,0,0,36.241440,-86.785360,I 24,,,,0.00,,,,,,,42.80,N,Not at Intersection,Y,Non-Junction,None,,,         ,Kaitlyn,Qualls,Clear,Front to Rear,no,no,no,no,no,False
103088836,METROPOLITAN NASHVILLE POLICE DEPT,20210482682,Davidson,Nashville,9/13/2021 6:15:00 PM,2,0,0,36.095510,-86.707760,I 24,,,,0.00,,,,,,,54.90,N,Not at Intersection, ,,None,,,         ,John,Walden,,,no,no,no,no,no,False
103088852,METROPOLITAN NASHVILLE POLICE DEPT,20210482683,Davidson,Nashville,9/13/2021 5:11:00 PM,2,0,0,36.119340,-86.772390,BERRY RD,,,,139.00,Feet,East,I65 N ENT RAMP,,,,0.00,N,Not at Intersection,N,Non-Junction,None,,,         ,Ashley,Kappenmacher,Clear,Front to Rear,no,no,no,no,no,False
103088858,METROPOLITAN NASHVILLE POLICE DEPT,20210482620,Davidson,Not in City Limit,9/13/2021 5:59:00 PM,2,0,0,36.263820,-86.704460,STATE RT 45,,,,0.00,,,DELAWARE AV,,,,0.00,Y,Four-Way,N,Non-Junction,None,,,         ,Austin,Bowles,Clear,Front to Rear,no,no,no,no,no,False
103088863,METROPOLITAN NASHVILLE POLICE DEPT,20210482423,Davidson,Nashville,9/13/2021 4:10:00 PM,2,0,0,36.117130,-86.726900,GLENROSE AV,,,,0.00,,,MASHBURN RD,,,,0.00,Y,T-Intersection,N,Intersection,None,,,         ,Robert,Higgins,Clear,Angle,no,no,no,no,yes,False
103088864,METROPOLITAN NASHVILLE POLICE DEPT,20210482557,Davidson,Not in City Limit,9/13/2021 5:49:00 PM,5,2,0,36.021030,-86.647720,BLAIRFIELD DR,,,,1293.00,Feet,West,CANE RIDGE RD,,,,0.00,N,Not at Intersection,N,Non-Junction,None,,,         ,Robert,Higgins,Clear,Angle,no,no,no,no,no,False
103088874,METROPOLITAN NASHVILLE POLICE DEPT,20210482720,Davidson,Nashville,9/13/2021 5:35:00 PM,3,1,0,36.181960,-86.799500,I65 N EXT RAMP,,,,0.00,Feet,East,I 65,,,,0.00,N,Not at Intersection,N,Non-Junction,None,,,         ,Hendrik,Kruger,Clear,Front to Rear,no,no,no,no,no,False
103088876,METROPOLITAN NASHVILLE POLICE DEPT,20210482612,Davidson,Nashville,9/13/2021 6:32:00 PM,2,1,0,36.069800,-86.686200,HAYWOOD LN,,,,186.00,Feet,West,BAKERTOWN RD,,,,0.00,N,Not at Intersection,N,Non-Junction,None,,,         ,Adam,Kauffman,Clear,"Sideswipe, Same Direction",no,no,no,no,no,False
103088904,METROPOLITAN NASHVILLE POLICE DEPT,20210482490,Davidson,Nashville,9/13/2021 4:55:00 PM,2,0,0,36.122300,-86.752710,I-440 E,,,,0.00,,East,,,,,6.00,N,Not at Intersection,N,Non-Junction,None,,,         ,Dakota,Davis,Clear,Front to Rear,no,no,no,no,no,False
103088907,METROPOLITAN NASHVILLE POLICE DEPT,20210482524,Davidson,Not in City Limit,9/13/2021 12:00:00 AM,2,3,0,36.261240,-86.712530,GALLATIN PKES,,,,0.00,Feet,,MAPLE ST,,,,0.00,Y,T-Intersection,N,Intersection,None,,,         ,Thomas,Denenea,Cloudy,Angle,no,no,no,no,no,False
103088912,METROPOLITAN NASHVILLE POLICE DEPT,20210482484,Davidson,Nashville,9/13/2021 4:49:00 PM,2,3,0,36.100450,-86.672280,CITATION DR,,,,0.00,,,EZELL PKE,,,,0.00,Y,Four-Way,N,Intersection,None,,,         ,Beri,Scott,Clear,Angle,no,no,no,no,no,False
103088915,METROPOLITAN NASHVILLE POLICE DEPT,20210482689,Davidson,Nashville,9/13/2021 7:34:00 PM,2,1,0,36.047070,-86.647990,MT VIEW RD,,,,0.00,Feet,,BELL FORGE LNE,,,,0.00,Y,Four-Way,N,Intersection,None,,,         ,Gabriel,Hamilton,Clear,Angle,no,no,no,no,no,False
103088925,METROPOLITAN NASHVILLE POLICE DEPT,20210482759,Davidson,Not in City Limit,9/13/2021 8:23:00 PM,2,1,0,35.998880,-86.691260,NOLENSVILLE PKE,,,,673.00,Feet,East,CONCORD HILLS DR,,,,0.00,N,Not at Intersection,N,Non-Junction,None,,,         ,Beri,Scott,Clear,Angle,no,no,no,no,no,False
103088926,METROPOLITAN NASHVILLE POLICE DEPT,20210482550,Davidson,Nashville,9/13/2021 5:44:00 PM,2,0,0,36.081210,-86.758850,HARDING PL,,,,150.00,Feet,West,TROUSDALE DR,,,,0.00,N,Not at Intersection, ,Non-Junction,None,,,         ,Eric,Modransky,Clear,Angle,no,no,no,no,no,False
103088927,METROPOLITAN NASHVILLE POLICE DEPT,20210482351,Davidson,Nashville,9/13/2021 3:31:00 PM,1,0,0,36.162760,-86.618170,I 40,,,,0.00,,,,,,,219.80,N,Not at Intersection,N,Non-Junction,None,,,         ,Andre,Williams,Clear,Not Collision with Motor Vehicle in Transport,no,no,no,no,no,False
103088928,METROPOLITAN NASHVILLE POLICE DEPT,20210482846,Davidson,Nashville,9/13/2021 7:25:00 PM,3,0,0,36.036990,-86.646000,I 24,,,,0.00,,,,,,,60.30,N,Not at Intersection,N,Non-Junction,None,,,         ,Robert,Higgins,Clear,Not Collision with Motor Vehicle in Transport,no,no,no,no,yes,False
103088951,METROPOLITAN NASHVILLE POLICE DEPT,20210482328,Davidson,Nashville,9/13/2021 3:12:00 PM,2,0,0,36.138942,-86.880798,CHARLOTTE PK,,,,0.00,Feet,,HILLWOOD BLVD,,,,0.00,Y,Four-Way,N,Intersection-Related,None,,,         ,Jeremy,Huffine,Clear,Angle,no,no,no,no,yes,False
103088952,METROPOLITAN NASHVILLE POLICE DEPT,20210482739,Davidson,Nashville,9/13/2021 3:00:00 PM,2,0,0,36.148450,-86.866610,CHARLOTTE PKE,,,,260.00,Feet,East,EASTBORO DR,,,,0.00,N,Not at Intersection,N,Non-Junction,None,,,         ,Jeremy,Huffine,Clear,Front to Rear,no,no,no,no,yes,False
103088953,METROPOLITAN NASHVILLE POLICE DEPT,20210482734,Davidson,Nashville,9/13/2021 8:09:00 PM,2,0,0,36.081100,-86.758360,HARDING PL,,,,0.00,Feet,,TROUSDALE DR,,,,0.00,Y,Four-Way,Y,Intersection,None,,,         ,Dakota,Davis,Clear,Angle,no,no,no,no,no,False
103089042,METROPOLITAN NASHVILLE POLICE DEPT,20210483128,Davidson,Nashville,9/14/2021 1:55:00 AM,1,0,0,36.170290,-86.765540,S 4TH ST,,,,0.00,,,RUSSELL ST,,,,0.00,Y,OTHER,N,Non-Junction,None,,,         ,Matthew,Jankiewicz,Clear,Not Collision with Motor Vehicle in Transport,no,no,no,no,yes,False
103089052,METROPOLITAN NASHVILLE POLICE DEPT,20210483126,Davidson,Nashville,9/14/2021 2:32:00 AM,1,0,0,36.147620,-86.629350,NORWALK DR,,,,192.00,Feet,South,NEEDLES CT,,,,0.00,N,Not at Intersection,N,Non-Junction,None,,,         ,Jeffrey,Mullins,Clear,Not Collision with Motor Vehicle in Transport,no,no,no,no,yes,False
103089065,METROPOLITAN NASHVILLE POLICE DEPT,20210482972,Davidson,Nashville,9/13/2021 11:55:00 PM,1,1,0,36.137990,-86.727380,I24E,,,,282.00,Feet,North,I24 E ENT RAMP,,,,0.00,N,Not at Intersection,N,Non-Junction,None,,,         ,Daniel,Fuentes,,Not Collision with Motor Vehicle in Transport,no,no,no,no,no,False
103089089,METROPOLITAN NASHVILLE POLICE DEPT,20210483270,Davidson,Nashville,9/14/2021 5:10:00 AM,2,0,0,36.145950,-86.741640,I 40,,,,0.00,,,,,,,212.20,N,Not at Intersection,N,Non-Junction,None,,,         ,Daniel,Fuentes,Clear,Front to Rear,no,no,no,no,no,False
103089108,METROPOLITAN NASHVILLE POLICE DEPT,20210483309,Davidson,Nashville,9/14/2021 6:02:00 AM,2,1,0,36.157180,-86.803330,CHARLOTTE AV,,,,86.00,Feet,East,20TH AVN,,,,0.00,N,Not at Intersection,N,Non-Junction,None,,,         ,Brian,DeMarce,Clear,Front to Rear,no,no,no,no,no,False
103089116,METROPOLITAN NASHVILLE POLICE DEPT,20210483346,Davidson,Nashville,9/14/2021 6:47:00 AM,2,1,0,36.044630,-86.659560,I24 E ENT RAMP,,,,15.00,Feet,East,I 24,,,,0.00,N,Not at Intersection,N,Non-Junction,None,,,         ,Joe,Hooper,Clear,Front to Rear,no,no,no,no,no,False
103089121,METROPOLITAN NASHVILLE POLICE DEPT,20210483263,Davidson,Whites Creek,9/14/2021 5:03:00 AM,1,1,0,36.290710,-86.809840,I24 W,,,,0.00,,West,,,,,39.00,N,Not at Intersection,N,Non-Junction,None,,,         ,Ashton,Hill,Clear,Not Collision with Motor Vehicle in Transport,no,no,no,no,no,False
103089126,METROPOLITAN NASHVILLE POLICE DEPT,20210483364,Davidson,Nashville,9/14/2021 6:47:00 AM,1,0,0,36.203470,-86.621770,OLD HICKORY BLVD,,,,839.00,Feet,South,HILLS LN,,,,0.00,N,Not at Intersection, ,Non-Junction,None,,,         ,Michael,Brooks,Clear,Not Collision with Motor Vehicle in Transport,no,no,no,no,no,False
103089136,METROPOLITAN NASHVILLE POLICE DEPT,20210483441,Davidson,Nashville,9/14/2021 6:54:00 AM,2,0,0,36.157480,-86.635890,STEWARTS FERRY PKE,,,,0.00,,,MCCRORY CREEK RD,,,,0.00,Y,T-Intersection,N,Intersection,None,,,         ,Michael,Brooks,Clear,Angle,no,no,no,no,no,False
103089144,METROPOLITAN NASHVILLE POLICE DEPT,20210483434,Davidson,Nashville,9/14/2021 7:45:00 AM,2,0,0,36.048610,-86.651640,HICKORY HOLLOW LN,,,,244.00,Feet,South,BELL RD,,,,0.00,N,Not at Intersection, ,Non-Junction,None,,,         ,Joe,Hooper,Clear,Front to Rear,no,no,no,no,no,False
103089165,METROPOLITAN NASHVILLE POLICE DEPT,20210483453,Davidson,Not in City Limit,9/14/2021 7:40:00 AM,2,0,0,36.262620,-86.684380,E OLD HICKORY BLVD,,,,0.00,,,LARKIN SPRINGS RD,,,,0.00,Y,Four-Way, ,Intersection,None,,,         ,Eric,Richardson,Clear,Angle,no,no,no,no,no,False
103089173,METROPOLITAN NASHVILLE POLICE DEPT,20210483527,Davidson,Nashville,9/14/2021 8:01:00 AM,2,0,0,36.082210,-86.697540,I 24,,,,0.00,,,,,,,56.00,N,Not at Intersection, ,Non-Junction,None,,,         ,Joe,Hooper,Clear,Front to Rear,no,no,no,no,no,False
103089182,METROPOLITAN NASHVILLE POLICE DEPT,20210483449,Davidson,Nashville,9/14/2021 7:24:00 AM,2,0,0,36.171260,-86.871120,BRILEY PKWY S ENT RAMP,,,,0.00,,,CENTENNIAL BLVD,,,,0.00,Y,OTHER, ,Entrance/Exit Ramp Related,None,,,         ,George,Spencer,Clear,Front to Rear,no,no,no,no,no,False
103089183,METROPOLITAN NASHVILLE POLICE DEPT,20210483509,Davidson,Nashville,9/14/2021 7:31:00 AM,3,0,0,36.188460,-86.799610,ATHENS WAY,,,,0.00,,,,,,,0.00,,,N,Non-Junction,None,,,         ,Jordan,Vrbas,Clear,Other,no,no,no,yes,yes,False
103089188,METROPOLITAN NASHVILLE POLICE DEPT,20210483498,Davidson,Nashville,9/14/2021 8:20:00 AM,2,0,0,36.074660,-86.692910,I 24,,,,0.00,,,,,,,56.60,N,Not at Intersection, ,Non-Junction,None,,,         ,Jason,Hees,Clear,Front to Rear,no,no,no,no,no,False
103089192,METROPOLITAN NASHVILLE POLICE DEPT,20210483539,Davidson,Nashville,9/14/2021 8:17:00 AM,2,0,0,36.150450,-86.749080,I 40,,,,0.00,,,,,,,211.65,N,Not at Intersection, ,,None,,,         ,Michael,Brooks,,,no,no,no,no,no,False
103089204,METROPOLITAN NASHVILLE POLICE DEPT,20210483412,Davidson,Madison,9/14/2021 12:00:00 AM,2,0,0,36.267250,-86.722000,HERITAGE TRACE DR,,,,266.00,Feet,East,PLYMOUTH ROCK CT,,,,0.00,N,Not at Intersection,N,Non-Junction,None,,,         ,Joshua,Goepper,Unknown,Angle,no,no,no,yes,yes,False
103089224,METROPOLITAN NASHVILLE POLICE DEPT,20210483511,Davidson,Nashville,9/14/2021 8:22:00 AM,2,0,0,36.161870,-86.775210,BROADWAY,,,,0.00,,,2ND AVN,,,,0.00,Y,Four-Way, ,Intersection-Related,None,,,         ,Wesley,Young,Clear,Angle,no,no,no,no,no,False
103089233,METROPOLITAN NASHVILLE POLICE DEPT,20210483639,Davidson,Nashville,9/14/2021 8:36:00 AM,2,0,0,36.183400,-86.798870,I 65,,,,0.00,,,,,,,85.05,N,Not at Intersection,N,Non-Junction,None,,,         ,Ryan,Worstall,Clear,Front to Rear,no,no,no,no,no,False
103089234,METROPOLITAN NASHVILLE POLICE DEPT,20210483550,Davidson,Nashville,9/14/2021 8:40:00 AM,1,1,0,36.104070,-86.715870,I 24,,,,0.00,,,,,,,54.20,N,Not at Intersection,N,Non-Junction,None,,,         ,Thomas,White,Clear,Not Collision with Motor Vehicle in Transport,no,no,no,no,no,False
103089236,METROPOLITAN NASHVILLE POLICE DEPT,20210483428,Davidson,Nashville,9/14/2021 7:43:00 AM,2,2,0,36.168180,-86.816390,JEFFERSON ST,,,,0.00,,,I40 W ENT RAMP,,,,0.00,Y,OTHER,N,Entrance/Exit Ramp Related,None,,,         ,Benjamin,Tasto,Clear,Other,no,no,no,no,no,False
103089245,METROPOLITAN NASHVILLE POLICE DEPT,20210483636,Davidson,Nashville,9/14/2021 9:30:00 AM,1,1,0,36.154080,-86.784420,LAUREL ST,,,,0.00,,,11TH AVS,,,,0.00,Y,T-Intersection,N,Intersection,None,,,         ,Wesley,Young,Clear,Not Collision with Motor Vehicle in Transport,yes,no,no,no,no,False
103089263,METROPOLITAN NASHVILLE POLICE DEPT,20210483632,Davidson,Nashville,9/14/2021 12:00:00 AM,1,1,0,36.074400,-86.892300,HIGHWAY 100,,,,1116.00,Feet,South,HARPETH TRACE SMT,,,,0.00,N,Not at Intersection,N,Non-Junction,None,,,         ,Michael,Raash,Clear,Not Collision with Motor Vehicle in Transport,no,no,no,no,no,False
103089279,METROPOLITAN NASHVILLE POLICE DEPT,20210483771,Davidson,Nashville,9/14/2021 10:49:00 AM,2,1,0,36.096160,-86.655620,MURFREESBORO PKE,,,,0.00,,,SMITH SPRINGS RD,,,,0.00,Y,T-Intersection,N,Intersection,None,,,         ,Michael,Brooks,Clear,Angle,no,no,no,no,no,False
103089290,METROPOLITAN NASHVILLE POLICE DEPT,20210483836,Davidson,Nashville,9/14/2021 11:30:00 AM,2,0,0,36.242500,-86.756940,DICKERSON PKE,,,,199.00,Feet,North,DICKERSON PKE ENT RAMP,,,,0.00,N,Not at Intersection, ,,None,,,         ,Michelle,Steidl,,,no,no,no,no,no,False
103089295,METROPOLITAN NASHVILLE POLICE DEPT,20210483827,Davidson,Nashville,9/14/2021 10:35:00 AM,2,0,0,36.156700,-86.779730,DEMONBREUN ST,,,,0.00,,,,,,,0.00,,,N,OtherLocation,None,,,         ,Russell,Freeman,Clear,"Sideswipe, Same Direction",no,no,no,no,yes,False
103089303,METROPOLITAN NASHVILLE POLICE DEPT,20210483928,Davidson,Nashville,9/14/2021 11:20:00 AM,2,0,0,36.151730,-86.625130,BELL RD,,,,186.00,Feet,South,STEWARTS FERRY PKE,,,,0.00,N,Not at Intersection,N,Non-Junction,None,,,         ,Michael,Brooks,Clear,"Sideswipe, Same Direction",no,no,no,no,yes,False
103089304,METROPOLITAN NASHVILLE POLICE DEPT,20210483911,Davidson,Nashville,9/14/2021 12:26:00 PM,2,0,0,36.110230,-86.770890,I 65,,,,0.00,,,,,,,79.80,N,Not at Intersection,N,Non-Junction,None,,,         ,Earl,Davis,Clear,"Sideswipe, Same Direction",no,no,no,no,no,False
103089346,METROPOLITAN NASHVILLE POLICE DEPT,20210483898,Davidson,Nashville,9/14/2021 12:10:00 PM,2,2,0,36.182930,-86.775240,I 24,,,,0.00,,,,,,,47.40,N,Not at Intersection,N,Non-Junction,None,,,         ,Wesley,Young,Clear,Front to Rear,no,no,no,no,yes,False
103089352,METROPOLITAN NASHVILLE POLICE DEPT,20210483882,Davidson,Nashville,9/14/2021 12:01:00 PM,2,1,0,36.220670,-86.774050,I 65,,,,0.00,,,,,,,88.30,N,Not at Intersection,N,Non-Junction,None,,,         ,Michael,Agee,Cloudy,Front to Rear,no,no,no,no,no,False
103089361,METROPOLITAN NASHVILLE POLICE DEPT,20210483440,Davidson,Nashville,9/14/2021 7:30:00 AM,2,0,0,36.139810,-86.823650,I440 E EXT RAMP,,,,0.00,,,I 440,,,,0.00,Y,T-Intersection,N,Intersection,None,,,         ,Darren,Key,Clear,Angle,no,no,no,no,yes,False
103089362,METROPOLITAN NASHVILLE POLICE DEPT,20210483863,Davidson,Nashville,9/14/2021 11:52:00 AM,2,0,0,36.207000,-86.776230,I 65,,,,0.00,,,,,,,87.35,N,Not at Intersection, ,Non-Junction,None,,,         ,Joseph,Progar,Clear,Not Collision with Motor Vehicle in Transport,no,no,no,no,no,False
103089372,METROPOLITAN NASHVILLE POLICE DEPT,20210483866,Davidson,Nashville,9/14/2021 12:00:00 AM,2,2,0,36.074800,-86.750540,BRIARWOOD DR,,,,87.00,Feet,North,BLACKMAN RD,,,,0.00,N,Not at Intersection,N,Non-Junction,None,,,         ,Derek,Garcia,Clear,Angle,no,no,no,no,no,False
103089399,METROPOLITAN NASHVILLE POLICE DEPT,20210483937,Davidson,Not in City Limit,9/14/2021 11:00:00 AM,2,0,0,36.070380,-86.930990,OLD HARDING PKE,,,,174.00,Feet,North,BRADFORD GREEN,,,,0.00,N,Not at Intersection, ,Non-Junction,None,,,         ,Andrew,Anoskey,Clear,Front to Rear,no,no,no,no,no,False
103089419,METROPOLITAN NASHVILLE POLICE DEPT,20210483995,Davidson,Nashville,9/14/2021 12:27:00 PM,2,0,0,36.046910,-86.861130,OLD HICKORY BLVD,,,,490.00,Feet,East,HILLSBORO PKE,,,,0.00,N,Not at Intersection, ,Non-Junction,None,,,         ,Earl,Davis,Clear,"Sideswipe, Same Direction",no,no,no,no,no,False
103089428,METROPOLITAN NASHVILLE POLICE DEPT,20210484022,Davidson,Antioch,9/14/2021 1:30:00 PM,1,0,0,36.011720,-86.617350,I 24,,,,0.00,,,,,,,62.80,N,Not at Intersection, ,Non-Junction,None,,,         ,Joe,Hooper,Clear,Not Collision with Motor Vehicle in Transport,no,no,no,no,no,False
103089431,METROPOLITAN NASHVILLE POLICE DEPT,20210484040,Davidson,Nashville,9/14/2021 1:38:00 PM,2,0,0,36.086770,-86.694470,HARDING PL,,,,440.00,Feet,East,METROPLEX DR,,,,0.00,N,Not at Intersection, ,Non-Junction,None,,,         ,Caleb,Jernigan,Clear,Angle,no,no,no,no,no,False
103089435,METROPOLITAN NASHVILLE POLICE DEPT,20210483417,Davidson,Not in City Limit,9/14/2021 7:30:00 AM,2,0,0,36.325020,-86.872960,I 24,,,,0.00,,,,,,,34.65,N,Not at Intersection,N,Non-Junction,None,,,         ,Jean,McCormack,Clear,Front to Rear,no,no,no,no,no,False
103089436,METROPOLITAN NASHVILLE POLICE DEPT,20210483570,Davidson,Not in City Limit,9/14/2021 7:36:00 AM,2,0,0,36.324110,-86.869110,I 24,,,,0.00,,,,,,,34.90,N,Not at Intersection,N,Non-Junction,None,,,         ,Jean,McCormack,Clear,Front to Rear,no,no,no,no,no,False
103089445,METROPOLITAN NASHVILLE POLICE DEPT,20210483502,Davidson,Not in City Limit,9/14/2021 8:10:00 AM,2,0,0,36.325360,-86.878320,I 24,,,,0.00,,,,,,,34.40,N,Not at Intersection, ,Non-Junction,None,,,         ,Zachariah,Souza,Clear,Front to Rear,no,no,no,no,no,False
103089469,VANDERBILT UNIVERSITY POLICE,20210482222,Davidson,Nashville,9/13/2021 1:51:00 PM,2,0,0,36.142110,-86.800660,21ST AVS,,,,0.00,,,,,,,0.00,,,N,Non-Junction,None,,,         ,Seth,Strain,Clear,Front to Rear,no,no,no,yes,yes,Campus
103089520,METROPOLITAN NASHVILLE POLICE DEPT,20210483958,Davidson,Nashville,9/14/2021 12:44:00 PM,2,0,0,36.151760,-86.768630,2ND AVS,,,,0.00,,,I40 W EXT RAMP,,,,0.00,Y,T-Intersection,N,Entrance/Exit Ramp Related,None,,,         ,Nicolas,Pernell,Clear,Angle,no,no,no,no,no,False
103089525,METROPOLITAN NASHVILLE POLICE DEPT,20210484196,Davidson,Nashville,9/14/2021 3:05:00 PM,2,0,0,36.205890,-86.768610,E TRINITY LN,,,,0.00,Feet,,DICKERSON PKE,,,,0.00,Y,Four-Way,Y,Intersection-Related,None,,,         ,Flynn,Ireland,Clear,Front to Rear,no,no,no,no,yes,False
103089530,METROPOLITAN NASHVILLE POLICE DEPT,20210484154,Davidson,Nashville,9/14/2021 10:07:00 AM,2,0,0,36.168660,-86.889970,TUFTING CT,,,,0.00,,,,,,,0.00,,, ,Non-Junction,None,,,         ,Kyle,Lund,Clear,Other,no,no,no,yes,yes,False
103089531,METROPOLITAN NASHVILLE POLICE DEPT,20210484163,Davidson,Nashville,9/14/2021 3:15:00 PM,2,0,0,36.155010,-86.627110,STEWARTS FERRY PKE,,,,0.00,,,I40 E ENT RAMP,,,,0.00,Y,Four-Way, ,Intersection-Related,None,,,         ,Robert,Marquez,Clear,Front to Rear,no,no,no,no,no,False
103089539,METROPOLITAN NASHVILLE POLICE DEPT,20210484192,Davidson,Not in City Limit,9/14/2021 2:10:00 PM,1,0,0,36.265100,-86.680680,RIO VISTA DR,,,,257.00,Feet,South,N DUPONT AV,,,,0.00,N,Not at Intersection, ,Non-Junction,Maintenance Zone,,,         ,Austin,Bowles,Rain,Not Collision with Motor Vehicle in Transport,no,no,no,no,no,False
103089547,METROPOLITAN NASHVILLE POLICE DEPT,20210484225,Davidson,Nashville,9/14/2021 12:25:00 PM,2,0,0,36.205950,-86.771560,W TRINITY LN,,,,142.00,Feet,West,LUCAS LN,,,,0.00,N,Not at Intersection,N,Non-Junction,None,,,         ,Cooper,HIll,Clear,"Sideswipe, Same Direction",no,no,no,yes,yes,False
103089548,BERRY HILL POLICE DEPT,21-2776,Davidson,Nashville,9/14/2021 12:00:00 AM,2,0,0,36.124990,-86.752200,ROSEDALE AV,,,,0.00,,,NOLENSVILLE PKE,,,,0.00,Y,T-Intersection, ,Intersection-Related,None,,,         ,John,Gleixner,Cloudy,"Sideswipe, Opposite Direction",no,no,no,no,yes,False