master_record_number,agency,agency_tracking_number,county,city,collision_date,vehicles_involved,number_injured,number_dead,latitude,longitude,roadway_name,roadway_suffix,roadway_number,roadway_local_id,distance_from_reference,miles-feet_indicator,direction_from_reference,intersection_road_name,intersection_road_name_suffix,intersection_road_number,intersection_local_id,mile_marker,intersection_indicator,intersect_type,interchange_related_indicator,relation_to_junction,work_zone_type,construction_maintenance_zone,construction_maintenance_zone_location,fatal_case_number,officer_first_name,officer_last_name,weather_condition(s),manner_of_crash,pedestrian,bicycle,scooter,parking,hitrun,mou
103091138,METROPOLITAN NASHVILLE POLICE DEPT,20210483993,Davidson,Nashville,9/14/2021 1:10:00 PM,4,4,0,36.241020,-86.757320,DICKERSON PKE,,,,100.00,Feet,North,BRILEY PKWY E EXT RAMP,,,,0.00,N,Not at Intersection,N,OtherLocation,None,,,         ,Donald,Davidson,Clear,Front to Rear,no,no,no,no,yes,False
103091139,METROPOLITAN NASHVILLE POLICE DEPT,20210487679,Davidson,Nashville,9/16/2021 12:05:00 PM,2,4,0,36.135000,-86.723990,MURFREESBORO PKE,,,,125.00,Feet,East,I24 W EXT RAMP,,,,0.00,N,Not at Intersection,N,Non-Junction,None,,,         ,Donald,Davidson,Clear,Angle,no,no,no,no,no,False
103091143,METROPOLITAN NASHVILLE POLICE DEPT,20210487859,Davidson,Nashville,9/16/2021 2:17:00 PM,2,2,0,36.192020,-86.673690,AUTUMN CHASE DR,,,,0.00,Feet,,MCGAVOCK PKE,,,,0.00,Y,Four-Way,N,Intersection,None,,,         ,Rex,Engelbert,Clear,Other,no,no,no,no,no,False
103091150,METROPOLITAN NASHVILLE POLICE DEPT,20210487849,Davidson,Nashville,9/16/2021 1:12:00 PM,2,0,0,36.146680,-86.742790,I 40,,,,0.00,,,,,,,212.10,N,Not at Intersection,N,Non-Junction,None,,,         ,Patrick,Deau,Clear,Angle,no,no,no,no,no,False
103091155,METROPOLITAN NASHVILLE POLICE DEPT,20210487902,Davidson,Nashville,9/16/2021 2:45:00 PM,2,0,0,36.088950,-86.702170,I 24,,,,0.00,,,,,,,55.50,N,Not at Intersection, ,Non-Junction,None,,,         ,John,Walden,Clear,Front to Rear,no,no,no,no,no,False
103091184,METROPOLITAN NASHVILLE POLICE DEPT,20210487936,Davidson,Nashville,9/16/2021 2:39:00 PM,2,0,0,36.174280,-86.787420,5TH AVN,,,,0.00,Feet,East,JEFFERSON ST,,,,0.00,N,Not at Intersection,N,Non-Junction,None,,,         ,Mary,Hall,Clear,"Sideswipe, Same Direction",no,no,no,no,yes,False
103091193,METROPOLITAN NASHVILLE POLICE DEPT,20210487866,Davidson,Nashville,9/16/2021 2:27:00 PM,1,4,0,36.196450,-86.771790,LUCILE ST,,,,19.00,Feet,East,DICKERSON PKE,,,,0.00,N,Not at Intersection,N,Non-Junction,None,,,         ,Jarret,Sonnenberg,Clear,Not Collision with Motor Vehicle in Transport,no,no,no,no,no,False
103091196,METROPOLITAN NASHVILLE POLICE DEPT,20210487966,Davidson,Nashville,9/16/2021 2:49:00 PM,2,0,0,36.152240,-86.840910,CHARLOTTE AV,,,,0.00,,,45TH AVN,,,,0.00,Y,T-Intersection,N,Intersection,None,,,         ,Matthew,Mrowiec,Clear,Angle,no,no,no,no,yes,False
103091199,METROPOLITAN NASHVILLE POLICE DEPT,20210487982,Davidson,Nashville,9/16/2021 3:35:00 PM,1,0,0,36.142700,-86.650990,I 40,,,,0.00,,,,,,,217.50,N,Not at Intersection,N,Non-Junction,None,,,         ,Phillip,Burke,Clear,Not Collision with Motor Vehicle in Transport,no,no,no,no,no,False
103091214,METROPOLITAN NASHVILLE POLICE DEPT,20210487978,Davidson,Nashville,9/16/2021 3:25:00 PM,2,0,0,36.091360,-86.828510,HARDING PL,,,,0.00,,,HILLSBORO PKE,,,,0.00,Y,Four-Way, ,,None,,,         ,Steven,Powers,,,no,no,no,no,no,False
103091215,METROPOLITAN NASHVILLE POLICE DEPT,20210487926,Davidson,Nashville,9/16/2021 3:06:00 PM,2,0,0,36.240070,-86.780740,BRICK CHURCH PKE,,,,145.00,Feet,North,BRILEY PKWY W EXT RAMP,,,,0.00,N,Not at Intersection,N,Non-Junction,None,,,         ,Kyle,Eicholtz,Clear,"Sideswipe, Same Direction",no,no,no,no,no,False
103091239,METROPOLITAN NASHVILLE POLICE DEPT,20210486684,Davidson,Nashville,9/15/2021 10:04:00 PM,3,4,1,36.265090,-86.711220,GALLATIN PKEN,,,,281.00,Feet,South,DULING AV,,,,0.00,N,Not at Intersection,N,Non-Junction,None,,,         ,Ryan,Allen,Clear,HeadOn,no,no,no,no,no,False
103091240,METROPOLITAN NASHVILLE POLICE DEPT,20210488126,Davidson,Nashville,9/16/2021 5:05:00 PM,2,2,0,36.101270,-86.721780,GLENCLIFF RD,,,,2.00,Feet,North,ANTIOCH PKE,,,,0.00,N,Not at Intersection,N,Non-Junction,None,,,         ,Garrett,Reingardt,Clear,Front to Rear,no,no,no,no,no,False
103091244,METROPOLITAN NASHVILLE POLICE DEPT,20210488110,Davidson,Nashville,9/16/2021 4:15:00 PM,2,1,0,36.082430,-86.697680,I 24,,,,0.00,,,,,,,56.00,N,Not at Intersection,N,Non-Junction,None,,,         ,Eric,Laury,Clear,Front to Rear,no,no,no,no,no,False
103091255,METROPOLITAN NASHVILLE POLICE DEPT,20210488011,Davidson,Nashville,9/16/2021 3:56:00 PM,3,0,0,36.203780,-86.740280,E TRINITY LN,,,,247.00,Feet,East,CASPER AV,,,,0.00,N,Not at Intersection,N,Non-Junction,None,,,         ,Zachary,Aldrich,Clear,Angle,no,no,no,no,no,False
103091265,METROPOLITAN NASHVILLE POLICE DEPT,20210488171,Davidson,Nashville,9/16/2021 4:44:00 PM,2,0,0,36.165790,-86.808900,ALBION ST,,,,0.00,,,21ST AVN,,,,0.00,Y,Four-Way, ,,None,,,         ,Mary,Hall,,,no,no,no,no,no,False
103091266,METROPOLITAN NASHVILLE POLICE DEPT,20210488144,Davidson,Antioch,9/16/2021 4:40:00 PM,2,0,0,36.047840,-86.612050,MURFREESBORO PKE,,,,1284.00,Feet,North,MOUNTAIN SPRINGS RD,,,,0.00,N,Not at Intersection,N,Non-Junction,None,,,         ,Brandon,Simpkins,Clear,Angle,no,no,no,no,yes,False
103091268,METROPOLITAN NASHVILLE POLICE DEPT,20210488219,Davidson,Nashville,9/16/2021 6:05:00 PM,2,1,0,36.069200,-86.633220,MURFREESBORO PKE,,,,873.00,Feet,North,FOREST VIEW DR,,,,0.00,N,Not at Intersection,N,Non-Junction,None,,,         ,John,McDonnell,Clear,Front to Rear,no,no,no,no,no,False
103091269,METROPOLITAN NASHVILLE POLICE DEPT,20210488213,Davidson,Nashville,9/16/2021 3:55:00 PM,2,0,0,36.130470,-86.727650,I 24,,,,0.00,,,,,,,51.25,N,Not at Intersection,N,Non-Junction,None,,,         ,Eric,Laury,Clear,Front to Rear,no,no,no,no,yes,False
103091270,METROPOLITAN NASHVILLE POLICE DEPT,20210488157,Davidson,Nashville,9/16/2021 5:15:00 PM,3,0,0,36.147530,-86.743570,FESSLERS LN,,,,75.00,Feet,South,I40 W ENT RAMP,,,,0.00,N,Not at Intersection, ,Non-Junction,None,,,         ,Reagan,Heath,Clear,Front to Rear,no,no,no,no,no,False
103091276,METROPOLITAN NASHVILLE POLICE DEPT,20210488100,Davidson,Nashville,9/16/2021 4:29:00 PM,2,0,0,36.153840,-86.756080,HERMITAGE AV,,,,0.00,,,FAIRFIELD AV,,,,0.00,Y,Four-Way, ,Non-Junction,None,,,         ,Douglas,Mann,Clear,"Sideswipe, Same Direction",no,no,no,no,no,False
103091277,METROPOLITAN NASHVILLE POLICE DEPT,20210488181,Davidson,Nashville,9/16/2021 12:00:00 AM,3,1,0,36.142140,-86.711640,I 40,,,,0.00,,,,,,,214.10,N,Not at Intersection,N,Non-Junction,None,,,         ,Douglas,Mann,Clear,Front to Rear,no,no,no,no,no,False
103091295,METROPOLITAN NASHVILLE POLICE DEPT,20210488165,Davidson,Nashville,9/16/2021 5:35:00 PM,2,2,0,36.109690,-86.671460,KNAPP BLVD,,,,0.00,,,DONELSON PKE,,,,0.00,Y,Four-Way,N,Intersection,None,,,         ,Rami,Rouhi,Clear,Angle,no,no,no,no,no,False
103091296,METROPOLITAN NASHVILLE POLICE DEPT,20210488267,Davidson,Nashville,9/16/2021 6:28:00 PM,2,0,0,36.199060,-86.776490,I 65,,,,0.00,,,,,,,86.80,N,Not at Intersection, ,Non-Junction,None,,,         ,Douglas,Sykes,Clear,Front to Rear,no,no,no,no,no,False
103091302,VANDERBILT UNIVERSITY POLICE,20210488202,Davidson,Nashville,9/16/2021 5:49:00 PM,2,0,0,36.142020,-86.808090,JESS NEELY DR,,,,510.00,Feet,West,25TH AVS,,,,0.00,N,Not at Intersection, ,OtherLocation,None,,,         ,Robert,Gibson,,Rear to Side,no,no,no,yes,no,Campus
103091308,METROPOLITAN NASHVILLE POLICE DEPT,20210488167,Davidson,Nashville,9/16/2021 5:10:00 PM,2,0,0,36.171130,-86.770680,MAIN ST,,,,44.00,Feet,West,N 2ND ST,,,,0.00,N,Not at Intersection,N,Non-Junction,None,,,         ,Kency,Le,,Front to Rear,no,no,no,no,no,False
103091310,METROPOLITAN NASHVILLE POLICE DEPT,20210488169,Davidson,Nashville,9/16/2021 5:34:00 PM,3,0,0,36.204690,-86.750920,ELLINGTON PKWY S EXT RAMP,,,,0.00,,,E TRINITY LN,,,,0.00,Y,T-Intersection,N,Intersection,None,,,         ,Cooper,HIll,Clear,Angle,no,no,no,no,no,False
103091322,METROPOLITAN NASHVILLE POLICE DEPT,20210488280,Davidson,Nashville,9/16/2021 6:40:00 PM,2,0,0,36.207550,-86.777790,BRICK CHURCH PKE,,,,0.00,,,I65 S EXT RAMP,,,,0.00,Y,T-Intersection, ,,None,,,         ,Anna,Clayton,,,no,no,no,no,no,False
103091325,METROPOLITAN NASHVILLE POLICE DEPT,20210488188,Davidson,Nashville,9/16/2021 2:49:00 PM,2,0,0,36.137030,-86.727180,MURFREESBORO PKE,,,,3.00,Feet,West,I24E,,,,0.00,N,Not at Intersection,N,Entrance/Exit Ramp Related,None,,,         ,Evan,Grace,Clear,"Sideswipe, Same Direction",no,no,no,no,yes,False
103091326,METROPOLITAN NASHVILLE POLICE DEPT,20210488316,Davidson,Nashville,9/16/2021 6:21:00 PM,2,0,0,36.071090,-86.769890,I 65,,,,0.00,,,,,,,77.00,N,Not at Intersection,N,Non-Junction,None,,,         ,Brady,Reynolds,Clear,"Sideswipe, Same Direction",no,no,no,no,yes,False
103091330,METROPOLITAN NASHVILLE POLICE DEPT,20210488150,Davidson,Nashville,9/16/2021 12:00:00 AM,2,1,0,36.255420,-86.704370,NEELYS BEND RD,,,,0.00,,,FOREST PARK RD,,,,0.00,Y,T-Intersection,Y,Intersection-Related,None,,,         ,Amanda,Topping,Clear,Angle,no,no,no,no,no,False
103091332,WILLIAMSON CO SHERIFFS OFFICE,2122167,Davidson,Nashville,9/10/2021 1:30:00 PM,1,0,0,36.029650,-86.876190,HILLSBORO RD,,,,597.00,Feet,South,MURRAY LN,,,,0.00,N,Not at Intersection, ,Non-Junction,None,,,         ,Lance,Kraemer,Clear,Not Collision with Motor Vehicle in Transport,no,no,no,no,no,False
103091345,METROPOLITAN NASHVILLE POLICE DEPT,20210488197,Davidson,Nashville,9/16/2021 5:45:00 PM,2,0,0,36.206680,-86.778860,W TRINITY LN,,,,126.00,Feet,West,HAMPTON ST,,,,0.00,N,Not at Intersection,N,Non-Junction,None,,,         ,Chase,Harriman,Clear,Angle,no,no,no,no,yes,False
103091346,METROPOLITAN NASHVILLE POLICE DEPT,20210488353,Davidson,Nashville,9/16/2021 7:25:00 PM,1,1,0,36.180360,-86.835260,LEAWOOD DR,,,,445.00,Feet,North,VIKING RD,,,,0.00,N,Not at Intersection,N,Non-Junction,None,,,         ,Jarrett,Messick,Clear,Not Collision with Motor Vehicle in Transport,yes,no,no,no,yes,False
103091354,METROPOLITAN NASHVILLE POLICE DEPT,20210488406,Davidson,Nashville,9/16/2021 8:04:00 PM,2,0,0,36.232750,-86.768660,I 65,,,,0.00,,,,,,,89.20,N,Not at Intersection, ,Non-Junction,None,,,         ,Adam,Warren,Clear,Angle,no,no,no,no,no,False
103091355,METROPOLITAN NASHVILLE POLICE DEPT,20210488317,Davidson,Nashville,9/16/2021 5:39:00 PM,2,0,0,36.056350,-86.671350,MILL CREEK BLUE HOLE GRNWY,,,,0.00,,,,,,,0.00,,,N,Non-Junction,None,,,         ,Joseph,Hurst,Clear,Angle,no,no,no,no,no,False
103091373,METROPOLITAN NASHVILLE POLICE DEPT,20210488193,Davidson,Not in City Limit,9/16/2021 5:40:00 PM,5,1,0,36.267790,-86.748500,OLD HICKORY BLVDW,,,,681.00,Feet,West,KEMPER DRN,,,,0.00,N,Not at Intersection,N,Non-Junction,None,,,         ,Kaitlyn,Qualls,Clear,Angle,no,no,no,yes,no,False
103091378,METROPOLITAN NASHVILLE POLICE DEPT,20210488372,Davidson,Nashville,9/16/2021 7:38:00 PM,2,1,0,36.112090,-86.811160,HILLSBORO PKE,,,,324.00,Feet,North,GRAYBAR LN,,,,0.00,N,Not at Intersection,N,Non-Junction,None,,,         ,Heather,Fox,Clear,Front to Rear,no,no,no,no,no,False
103091405,METROPOLITAN NASHVILLE POLICE DEPT,20210488413,Davidson,Nashville,9/16/2021 6:35:00 PM,2,0,0,36.095520,-86.654750,SWEENEY AV,,,,7.00,Feet,West,MURFREESBORO PKE,,,,0.00,N,Not at Intersection,N,Non-Junction,None,,,         ,Garrett,Reingardt,Clear,Front to Rear,no,no,no,no,no,False
103091439,METROPOLITAN NASHVILLE POLICE DEPT,20210488519,Davidson,Nashville,9/16/2021 9:30:00 PM,1,0,0,36.040700,-86.677890,BLUE HOLE RD,,,,669.00,Feet,North,ERNA CT,,,,0.00,N,Not at Intersection,N,Non-Junction,None,,,         ,Eric,Laury,Clear,Not Collision with Motor Vehicle in Transport,no,no,no,no,no,False
103091456,TENNESSEE STATE UNIVERSITY ,21-TSU-33345,Davidson,Nashville,9/16/2021 8:16:00 PM,1,0,0,36.172610,-86.821830,ED TEMPLE BLVD,,,,483.00,Feet,South,SCHRADER ACRES DR,,,,0.00,N,Not at Intersection, ,OtherLocation,None,,,         ,Horace,Green,Clear,Not Collision with Motor Vehicle in Transport,no,no,no,yes,no,False
103091462,METROPOLITAN NASHVILLE POLICE DEPT,20210488549,Davidson,Nashville,9/16/2021 9:52:00 PM,2,0,0,36.152230,-86.753420,I 40,,,,0.00,,,,,,,211.35,N,Not at Intersection, ,Non-Junction,None,,,         ,Douglas,Mann,Clear,"Sideswipe, Same Direction",no,no,no,no,no,False
103091481,METROPOLITAN NASHVILLE POLICE DEPT,20210488526,Davidson,Not in City Limit,9/16/2021 9:33:00 PM,1,0,0,36.007880,-86.666150,PETTUS RD,,,,81.00,Feet,West,OLD HICKORY BLVD,,,,0.00,N,Not at Intersection,N,Non-Junction,None,,,         ,Joseph,Hurst,Clear,Not Collision with Motor Vehicle in Transport,no,no,no,no,no,False
103091504,METROPOLITAN NASHVILLE POLICE DEPT,20210488564,Davidson,Nashville,9/16/2021 10:00:00 PM,1,0,0,36.192380,-86.732000,STRAIGHTWAY AV,,,,333.00,Feet,East,SCOTT AV,,,,0.00,N,Not at Intersection,N,Non-Junction,None,,,         ,Zachary,Aldrich,Clear,Not Collision with Motor Vehicle in Transport,no,no,no,no,yes,False
103091534,METROPOLITAN NASHVILLE POLICE DEPT,20210488632,Davidson,Nashville,9/16/2021 10:20:00 PM,2,0,0,36.169650,-86.672320,LEBANON PKE,,,,215.00,Feet,West,BLUEFIELD AV,,,,0.00,N,Not at Intersection, ,Non-Junction,None,,,         ,Dallas,Johnson,Clear,"Sideswipe, Same Direction",no,no,no,no,no,False
103091537,METROPOLITAN NASHVILLE POLICE DEPT,20210488675,Davidson,Nashville,9/16/2021 10:45:00 PM,1,0,0,36.155080,-86.759030,I24 W ENT RAMP,,,,0.00,Feet,East,I 40,,,,0.00,N,Not at Intersection, ,,None,,,         ,Brian,DeMarce,,,no,no,no,no,no,False
103091539,METROPOLITAN NASHVILLE POLICE DEPT,20210488658,Davidson,Nashville,9/16/2021 11:21:00 PM,2,2,0,36.189440,-86.627550,LEBANON PKE,,,,683.00,Feet,East,HICKORY HILL LN,,,,0.00,N,Not at Intersection,N,Non-Junction,None,,,         ,Torry,Hill,Clear,Angle,no,no,no,no,no,False
103091555,METROPOLITAN NASHVILLE POLICE DEPT,20210488749,Davidson,Nashville,9/16/2021 11:00:00 PM,2,0,0,36.209720,-86.778140,BRICK CHURCH PKE,,,,244.00,Feet,North,AVONDALE CIR,,,,0.00,N,Not at Intersection, ,Non-Junction,None,,,         ,Jackson,Sanders,Clear,Angle,no,no,no,no,no,False
103091557,METROPOLITAN NASHVILLE POLICE DEPT,20210488736,Davidson,Nashville,9/17/2021 12:15:00 AM,1,0,0,36.133100,-86.720960,MURFREESBORO PKE,,,,0.00,Feet,East,PAVILION BLVD,,,,0.00,N,Not at Intersection,N,Non-Junction,None,,,         ,Eric,Laury,Clear,Not Collision with Motor Vehicle in Transport,no,no,no,no,yes,False
103091565,METROPOLITAN NASHVILLE POLICE DEPT,20210488626,Davidson,Not in City Limit,9/16/2021 10:35:00 PM,1,0,0,36.295220,-86.887750,CLARKSVILLE PKE,,,,308.00,Feet,South,OLD CLARKSVILLE PKE,,,,0.00,N,Not at Intersection, ,Non-Junction,None,,,         ,Nathan,Sizemore,Clear,Not Collision with Motor Vehicle in Transport,no,no,no,no,no,False
103091572,METROPOLITAN NASHVILLE POLICE DEPT,20210488628,Davidson,Nashville,9/16/2021 9:35:00 PM,2,0,0,36.117120,-86.771440,I65 S ENT RAMP,,,,0.00,Feet,East,I 440,,,,0.00,N,Not at Intersection,N,Non-Junction,None,,,         ,Sierra,Walker,Clear,Front to Rear,no,no,no,yes,no,False
103091579,METROPOLITAN NASHVILLE POLICE DEPT,20210488687,Davidson,Nashville,9/16/2021 11:36:00 PM,2,0,0,36.137200,-86.699670,BRILEY PKWY,,,,0.00,,,GLASTONBURY RD,,,,0.00,Y,T-Intersection, ,Intersection,None,,,         ,Bridget,Griepentrog,,Unknown,no,no,no,no,no,False
103091643,METROPOLITAN NASHVILLE POLICE DEPT,20210489118,Davidson,Nashville,9/17/2021 6:22:00 AM,2,1,0,36.149000,-86.722100,SPENCE LN,,,,48.00,Feet,North,MARWOOD LN,,,,0.00,N,Not at Intersection,N,Non-Junction,None,,,         ,Dallas,Johnson,Clear,"Sideswipe, Opposite Direction",no,no,no,no,no,False
103091649,METROPOLITAN NASHVILLE POLICE DEPT,20210489132,Davidson,Nashville,9/17/2021 6:43:00 AM,2,2,0,36.049580,-86.666060,I 24,,,,0.00,,,,,,,58.90,N,Not at Intersection,N,Non-Junction,None,,,         ,Joe,Hooper,Cloudy,"Sideswipe, Same Direction",no,no,no,no,no,False
103091653,METROPOLITAN NASHVILLE POLICE DEPT,20210489115,Davidson,Nashville,9/17/2021 6:15:00 AM,2,0,0,36.202340,-86.776850,I 65,,,,0.00,,,,,,,87.00,N,Not at Intersection,N,Non-Junction,None,,,         ,Eric,Schaefer,Cloudy,Front to Rear,no,no,no,no,no,False
103091675,METROPOLITAN NASHVILLE POLICE DEPT,20210489199,Davidson,Nashville,9/17/2021 7:24:00 AM,2,0,0,36.074410,-86.744870,BLACKMAN RD,,,,325.00,Feet,East,DANBY DR,,,,0.00,N,Not at Intersection,N,Non-Junction,None,,,         ,Earl,Davis,Cloudy,Front to Rear,no,no,no,no,no,False
103091680,METROPOLITAN NASHVILLE POLICE DEPT,20210489226,Davidson,Nashville,9/17/2021 7:45:00 AM,2,0,0,36.171320,-86.870920,BRILEY PKWY S EXT RAMP,,,,0.00,,,CENTENNIAL BLVD,,,,0.00,Y,OTHER, ,Entrance/Exit Ramp Related,None,,,         ,George,Spencer,Clear,Front to Rear,no,no,no,no,yes,False
103091696,METROPOLITAN NASHVILLE POLICE DEPT,20210489228,Davidson,Nashville,9/17/2021 6:52:00 AM,2,0,0,36.139430,-86.819870,MURPHY RD,,,,15.00,Feet,East,PARK DR,,,,0.00,N,Not at Intersection, ,Non-Junction,None,,,         ,Mason,Tyler,Cloudy,Angle,no,no,no,no,no,False
103091697,METROPOLITAN NASHVILLE POLICE DEPT,20210489170,Davidson,Nashville,9/17/2021 7:00:00 AM,2,1,0,36.074120,-86.663260,PEBBLE CREEK DR,,,,0.00,Feet,,UNA ANTIOCH PKE,,,,0.00,Y,Four-Way,N,Intersection,None,,,         ,Blake,Langford,Cloudy,Angle,no,no,no,no,no,False
103091699,METROPOLITAN NASHVILLE POLICE DEPT,20210489302,Davidson,Nashville,9/17/2021 8:38:00 AM,2,0,0,36.248010,-86.720360,GALLATIN PKES,,,,0.00,,,DUE WEST AVW,,,,0.00,Y,Four-Way,N,Intersection,None,,,         ,Christopher,Littles,Cloudy,Front to Rear,no,no,no,no,yes,False
103091700,METROPOLITAN NASHVILLE POLICE DEPT,20210489155,Davidson,Nashville,9/17/2021 6:50:00 AM,4,0,0,36.096430,-86.877440,HARDING PKE,,,,59.00,Feet,East,VOSSLAND DR,,,,0.00,N,Not at Intersection,N,Non-Junction,None,,,         ,Wesley,Tilley,Cloudy,Front to Rear,no,no,no,no,no,False
103091702,METROPOLITAN NASHVILLE POLICE DEPT,20210489254,Davidson,Nashville,9/17/2021 7:22:00 AM,3,1,0,36.120720,-86.703460,MURFREESBORO PKE,,,,55.00,Feet,East,GLENGARRY DR,,,,0.00,N,Not at Intersection,N,Non-Junction,None,,,         ,Joe,Hooper,Cloudy,Front to Rear,no,no,no,no,no,False
103091717,METROPOLITAN NASHVILLE POLICE DEPT,20210487822,Davidson,Nashville,9/16/2021 1:39:00 PM,2,0,0,36.026600,-86.615490,OLD HICKORY BLVD,,,,1575.00,Feet,South,LOGISTICS WAY,,,,0.00,N,Not at Intersection, ,Non-Junction,None,,,         ,Blake,Langford,Clear,Front to Rear,no,no,no,no,no,False
103091718,METROPOLITAN NASHVILLE POLICE DEPT,20210489245,Davidson,Nashville,9/17/2021 7:56:00 AM,2,0,0,36.090310,-86.920930,OLD HICKORY BLVD,,,,58.00,Feet,North,THE RESERVE PVTDR,,,,0.00,N,Not at Intersection,N,Non-Junction,None,,,         ,Michael,Raash,Cloudy,Angle,no,no,no,no,no,False
103091735,METROPOLITAN NASHVILLE POLICE DEPT,20210489378,Davidson,Nashville,9/17/2021 9:26:00 AM,2,0,0,36.040910,-86.648640,I24 W EXT RAMP,,,,0.00,Feet,East,HICKORY HOLLOW PKWY,,,,0.00,N,Not at Intersection, ,Entrance/Exit Ramp Related,None,,,         ,Joe,Hooper,Cloudy,Front to Rear,no,no,no,no,no,False
103091745,METROPOLITAN NASHVILLE POLICE DEPT,20210489310,Davidson,Nashville,9/17/2021 8:28:00 AM,2,1,0,36.045720,-86.659450,I 24,,,,0.00,,,,,,,59.40,N,Not at Intersection,N,Non-Junction,None,,,         ,Eric,Burford,Clear,Front to Rear,no,no,no,no,no,False
103091749,METROPOLITAN NASHVILLE POLICE DEPT,20210489336,Davidson,Nashville,9/17/2021 7:57:00 AM,1,0,0,36.218680,-86.834250,HAYNES PARK DR,,,,41.00,Feet,South,KINGS LN,,,,0.00,N,Not at Intersection, ,Non-Junction,None,,,         ,Michael,Richardson,Cloudy,Not Collision with Motor Vehicle in Transport,no,no,no,no,no,False
103091765,METROPOLITAN NASHVILLE POLICE DEPT,20210489483,Davidson,Nashville,9/17/2021 10:24:00 AM,2,0,0,36.245470,-86.745650,I 65,,,,0.00,,,,,,,90.80,N,Not at Intersection,N,Non-Junction,None,,,         ,Christopher,Littles,Cloudy,Front to Rear,no,no,no,no,no,False
103091767,METROPOLITAN NASHVILLE POLICE DEPT,20210489273,Davidson,Nashville,9/17/2021 7:38:00 AM,2,0,0,36.144550,-86.749640,MURFREESBORO PKE,,,,65.00,Feet,East,ELM HILL PKE,,,,0.00,N,Not at Intersection,N,Non-Junction,None,,,         ,Jack,Burke,Clear,"Sideswipe, Same Direction",no,no,no,no,no,False
103091771,VANDERBILT UNIVERSITY POLICE,20210487840,Davidson,Nashville,9/16/2021 1:33:00 PM,1,1,0,36.139210,-86.799980,CAPERS AV,,,,0.00,,,,,,,0.00,,,N,Non-Junction,None,,,         ,Michael,Knupp,Clear,Not Collision with Motor Vehicle in Transport,yes,no,no,yes,no,Campus
103091772,METROPOLITAN NASHVILLE POLICE DEPT,20210489500,Davidson,Nashville,9/17/2021 10:30:00 AM,3,0,0,36.045330,-86.672530,BELL RD,,,,558.00,Feet,East,BLUE HOLE RD,,,,0.00,N,Not at Intersection,N,Non-Junction,None,,,         ,Joe,Hooper,Cloudy,Front to Rear,no,no,no,no,yes,False
103091777,METROPOLITAN NASHVILLE POLICE DEPT,20210489371,Davidson,Not in City Limit,9/17/2021 9:20:00 AM,1,1,0,36.322430,-86.860000,I 24,,,,0.00,,,,,,,35.40,N,Not at Intersection,N,Non-Junction,None,,,         ,Jean,McCormack,Rain,Not Collision with Motor Vehicle in Transport,no,no,no,no,no,False
103091781,METROPOLITAN NASHVILLE POLICE DEPT,20210489498,Davidson,Nashville,9/17/2021 10:29:00 AM,2,0,0,36.143900,-86.724690,ELM HILL PKE,,,,624.00,Feet,West,SPENCE LN,,,,0.00,N,Not at Intersection, ,Non-Junction,None,,,         ,Patrick,Deau,Cloudy,Angle,no,no,no,no,no,False
103091798,METROPOLITAN NASHVILLE POLICE DEPT,20210489628,Davidson,Not in City Limit,9/17/2021 12:07:00 PM,2,0,0,36.269310,-86.756090,OLD HICKORY BLVD,,,,106.00,Feet,West,DICKERSON PKE,,,,0.00,N,Not at Intersection, ,,None,,,         ,Christopher,Littles,,,no,no,no,no,no,False
103091810,METROPOLITAN NASHVILLE POLICE DEPT,20210489557,Davidson,Nashville,9/17/2021 11:00:00 AM,2,0,0,36.144180,-86.696840,I40 E EXT RAMP,,,,0.00,Feet,East,I 40,,,,0.00,N,Not at Intersection,N,Non-Junction,None,,,         ,Matthew,Jorgensen,Rain,"Sideswipe, Same Direction",no,no,no,no,no,False
103091811,METROPOLITAN NASHVILLE POLICE DEPT,20210489446,Davidson,Nashville,9/17/2021 9:57:00 AM,2,1,0,36.076090,-86.920800,BELLE FOREST SHOPPING CENTER P,,,,9.00,Feet,East,OLD HICKORY BLVD,,,,0.00,N,Not at Intersection,N,Non-Junction,None,,,         ,Michael,Raash,Cloudy,Angle,no,no,no,no,no,False
103091829,METROPOLITAN NASHVILLE POLICE DEPT,20210489646,Davidson,Nashville,9/17/2021 12:17:00 PM,2,0,0,36.156910,-86.783800,10TH AVS,,,,156.00,Feet,West,MCGAVOCK ST,,,,0.00,N,Not at Intersection, ,Non-Junction,None,,,         ,Benny,Pittman,Cloudy,Angle,no,no,no,yes,no,False
103091837,METROPOLITAN NASHVILLE POLICE DEPT,20210489606,Davidson,Nashville,9/17/2021 10:42:00 AM,2,0,0,36.146900,-86.794110,GRAND AV,,,,91.00,Feet,West,MUSIC SQW,,,,0.00,N,Not at Intersection, ,,Construction Zone,,,         ,Mason,Tyler,,,no,no,no,no,no,Campus
103091846,METROPOLITAN NASHVILLE POLICE DEPT,20210489665,Davidson,Nashville,9/17/2021 12:15:00 PM,2,0,0,36.155480,-86.788540,13TH AVS,,,,211.00,Feet,South,GEORGE L DAVIS BLVD,,,,0.00,N,Not at Intersection, ,Non-Junction,Construction Zone,,,         ,Wesley,Young,Rain,"Sideswipe, Same Direction",no,no,no,no,no,False