master_record_number,agency,agency_tracking_number,county,city,collision_date,vehicles_involved,number_injured,number_dead,latitude,longitude,roadway_name,roadway_suffix,roadway_number,roadway_local_id,distance_from_reference,miles-feet_indicator,direction_from_reference,intersection_road_name,intersection_road_name_suffix,intersection_road_number,intersection_local_id,mile_marker,intersection_indicator,intersect_type,interchange_related_indicator,relation_to_junction,work_zone_type,construction_maintenance_zone,construction_maintenance_zone_location,fatal_case_number,officer_first_name,officer_last_name,weather_condition(s),manner_of_crash,pedestrian,bicycle,scooter,parking,hitrun,mou
103095248,METROPOLITAN NASHVILLE POLICE DEPT,20210496553,Davidson,Nashville,9/21/2021 4:28:00 PM,2,1,0,36.040260,-86.816400,OLD HICKORY BLVD,,,,0.00,,,GRANNY WHITE PKE,,,,0.00,Y,Four-Way,N,Intersection-Related,None,,,         ,Ashley,Kappenmacher,Clear,Front to Rear,no,no,no,no,no,False
103095257,METROPOLITAN NASHVILLE POLICE DEPT,20210496506,Davidson,Nashville,9/21/2021 3:45:00 PM,2,0,0,36.175010,-86.784680,JEFFERSON ST,,,,0.00,,,3RD AVN,,,,0.00,Y,Four-Way,N,Intersection-Related,None,,,         ,Russell,Freeman,Cloudy,Angle,no,no,no,no,yes,False
103095265,METROPOLITAN NASHVILLE POLICE DEPT,20210496516,Davidson,Not in City Limit,9/21/2021 4:00:00 PM,2,0,0,36.263210,-86.713080,OLD TIME VILLAGE PVTDR,,,,13.00,Feet,North,OLD HICKORY BLVDW,,,,0.00,N,Not at Intersection, ,Non-Junction,None,,,         ,Sean,Herman,Clear,Angle,no,no,no,no,no,False
103095276,METROPOLITAN NASHVILLE POLICE DEPT,20210496352,Davidson,Nashville,9/21/2021 1:20:00 PM,1,0,0,36.153880,-86.757170,I 40,,,,0.00,,,,,,,211.10,N,Not at Intersection, ,Non-Junction,None,,,         ,Kyle,Kinsman,Cloudy,Not Collision with Motor Vehicle in Transport,no,no,no,no,no,False
103095286,METROPOLITAN NASHVILLE POLICE DEPT,20210496605,Davidson,Nashville,9/21/2021 4:35:00 PM,2,0,0,36.144810,-86.745670,ELM HILL PKE,,,,484.00,Feet,West,FESSLERS LN,,,,0.00,N,Not at Intersection,N,Non-Junction,None,,,         ,Douglas,Mann,Cloudy,Angle,no,no,no,no,no,False
103095290,METROPOLITAN NASHVILLE POLICE DEPT,20210496593,Davidson,Goodlettsville,9/21/2021 4:53:00 PM,2,1,0,36.299190,-86.697240,GALLATIN PKEN,,,,287.00,Feet,South,CUDE LN,,,,0.00,N,Not at Intersection,N,Non-Junction,None,,,         ,Joshua,Dodge,Clear,Angle,no,no,no,no,no,False
103095293,METROPOLITAN NASHVILLE POLICE DEPT,20210496608,Davidson,Nashville,9/21/2021 4:52:00 PM,2,0,0,36.200310,-86.618490,LEBANON PKE PVTDR,,,,31.00,Feet,East,LEBANON PKE,,,,0.00,N,Not at Intersection, ,Non-Junction,None,,,         ,Rachael,Robinson,Cloudy,Angle,no,no,no,no,no,False
103095295,METROPOLITAN NASHVILLE POLICE DEPT,20210496565,Davidson,Nashville,9/21/2021 4:36:00 PM,2,0,0,36.045900,-86.675050,BELL RD,,,,0.00,,,,,,,0.00,,,N,Intersection-Related,None,,,         ,Joseph,Hurst,Clear,Front to Rear,no,no,no,no,no,False
103095296,METROPOLITAN NASHVILLE POLICE DEPT,20210496551,Davidson,Nashville,9/21/2021 4:26:00 PM,2,1,0,36.035450,-86.638360,CROSSINGS BLVD,,,,0.00,,,OLD FRANKLIN RD,,,,0.00,Y,Four-Way,N,Intersection,None,,,         ,Joseph,Hurst,Clear,Angle,no,no,no,no,no,False
103095297,METROPOLITAN NASHVILLE POLICE DEPT,20210496507,Davidson,Nashville,9/21/2021 3:45:00 PM,2,3,0,36.221120,-86.804900,WHITES CREEK PKE,,,,7.00,Feet,South,REVELS DR,,,,0.00,N,Not at Intersection,N,Non-Junction,None,,,         ,Sefer,Kerim,Clear,Angle,no,no,no,no,no,False
103095299,METROPOLITAN NASHVILLE POLICE DEPT,20210496521,Davidson,Nashville,9/21/2021 4:01:00 PM,1,1,0,36.135530,-86.795520,BELMONT BLVD,,,,146.00,Feet,North,ACKLEN AV,,,,0.00,N,Not at Intersection,N,Non-Junction,None,,,         ,Nicholas,Hoffmann,Cloudy,Not Collision with Motor Vehicle in Transport,yes,no,no,yes,yes,False
103095329,GOODLETTSVILLE POLICE DEPT,21-26599,Davidson,Goodlettsville,9/21/2021 6:00:00 PM,2,0,0,36.295420,-86.716420,I 65,,,,0.00,,,,,,,94.70,N,Not at Intersection,N,Non-Junction,None,,,         ,Austin,Herendeen,Cloudy,Front to Rear,no,no,no,no,no,False
103095338,METROPOLITAN NASHVILLE POLICE DEPT,20210496580,Davidson,Nashville,9/21/2021 4:40:00 PM,3,1,0,36.109690,-86.671460,KNAPP BLVD,,,,0.00,,,DONELSON PKE,,,,0.00,Y,Four-Way,N,Intersection,None,,,         ,Theodore,Flick,Clear,Angle,no,no,no,no,no,False
103095344,METROPOLITAN NASHVILLE POLICE DEPT,20210496774,Davidson,Nashville,9/21/2021 7:01:00 PM,2,0,0,36.134280,-86.779580,WEDGEWOOD AV,,,,143.00,Feet,West,8TH AVS,,,,0.00,N,Not at Intersection, ,Non-Junction,None,,,         ,Travis,Pemberton,Clear,Front to Rear,no,no,no,no,no,False
103095347,METROPOLITAN NASHVILLE POLICE DEPT,20210496599,Davidson,Nashville,9/21/2021 4:55:00 PM,2,0,0,36.156160,-86.788950,GEORGE L DAVIS BLVD,,,,63.00,Feet,North,BROADWAY,,,,0.00,N,Not at Intersection, ,Entrance/Exit Ramp Related,None,,,         ,Gabriel,Vasquez,,Angle,no,no,no,no,no,False
103095348,METROPOLITAN NASHVILLE POLICE DEPT,20210496769,Davidson,Nashville,9/21/2021 6:31:00 PM,2,0,0,36.172430,-86.766420,JAMES ROBERTSON PKWY,,,,181.00,Feet,West,JAMES ROBERTSON PKWY ENT RAMP,,,,0.00,N,Not at Intersection, ,Non-Junction,None,,,         ,Gabriel,Vasquez,,"Sideswipe, Same Direction",no,no,no,no,no,False
103095349,METROPOLITAN NASHVILLE POLICE DEPT,20210496828,Davidson,Nashville,9/21/2021 7:12:00 PM,2,0,0,36.179730,-86.786370,TAYLOR ST,,,,0.00,,,2ND AVN,,,,0.00,Y,Four-Way, ,Intersection,None,,,         ,Gabriel,Vasquez,Clear,Angle,no,no,no,no,no,False
103095357,METROPOLITAN NASHVILLE POLICE DEPT,20210496780,Davidson,Nashville,9/21/2021 6:44:00 PM,2,0,0,36.221550,-86.773720,I 65,,,,0.00,,,,,,,88.40,N,Not at Intersection,Y,Non-Junction,None,,,         ,Cooper,HIll,Clear,"Sideswipe, Same Direction",no,no,no,no,yes,False
103095380,METROPOLITAN NASHVILLE POLICE DEPT,20210496774,Davidson,Nashville,9/21/2021 7:01:00 PM,2,0,0,36.134280,-86.779170,WEDGEWOOD AV,,,,23.00,Feet,West,8TH AVS,,,,0.00,N,Not at Intersection, ,Non-Junction,None,,,         ,Travis,Pemberton,Cloudy,Front to Rear,no,no,no,no,no,False
103095381,METROPOLITAN NASHVILLE POLICE DEPT,20210496875,Davidson,Nashville,9/21/2021 8:22:00 PM,2,0,0,36.081660,-86.713650,HARDING PL,,,,0.00,,,WHISPERING OAKS PL,,,,0.00,Y,T-Intersection,N,Intersection-Related,None,,,         ,Joseph,Hurst,Clear,Angle,no,no,no,no,yes,False
103095382,METROPOLITAN NASHVILLE POLICE DEPT,20210496791,Davidson,Nashville,9/21/2021 7:18:00 PM,2,1,0,36.163240,-86.689670,BRILEY PKWYN,,,,588.00,Feet,South,BRILEY PKWYS,,,,0.00,N,Not at Intersection,N,Non-Junction,None,,,         ,Douglas,Mann,Clear,Other,no,no,no,no,no,False
103095383,METROPOLITAN NASHVILLE POLICE DEPT,20210496386,Davidson,Nashville,9/21/2021 11:30:00 AM,2,0,0,36.134580,-86.805500,FAIRFAX AV,,,,0.00,Feet,,24TH AVS,,,,0.00,Y,Four-Way, ,Intersection,None,,,         ,Nicholas,Hoffmann,Cloudy,"Sideswipe, Same Direction",no,no,no,no,yes,Campus
103095384,METROPOLITAN NASHVILLE POLICE DEPT,20210496867,Davidson,Nashville,9/21/2021 8:15:00 PM,2,0,0,36.142060,-86.735180,I 40,,,,0.00,,,,,,,212.60,N,Not at Intersection,N,Non-Junction,None,,,         ,Reagan,Heath,Clear,"Sideswipe, Same Direction",no,no,no,no,yes,False
103095385,METROPOLITAN NASHVILLE POLICE DEPT,20210496778,Davidson,Not in City Limit,9/21/2021 7:08:00 PM,1,0,0,36.239100,-86.943980,BULL RUN RD,,,,1049.00,Feet,West,KIRBY HILL RD,,,,0.00,N,Not at Intersection,N,Non-Junction,None,,,         ,Keegan,Winchell,Rain,Not Collision with Motor Vehicle in Transport,no,no,no,no,no,False
103095391,METROPOLITAN NASHVILLE POLICE DEPT,20210496717,Davidson,Nashville,9/21/2021 6:22:00 PM,2,0,0,36.131880,-86.895530,CHARLOTTE PKE,,,,0.00,,,I40 E ENT RAMP,,,,0.00,Y,Four-Way,N,Intersection,None,,,         ,Daniel,Carney,Cloudy,Angle,no,no,no,no,no,False
103095417,BERRY HILL POLICE DEPT,21-2830,Davidson,Berry Hill,9/21/2021 5:32:00 AM,1,0,0,36.126380,-86.771760,CRAIGHEAD ST,,,,0.00,,,CRAIGHEAD ST,,,,0.00,,Not at Intersection,N,Non-Junction,None,,,         ,Steven,Henry Jr.,Clear,Not Collision with Motor Vehicle in Transport,no,no,no,yes,no,False
103095421,METROPOLITAN NASHVILLE POLICE DEPT,20210496879,Davidson,Nashville,9/21/2021 12:00:00 AM,1,1,0,36.173080,-86.602020,OLD HICKORY BLVD,,,,159.00,Feet,North,PRINCETON PL,,,,0.00,N,Not at Intersection,N,Non-Junction,None,,,         ,Keenan,McCann,Clear,Not Collision with Motor Vehicle in Transport,yes,no,no,no,no,False
103095422,METROPOLITAN NASHVILLE POLICE DEPT,20210496635,Davidson,Nashville,9/21/2021 4:45:00 PM,2,0,0,36.100900,-86.726660,ANTIOCH PKE,,,,0.00,,,MIMOSA DR,,,,0.00,Y,T-Intersection,N,Intersection-Related,None,,,         ,Charles,Agius,Clear,Angle,no,no,no,no,no,False
103095423,METROPOLITAN NASHVILLE POLICE DEPT,20210496620,Davidson,Nashville,9/21/2021 5:09:00 PM,2,0,0,36.080639,-86.955227,HWY 70 S,,,,0.00,,,I 40 E EXIT RAMP,,,,0.00,Y,T-Intersection, ,Intersection,None,,,         ,Jeremy,Huffine,Clear,Angle,no,no,no,no,no,False
103095426,METROPOLITAN NASHVILLE POLICE DEPT,20210496849,Davidson,Old Hickory,9/21/2021 6:45:00 PM,2,0,0,36.255550,-86.654330,MERRITT ST,,,,100.00,Feet,West,ROBINSON RD,,,,0.00,N,Not at Intersection,N,Non-Junction,None,,,         ,Christian,Vanders,Cloudy,Angle,no,no,no,yes,yes,False
103095445,METROPOLITAN NASHVILLE POLICE DEPT,20210496928,Davidson,Nashville,9/21/2021 9:16:00 PM,2,0,0,36.211520,-86.748940,ELLINGTON PKWYS,,,,1311.00,Feet,South,SLAYDON DR,,,,0.00,N,Not at Intersection,N,Non-Junction,None,,,         ,Cooper,HIll,Rain,Not Collision with Motor Vehicle in Transport,no,no,no,no,no,False
103095448,METROPOLITAN NASHVILLE POLICE DEPT,20210496687,Davidson,Nashville,9/21/2021 6:00:00 PM,2,1,0,36.127230,-86.695870,INTERNATIONAL PLZ,,,,0.00,Feet,,BRILEY PKWY,,,,0.00,Y,T-Intersection,N,Intersection-Related,None,,,         ,Dontaveous,Eubanks,Clear,Angle,no,no,no,no,yes,False
103095455,METROPOLITAN NASHVILLE POLICE DEPT,20210496977,Davidson,Nashville,9/21/2021 12:00:00 AM,1,1,0,36.046360,-86.777220,I 65,,,,0.00,,,,,,,75.20,N,Not at Intersection,N,Non-Junction,None,,,         ,Ashley,Kappenmacher,Rain,Not Collision with Motor Vehicle in Transport,no,no,no,no,no,False
103095457,METROPOLITAN NASHVILLE POLICE DEPT,20210496778,Davidson,Nashville,9/21/2021 7:08:00 PM,2,0,0,36.220790,-86.774730,I 65,,,,0.00,,,,,,,88.30,N,Not at Intersection, ,Entrance/Exit Ramp Related,None,,,         ,Gabriel,Centeno,Rain,Front to Rear,no,no,no,no,yes,False
103095463,METROPOLITAN NASHVILLE POLICE DEPT,20210496921,Davidson,Not in City Limit,9/21/2021 9:00:00 PM,1,2,0,36.258780,-86.850140,CLARKSVILLE PKE,,,,554.00,Feet,East,DRY FORK RD,,,,0.00,N,Not at Intersection,N,Non-Junction,None,,,         ,Keegan,Winchell,Rain,Not Collision with Motor Vehicle in Transport,no,no,no,no,no,False
103095464,METROPOLITAN NASHVILLE POLICE DEPT,20210496939,Davidson,Nashville,9/21/2021 9:25:00 PM,1,3,0,36.234320,-86.801770,BRILEY PKWYW,,,,514.00,Feet,East,BRILEY PKWYE,,,,0.00,N,Not at Intersection,N,Non-Junction,None,,,         ,Scarlett,Collins,Rain,Not Collision with Motor Vehicle in Transport,no,no,no,no,no,False
103095485,METROPOLITAN NASHVILLE POLICE DEPT,2021-0495677,Davidson,Nashville,9/21/2021 12:00:00 AM,2,0,0,36.219850,-86.693370,BRILEY PKWY S EXT RAMP,,,,0.00,,,BRILEY PKWYS,,,,0.00,Y,OTHER, ,,None,,,         ,Frank,Walker,,,no,no,no,no,no,False
103095498,METROPOLITAN NASHVILLE POLICE DEPT,20210497120,Davidson,Nashville,9/21/2021 11:50:00 PM,1,1,0,36.221910,-86.774600,I 65,,,,0.00,,,,,,,88.40,N,Not at Intersection,N,Non-Junction,None,,,         ,David,Crisman,Rain,Not Collision with Motor Vehicle in Transport,no,no,no,no,no,False
103095508,METROPOLITAN NASHVILLE POLICE DEPT,20210497050,Davidson,Nashville,9/21/2021 7:43:00 PM,2,0,0,36.139610,-86.700310,BRILEY,PKWY,,,0.00,Feet,,KAREN,DR,,,0.00,Y,Four-Way, ,Intersection-Related,None,,,         ,Corey,Ethridge,,Angle,no,no,no,no,no,False
103095510,METROPOLITAN NASHVILLE POLICE DEPT,20210497228,Davidson,Nashville,9/21/2021 11:21:00 PM,2,1,0,36.045220,-86.716640,OLD HICKORY BLVD,,,,118.00,Feet,East,HICKORY PLZ,,,,0.00,N,Not at Intersection,N,Non-Junction,None,,,         ,David,Barras,Rain,Angle,no,no,no,no,no,False
103095538,METROPOLITAN NASHVILLE POLICE DEPT,20210497057,Davidson,Nashville,9/21/2021 11:32:00 PM,2,0,0,36.155030,-86.627090,I40 E ENT RAMP,,,,0.00,Feet,,I 40,,,,0.00,Y,Four-Way,Y,Non-Junction,None,,,         ,Bridget,Griepentrog,Rain,Front to Rear,no,no,no,no,no,False
103095545,METROPOLITAN NASHVILLE POLICE DEPT,20210497115,Davidson,Not in City Limit,9/22/2021 12:00:00 AM,2,1,0,36.276670,-86.708780,SHANNON AV,,,,22.00,Feet,East,PIERCE RD,,,,0.00,N,Not at Intersection,N,Non-Junction,None,,,         ,Zachary,Smith,Clear,"Sideswipe, Same Direction",no,no,no,no,yes,False
103095551,METROPOLITAN NASHVILLE POLICE DEPT,20210497339,Davidson,Not in City Limit,9/22/2021 4:37:00 AM,1,0,0,36.093840,-86.974350,CHARLOTTE PKE,,,,2169.00,Feet,East,HIGHWAY 70S,,,,0.00,N,Not at Intersection,N,Non-Junction,None,,,         ,Jonathan,Phipps,Rain,Not Collision with Motor Vehicle in Transport,no,no,no,no,no,False
103095552,METROPOLITAN NASHVILLE POLICE DEPT,20210497101,Davidson,Nashville,9/22/2021 12:00:00 AM,1,1,0,36.216160,-86.623340,OLD HICKORY BLVD,,,,228.00,Feet,South,2ND ST,,,,0.00,N,Not at Intersection,N,Non-Junction,None,,,         ,Nelson,Hemingway,Rain,Not Collision with Motor Vehicle in Transport,no,no,no,no,no,False
103095557,METROPOLITAN NASHVILLE POLICE DEPT,20210497314,Davidson,Nashville,9/22/2021 4:07:00 AM,2,2,0,36.103070,-86.666210,MURFREESBORO PKE,,,,0.00,,,TOWN PARK DR,,,,0.00,Y,T-Intersection,N,Intersection,None,,,         ,Bridget,Griepentrog,Rain,Angle,no,no,no,no,no,False
103095569,METROPOLITAN NASHVILLE POLICE DEPT,20210497346,Davidson,Nashville,9/22/2021 4:45:00 AM,2,1,0,36.226170,-86.774150,I 65,,,,0.00,,,,,,,88.65,N,Not at Intersection,N,Non-Junction,None,,,         ,Benjamin,Tasto,Rain,Not Collision with Motor Vehicle in Transport,no,no,no,no,no,False
103095572,METROPOLITAN NASHVILLE POLICE DEPT,20210497408,Davidson,Nashville,9/22/2021 6:00:00 AM,3,0,0,36.221910,-86.774600,I 65,,,,0.00,,,,,,,88.40,N,Not at Intersection,N,Non-Junction,None,,,         ,David,Crisman,Rain,Angle,no,no,no,no,no,False
103095588,METROPOLITAN NASHVILLE POLICE DEPT,20210497411,Davidson,Nashville,9/22/2021 6:09:00 AM,1,1,0,36.045200,-86.716230,OLD HICKORY BLVD,,,,241.00,Feet,East,HICKORY PLZ,,,,0.00,N,Not at Intersection,N,Non-Junction,None,,,         ,David,Barras,Rain,Not Collision with Motor Vehicle in Transport,yes,no,no,no,no,False
103095594,METROPOLITAN NASHVILLE POLICE DEPT,20210497454,Davidson,Nashville,9/22/2021 6:51:00 AM,2,0,0,36.187390,-86.756540,ELLINGTON PKWYS,,,,360.00,Feet,West,APEX ST,,,,0.00,N,Not at Intersection,N,Non-Junction,None,,,         ,David,Scheevel,"Cloudy, Rain",Front to Rear,no,no,no,no,no,False
103095595,METROPOLITAN NASHVILLE POLICE DEPT,20210497425,Davidson,Nashville,9/22/2021 6:28:00 AM,2,1,0,36.211480,-86.921030,OLD HICKORY BLVD,,,,0.00,,,ASHLAND CITY HWY,,,,0.00,Y,Four-Way,N,Intersection,None,,,         ,Emelie,Skye,Rain,Angle,no,no,no,no,no,False
103095599,METROPOLITAN NASHVILLE POLICE DEPT,20210497520,Davidson,Nashville,9/22/2021 7:40:00 AM,2,0,0,36.089830,-86.771590,FRANKLIN PKE,,,,209.00,Feet,South,N CURTISWOOD LN,,,,0.00,N,Not at Intersection,N,Non-Junction,None,,,         ,Connor,Hosey,"Cloudy, Rain",Front to Rear,no,no,no,no,no,False
103095602,METROPOLITAN NASHVILLE POLICE DEPT,20210497522,Davidson,Not in City Limit,9/22/2021 7:50:00 AM,1,1,0,36.051210,-86.993460,POPLAR CREEK RD,,,,1894.00,Feet,West,RUSSELL RD,,,,0.00,N,Not at Intersection,N,Non-Junction,None,,,         ,Wesley,Tilley,Cloudy,Not Collision with Motor Vehicle in Transport,no,no,no,no,no,False
103095603,METROPOLITAN NASHVILLE POLICE DEPT,20210497516,Davidson,Nashville,9/22/2021 7:13:00 AM,1,1,0,36.232430,-86.826060,BRILEY PKWYW,,,,254.00,Feet,West,BUENA VISTA PKE,,,,0.00,N,Not at Intersection,N,Non-Junction,None,,,         ,William,Coy,"Cloudy, Rain",Not Collision with Motor Vehicle in Transport,no,no,no,no,no,False
103095604,METROPOLITAN NASHVILLE POLICE DEPT,20210497467,Davidson,Nashville,9/22/2021 7:02:00 AM,1,1,0,36.192150,-86.780190,I 65,,,,0.00,,,,,,,86.30,N,Not at Intersection,N,Non-Junction,None,,,         ,Jedidayah,Merriweather,"Cloudy, Rain",Not Collision with Motor Vehicle in Transport,no,no,no,yes,no,False
103095606,METROPOLITAN NASHVILLE POLICE DEPT,20210497565,Davidson,Nashville,9/22/2021 7:30:00 AM,2,0,0,36.159770,-86.622990,I 40,,,,0.00,,,,,,,219.40,N,Not at Intersection, ,,None,,,         ,Rex,Engelbert,,,no,no,no,no,no,False
103095625,Nashville Airport Police,2021-03564,Davidson,Nashville,9/18/2021 12:00:00 AM,1,0,0,36.139400,-86.665810,I40 E ENT RAMP,,,,0.00,,,DONELSON PKE,,,,0.00,Y,Y-Intersection,N,Non-Junction,None,,,         ,Ahscari,Valencia,"Cloudy, Rain",Not Collision with Motor Vehicle in Transport,no,no,no,no,no,False
103095643,METROPOLITAN NASHVILLE POLICE DEPT,20210497610,Davidson,Nashville,9/22/2021 8:45:00 AM,2,0,0,36.221610,-86.761090,HART LN,,,,171.00,Feet,East,DICKERSON PKE,,,,0.00,N,Not at Intersection,N,Non-Junction,None,,,         ,Matthew,Cammarn,Rain,"Sideswipe, Same Direction",no,no,no,no,yes,False
103095644,METROPOLITAN NASHVILLE POLICE DEPT,20210497412,Davidson,Nashville,9/22/2021 5:50:00 AM,2,2,0,36.074480,-86.638650,MURFREESBORO PKE,,,,0.00,Feet,,RURAL HILL RD,,,,0.00,Y,Four-Way,N,Intersection,None,,,         ,Blake,Langford,"Cloudy, Rain",Angle,no,no,no,no,yes,False
103095669,METROPOLITAN NASHVILLE POLICE DEPT,20210497576,Davidson,Nashville,9/22/2021 8:54:00 AM,2,0,0,36.159210,-86.817670,LENA ST,,,,212.00,Feet,North,CLIFTON AV,,,,0.00,N,Not at Intersection, ,,None,,,         ,Jordan,Vrbas,,,no,no,no,no,no,False
103095678,METROPOLITAN NASHVILLE POLICE DEPT,20210497517,Davidson,Nashville,9/22/2021 7:25:00 AM,2,1,0,36.047840,-86.612050,MURFREESBORO PKE,,,,1284.00,Feet,North,MOUNTAIN SPRINGS RD,,,,0.00,N,Not at Intersection,N,Non-Junction,None,,,         ,Zacarias,Brito Jr.,Rain,Front to Rear,no,no,no,no,no,False
103095681,METROPOLITAN NASHVILLE POLICE DEPT,20210497714,Davidson,Nashville,9/21/2021 11:30:00 PM,2,0,0,36.118940,-86.781940,CLAYTON AV,,,,643.00,Feet,South,CRAIG AV,,,,0.00,N,Not at Intersection,N,Non-Junction,None,,,         ,Mason,Tyler,Unknown,Unknown,no,no,no,yes,yes,False
103095687,VANDERBILT UNIVERSITY POLICE,20210496276,Davidson,Nashville,9/21/2021 1:24:00 PM,2,0,0,36.146070,-86.799550,SCARRITT PL,,,,0.00,,,21ST AVS,,,,0.00,Y,Four-Way, ,Intersection-Related,None,,,         ,Christopher,Dion,,Front to Rear,no,no,no,no,no,Campus
103095695,METROPOLITAN NASHVILLE POLICE DEPT,20210497759,Davidson,Nashville,9/22/2021 10:45:00 AM,2,0,0,36.111070,-86.752810,THOMPSON LN,,,,206.00,Feet,East,FOSTER CREIGHTON DR,,,,0.00,N,Not at Intersection, ,Non-Junction,None,,,         ,Connor,Hosey,Cloudy,"Sideswipe, Same Direction",no,no,no,no,no,False
103095703,METROPOLITAN NASHVILLE POLICE DEPT,20210497418,Davidson,Nashville,9/22/2021 6:05:00 AM,2,0,0,36.153380,-86.852670,I 40,,,,0.00,,,,,,,204.25,N,Not at Intersection,N,Non-Junction,None,,,         ,Darren,Key,Rain,Front to Rear,no,no,no,no,no,False
103095707,METROPOLITAN NASHVILLE POLICE DEPT,20210497642,Davidson,Nashville,9/22/2021 9:16:00 AM,3,0,0,36.076040,-86.640130,MURFREESBORO PKE,,,,558.00,Feet,South,LAKEVILLA DR,,,,0.00,N,Not at Intersection,N,Non-Junction,None,,,         ,Matthew,Jorgensen,Rain,"Sideswipe, Opposite Direction",no,no,no,no,no,False
103095708,METROPOLITAN NASHVILLE POLICE DEPT,20210497729,Davidson,Nashville,9/22/2021 10:23:00 AM,2,3,0,36.150480,-86.770350,4TH AVS,,,,0.00,,,I40 E EXT RAMP,,,,0.00,Y,Four-Way,Y,OtherLocation,None,,,         ,Earl,Davis,Cloudy,Angle,no,no,no,no,no,False
103095714,METROPOLITAN NASHVILLE POLICE DEPT,20210497616,Davidson,Not in City Limit,9/22/2021 8:07:00 AM,1,2,0,36.096790,-86.968470,CHARLOTTE PKE,,,,530.00,Feet,West,BREWBOCK CT,,,,0.00,N,Not at Intersection,N,Non-Junction,None,,,         ,Jack,Crouch,Cloudy,Not Collision with Motor Vehicle in Transport,yes,no,no,no,yes,False
103095730,METROPOLITAN NASHVILLE POLICE DEPT,20210497510,Davidson,Nashville,9/22/2021 7:14:00 AM,5,1,0,36.195590,-86.776150,I 65,,,,0.00,,,,,,,86.55,N,Not at Intersection,N,Non-Junction,None,,,         ,Jeanine,Sarno,Cloudy,Front to Rear,no,no,no,no,yes,False
103095744,METROPOLITAN NASHVILLE POLICE DEPT,20210497754,Davidson,Nashville,9/22/2021 10:01:00 AM,1,0,0,36.203270,-86.766130,MERIDIAN ST,,,,279.00,Feet,North,EDITH AV,,,,0.00,N,Not at Intersection,N,Non-Junction,None,,,         ,David,Scheevel,Cloudy,Not Collision with Motor Vehicle in Transport,no,no,no,no,no,False
103095748,METROPOLITAN NASHVILLE POLICE DEPT,20210497848,Davidson,Nashville,9/22/2021 11:15:00 AM,2,0,0,36.169470,-86.684300,THE CROSSINGS PVTDR,,,,0.00,Feet,East,LEBANON PKE,,,,0.00,N,Not at Intersection, ,Non-Junction,None,,,         ,Patrick,Lancaster,Cloudy,Angle,no,no,no,yes,no,False
103095764,METROPOLITAN NASHVILLE POLICE DEPT,20210497911,Davidson,Nashville,9/22/2021 12:11:00 PM,2,0,0,36.122100,-86.909900,I 40,,,,0.00,,,,,,,200.25,N,Not at Intersection,N,Non-Junction,None,,,         ,Jared,Dick,Clear,Front to Rear,no,no,no,no,no,False
103095770,METROPOLITAN NASHVILLE POLICE DEPT,20210497910,Davidson,Nashville,9/22/2021 12:11:00 PM,1,1,0,36.232480,-86.826160,BRILEY PKWYW,,,,277.00,Feet,West,BRILEY PKWYE,,,,0.00,N,Not at Intersection,N,Non-Junction,None,,,         ,Jedidayah,Merriweather,"Cloudy, Rain",Not Collision with Motor Vehicle in Transport,no,no,no,yes,no,False
103095783,METROPOLITAN NASHVILLE POLICE DEPT,20210497941,Davidson,Old Hickory,9/22/2021 12:03:00 PM,2,0,0,36.260110,-86.659880,ROBINSON RD,,,,478.00,Feet,West,HADLEY VILLAGE BLVD,,,,0.00,N,Not at Intersection, ,Non-Junction,None,,,         ,Rex,Engelbert,Clear,Angle,no,no,no,no,no,False
103095792,METROPOLITAN NASHVILLE POLICE DEPT,20210497973,Davidson,Nashville,9/22/2021 12:58:00 PM,1,1,0,36.128590,-86.777890,8TH AVS,,,,0.00,,,BRADFORD AV,,,,0.00,Y,Four-Way,N,Intersection,None,,,         ,Earl,Davis,Clear,Not Collision with Motor Vehicle in Transport,yes,no,no,no,no,False
103095793,METROPOLITAN NASHVILLE POLICE DEPT,20210497916,Davidson,Goodlettsville,9/22/2021 12:16:00 PM,1,1,0,36.293390,-86.695970,MYATT DR,,,,215.00,Feet,South,SPRING BRANCH DR,,,,0.00,N,Not at Intersection,N,Non-Junction,None,,,         ,Christopher,Littles,Cloudy,Not Collision with Motor Vehicle in Transport,no,yes,no,yes,no,False
103095813,METROPOLITAN NASHVILLE POLICE DEPT,2021-0496253,Davidson,Nashville,9/21/2021 1:13:00 PM,2,0,0,36.146040,-86.777010,I40 W ENT RAMP,,,,0.00,Feet,East,I 65,,,,0.00,N,Not at Intersection, ,Non-Junction,None,,,         ,Sean,Williams,Rain,Front to Rear,no,no,no,no,no,False
103095824,METROPOLITAN NASHVILLE POLICE DEPT,20210497888,Davidson,Nashville,9/22/2021 11:56:00 AM,2,2,0,36.187460,-86.743250,N 14TH ST,,,,0.00,Feet,North,GRANADA AV,,,,0.00,N,Not at Intersection,N,Non-Junction,None,,,         ,Matthew,Cammarn,Cloudy,Angle,no,no,no,no,no,False