master_record_number,agency,agency_tracking_number,county,city,collision_date,vehicles_involved,number_injured,number_dead,latitude,longitude,roadway_name,roadway_suffix,roadway_number,roadway_local_id,distance_from_reference,miles-feet_indicator,direction_from_reference,intersection_road_name,intersection_road_name_suffix,intersection_road_number,intersection_local_id,mile_marker,intersection_indicator,intersect_type,interchange_related_indicator,relation_to_junction,work_zone_type,construction_maintenance_zone,construction_maintenance_zone_location,fatal_case_number,officer_first_name,officer_last_name,weather_condition(s),manner_of_crash,pedestrian,bicycle,scooter,parking,hitrun,mou
103185171,METROPOLITAN NASHVILLE POLICE DEPT,20210470031,Davidson,Nashville,9/6/2021 3:00:00 PM,2,0,0,36.189260,-86.745960,SHARPE AV,,,,0.00,,,GALLATIN AV,,,,0.00,Y,T-Intersection, ,Intersection,None,,,         ,Kelsey,Hemminger,Clear,Angle,no,no,no,no,no,False
103431981,TENNESSEE STATE UNIVERSITY ,21-TSU-31692,Davidson,Nashville,9/4/2021 12:00:00 AM,2,0,0,36.161410,-86.828120,35TH AVN,,,,0.00,,,CLARE AV,,,,0.00,Y,OTHER, ,OtherLocation,None,,,         ,Timothy,Torok,Clear,"Sideswipe, Opposite Direction",no,no,no,yes,yes,False
103096308,METROPOLITAN NASHVILLE POLICE DEPT,20210499094,Davidson,Nashville,9/23/2021 1:01:00 AM,2,0,0,36.113970,-86.724320,I 24,,,,0.00,,,,,,,53.35,N,Not at Intersection, ,Entrance/Exit Ramp Related,Construction Zone,,,         ,Garrett,Reingardt,Clear,"Sideswipe, Same Direction",no,no,no,no,no,False
103096317,METROPOLITAN NASHVILLE POLICE DEPT,20210499128,Davidson,Nashville,9/23/2021 1:20:00 AM,1,1,0,36.221140,-86.804900,REVELS DR,,,,0.00,,,WHITES CREEK PKE,,,,0.00,Y,Four-Way,N,Intersection,None,,,         ,David,Crisman,Clear,Not Collision with Motor Vehicle in Transport,no,no,no,no,no,False
103096323,METROPOLITAN NASHVILLE POLICE DEPT,20210499130,Davidson,Nashville,9/23/2021 1:19:00 AM,2,1,0,36.171620,-86.773590,N 1ST ST,,,,536.00,Feet,North,MAIN ST,,,,0.00,N,Not at Intersection,N,Non-Junction,None,,,         ,Douglas,Sykes,Clear,Not Collision with Motor Vehicle in Transport,no,no,no,no,no,False
103096383,METROPOLITAN NASHVILLE POLICE DEPT,20210499286,Davidson,Not in City Limit,9/23/2021 12:00:00 AM,1,0,0,36.267050,-86.702360,CUMBERLAND AV,,,,0.00,Feet,East,N DUPONT AV,,,,0.00,N,Not at Intersection,N,Non-Junction,None,,,         ,Zachary,Smith,Clear,Not Collision with Motor Vehicle in Transport,no,no,no,no,no,False
103096428,METROPOLITAN NASHVILLE POLICE DEPT,20210499472,Davidson,Nashville,9/23/2021 7:34:00 AM,1,1,0,36.112760,-86.796470,WOODMONT BLVD,,,,550.00,Feet,West,NOELTON AV,,,,0.00,N,Not at Intersection,N,Non-Junction,None,,,         ,Earl,Davis,Clear,Not Collision with Motor Vehicle in Transport,no,no,no,no,no,False
103096434,METROPOLITAN NASHVILLE POLICE DEPT,20210499426,Davidson,Nashville,9/23/2021 7:00:00 AM,2,0,0,36.241520,-86.760260,BRILEY PKWYE,,,,662.00,Feet,East,BRILEY PKWYW,,,,0.00,N,Not at Intersection, ,Non-Junction,None,,,         ,Christopher,Littles,Clear,Front to Rear,no,no,no,no,no,False
103096436,METROPOLITAN NASHVILLE POLICE DEPT,20210499483,Davidson,Nashville,9/23/2021 7:40:00 AM,2,0,0,36.043220,-86.703240,CEDARMONT DR,,,,0.00,,,CEDARVALLEY DR,,,,0.00,Y,T-Intersection, ,Non-Junction,None,,,         ,Steven,Williams,Clear,Front to Rear,no,no,no,no,yes,False
103096460,METROPOLITAN NASHVILLE POLICE DEPT,20210499496,Davidson,Nashville,9/23/2021 7:43:00 AM,2,0,0,36.134660,-86.723490,MURFREESBORO PKE,,,,323.00,Feet,East,I24 W EXT RAMP,,,,0.00,N,Not at Intersection, ,Non-Junction,None,,,         ,Michael,Brooks,Clear,Angle,no,no,no,no,no,False
103096468,METROPOLITAN NASHVILLE POLICE DEPT,20210499417,Davidson,Hermitage,9/23/2021 5:42:00 AM,2,0,0,36.173880,-86.575040,CENTRAL PKE,,,,853.00,Feet,West,MELVIN RD,,,,0.00,N,Not at Intersection,N,Non-Junction,None,,,         ,Rex,Engelbert,Clear,Angle,no,no,no,no,yes,False
103096478,METROPOLITAN NASHVILLE POLICE DEPT,20210499509,Davidson,Nashville,9/23/2021 7:50:00 AM,2,1,0,36.076810,-86.622250,CEDARCLIFF RD,,,,314.00,Feet,South,MOSSDALE DR,,,,0.00,N,Not at Intersection,N,Non-Junction,None,,,         ,Tyler,Hall,Clear,HeadOn,no,no,no,no,no,False
103096482,METROPOLITAN NASHVILLE POLICE DEPT,20210499453,Davidson,Nashville,9/23/2021 7:19:00 AM,2,0,0,36.245480,-86.770500,CHESAPEAKE DR,,,,428.00,Feet,East,BRICKMONT DR,,,,0.00,N,Not at Intersection,N,Non-Junction,None,,,         ,Michael,Hones,Clear,Front to Rear,no,no,no,no,no,False
103096485,METROPOLITAN NASHVILLE POLICE DEPT,20210499541,Davidson,Nashville,9/23/2021 7:53:00 AM,2,0,0,36.051520,-86.622740,MT VIEW CIR,,,,0.00,,,MT VIEW RD,,,,0.00,Y,Y-Intersection,N,Intersection,None,,,         ,Mena,Mahros,Clear,Angle,no,no,no,no,no,False
103096496,METROPOLITAN NASHVILLE POLICE DEPT,20210499460,Davidson,Nashville,9/23/2021 7:10:00 AM,2,0,0,36.085770,-86.700770,STATE HWY 255,,,,184.00,Feet,East,-- UNKNOWN RAMP/ROAD --,,,,0.00,N,Not at Intersection,N,Non-Junction,None,,,         ,Justin,Wells,Clear,Rear to Rear,no,no,no,no,yes,False
103096502,METROPOLITAN NASHVILLE POLICE DEPT,20210499657,Davidson,Nashville,9/23/2021 9:25:00 AM,2,0,0,36.148310,-86.682680,CENTURY BLVD,,,,380.00,Feet,East,MCGAVOCK PKE,,,,0.00,N,Not at Intersection,N,Non-Junction,None,,,         ,Patrick,Lancaster,,Angle,no,no,no,no,no,False
103096522,METROPOLITAN NASHVILLE POLICE DEPT,20210499668,Davidson,Nashville,9/23/2021 9:36:00 AM,2,0,0,36.055090,-86.731890,MCMURRAY DR,,,,0.00,,,ASHLEY DR,,,,0.00,Y,Four-Way,N,Intersection,None,,,         ,Earl,Davis,Clear,Angle,no,no,no,no,no,False
103096526,METROPOLITAN NASHVILLE POLICE DEPT,20210499645,Davidson,Nashville,9/23/2021 8:40:00 AM,3,0,0,36.090330,-86.626500,SMITH SPRINGS RD,,,,0.00,,,BELL RD,,,,0.00,Y,Four-Way,N,Intersection,None,,,         ,Michael,Brooks,Clear,Front to Rear,no,no,no,no,no,False
103096528,METROPOLITAN NASHVILLE POLICE DEPT,20210499727,Davidson,Nashville,9/23/2021 9:00:00 AM,2,0,0,36.100040,-86.739660,NOLENSVILLE PKE,,,,67.00,Feet,North,ELGIN ST,,,,0.00,N,Not at Intersection,N,Non-Junction,None,,,         ,Charles,Wakefield,Clear,Front to Rear,no,no,no,no,yes,False
103096536,METROPOLITAN NASHVILLE POLICE DEPT,20210499712,Davidson,Nashville,9/23/2021 10:03:00 AM,2,1,0,36.145480,-86.821980,I 440,,,,0.00,,,,,,,0.00,,Not at Intersection,N,Non-Junction,None,,,         ,Cecelia,Brown,Clear,Angle,no,no,no,no,yes,False
103096539,METROPOLITAN NASHVILLE POLICE DEPT,20210499794,Davidson,Nashville,9/23/2021 11:03:00 AM,2,0,0,36.134290,-86.776350,WEDGEWOOD AV,,,,80.00,Feet,North,I65 S ENT RAMP,,,,0.00,N,Not at Intersection, ,,None,,,         ,Earl,Davis,,,no,no,no,no,no,False
103096568,METROPOLITAN NASHVILLE POLICE DEPT,20210499478,Davidson,Nashville,9/23/2021 7:41:00 AM,2,1,0,36.141320,-86.665460,I 40,,,,0.00,,,,,,,269.70,N,Not at Intersection,N,Non-Junction,None,,,         ,Terry,Denton,,Front to Rear,no,no,no,no,no,False
103096579,METROPOLITAN NASHVILLE POLICE DEPT,20210499884,Davidson,Nashville,9/23/2021 11:40:00 AM,2,0,0,36.152440,-86.843500,47TH AVN,,,,103.00,Feet,North,CHARLOTTE AV,,,,0.00,N,Not at Intersection, ,Non-Junction,None,,,         ,Douglas,Atwood,Clear,Other,no,no,no,yes,yes,False
103096600,METROPOLITAN NASHVILLE POLICE DEPT,20210499867,Davidson,Nashville,9/23/2021 11:53:00 AM,2,1,0,36.157010,-86.800960,19TH AVN,,,,50.00,Feet,North,CARTWRIGHT ST,,,,0.00,N,Not at Intersection,N,Non-Junction,None,,,         ,Earl,Davis,Clear,Front to Rear,no,no,no,no,yes,False
103096632,METROPOLITAN NASHVILLE POLICE DEPT,20210499890,Davidson,Nashville,9/23/2021 12:05:00 PM,1,0,0,36.076700,-86.694160,I 24,,,,0.00,,,,,,,56.45,N,Not at Intersection, ,Non-Junction,None,,,         ,Blake,Langford,Clear,Not Collision with Motor Vehicle in Transport,no,no,no,no,no,False
103096633,METROPOLITAN NASHVILLE POLICE DEPT,20210499865,Davidson,Nashville,9/23/2021 12:00:00 AM,1,1,0,36.176630,-86.755520,MCFERRIN AV,,,,3.00,Feet,North,MAIN ST,,,,0.00,N,Not at Intersection,N,Non-Junction,None,,,         ,Matthew,Herod,Clear,Not Collision with Motor Vehicle in Transport,no,no,no,no,no,False
103096648,METROPOLITAN NASHVILLE POLICE DEPT,20210499854,Davidson,Not in City Limit,9/23/2021 11:34:00 AM,2,0,0,36.079040,-86.952400,HIGHWAY 70S,,,,381.00,Feet,East,COLEY DAVIS RD,,,,0.00,N,Not at Intersection,N,Non-Junction,None,,,         ,Jack,Crouch,Clear,HeadOn,no,no,no,yes,yes,False
103096658,METROPOLITAN NASHVILLE POLICE DEPT,20210499998,Davidson,Nashville,9/23/2021 1:19:00 PM,1,0,0,36.081240,-86.752740,HARDING PL,,,,350.00,Feet,West,WAUFORD DR,,,,0.00,N,Not at Intersection,N,Non-Junction,None,,,         ,Earl,Davis,Clear,Not Collision with Motor Vehicle in Transport,no,no,no,no,yes,False
103096674,METROPOLITAN NASHVILLE POLICE DEPT,20210499878,Davidson,Nashville,9/23/2021 11:57:00 AM,2,0,0,36.149670,-86.859930,OCEOLA AV,,,,0.00,,,CHARLOTTE PKE,,,,0.00,Y,T-Intersection,N,Intersection,None,,,         ,laina,herod,Clear,"Sideswipe, Same Direction",no,no,no,no,no,False
103096679,METROPOLITAN NASHVILLE POLICE DEPT,20210500005,Davidson,Nashville,9/23/2021 1:22:00 PM,2,0,0,36.244520,-86.722460,LAKEWOOD DR,,,,0.00,,,GALLATIN PKES,,,,0.00,Y,T-Intersection, ,Intersection,None,,,         ,Christopher,Littles,Clear,Angle,no,no,no,no,no,False
103096680,METROPOLITAN NASHVILLE POLICE DEPT,20210500029,Davidson,Nashville,9/23/2021 12:25:00 PM,2,0,0,36.241970,-86.757130,BRILEY PKWY W ENT RAMP,,,,0.00,,,DICKERSON PKE ENT RAMP,,,,0.00,Y,Four-Way,N,Intersection,None,,,         ,Christopher,Littles,Clear,Front to Rear,no,no,no,no,yes,False
103096689,METROPOLITAN NASHVILLE POLICE DEPT,20210499948,Davidson,Nashville,9/23/2021 12:45:00 PM,2,0,0,36.142180,-86.711370,I 40,,,,0.00,,,,,,,214.10,N,Not at Intersection,N,Non-Junction,None,,,         ,Michael,Brooks,Clear,"Sideswipe, Same Direction",no,no,no,no,no,False
103096695,METROPOLITAN NASHVILLE POLICE DEPT,20210499987,Davidson,Antioch,9/23/2021 12:59:00 PM,2,0,0,36.047840,-86.612050,MURFREESBORO PKE,,,,0.00,,,MOUNTAIN SPRINGS RD,,,,0.00,Y,Four-Way,N,Non-Junction,None,,,         ,Steven,Williams,Clear,Angle,no,no,no,no,yes,False
103096700,METROPOLITAN NASHVILLE POLICE DEPT,20210499919,Davidson,Nashville,9/23/2021 12:05:00 PM,2,0,0,36.071550,-86.691010,I 24,,,,0.00,,,,,,,56.85,N,Not at Intersection,N,Non-Junction,None,,,         ,Blake,Langford,Clear,Front to Rear,no,no,no,no,yes,False
103096701,METROPOLITAN NASHVILLE POLICE DEPT,20210499903,Davidson,Nashville,9/23/2021 12:20:00 PM,2,1,0,36.152260,-86.840300,CHARLOTTE AV,,,,179.00,Feet,East,45TH AVN,,,,0.00,N,Not at Intersection,N,Non-Junction,None,,,         ,Douglas,Atwood,Clear,Angle,no,no,no,no,no,False
103096702,METROPOLITAN NASHVILLE POLICE DEPT,20210500035,Davidson,Nashville,9/23/2021 1:38:00 PM,2,0,0,36.120330,-86.775100,FRANKLIN PKE,,,,0.00,Feet,East,GALE LN,,,,0.00,N,Not at Intersection,N,Non-Junction,None,,,         ,Nicholas,Smith,Clear,Angle,no,no,no,no,yes,False
103096703,METROPOLITAN NASHVILLE POLICE DEPT,20210500020,Davidson,Nashville,9/23/2021 1:36:00 PM,2,0,0,36.141370,-86.732160,I 40,,,,0.00,,,,,,,212.80,N,Not at Intersection,N,Non-Junction,None,,,         ,Terry,Denton,,Unknown,no,no,no,no,yes,False
103096737,METROPOLITAN NASHVILLE POLICE DEPT,20210499997,Davidson,Nashville,9/23/2021 1:18:00 PM,1,0,0,36.069640,-86.687400,I24 W ENT RAMP,,,,0.00,Feet,East,I 24,,,,0.00,N,Not at Intersection,Y,Entrance/Exit Ramp Related,None,,,         ,Stanley,Collins,Clear,Not Collision with Motor Vehicle in Transport,no,no,no,no,no,False
103096763,METROPOLITAN NASHVILLE POLICE DEPT,20210499929,Davidson,Nashville,9/23/2021 12:33:00 PM,2,1,0,36.086880,-86.696480,HARDING PL,,,,156.00,Feet,West,METROPLEX DR,,,,0.00,N,Not at Intersection,N,Non-Junction,None,,,         ,Tyler,Heckaman,Clear,Angle,no,no,no,no,no,False
103096768,METROPOLITAN NASHVILLE POLICE DEPT,20210500101,Davidson,Nashville,9/23/2021 1:57:00 PM,2,0,0,36.153520,-86.794960,WEST END AV,,,,191.00,Feet,West,17TH AVS,,,,0.00,N,Not at Intersection, ,"Driveway, Alley Access, etc",None,,,         ,Alex,Gibson,Clear,Angle,no,no,no,no,no,False
103096772,METROPOLITAN NASHVILLE POLICE DEPT,20210500145,Davidson,Nashville,9/23/2021 1:43:00 PM,2,1,0,36.047390,-86.626630,MT VIEW RD,,,,685.00,Feet,South,SANTI LN,,,,0.00,N,Not at Intersection,N,Non-Junction,None,,,         ,Nathaniel,Myers,Clear,Not Collision with Motor Vehicle in Transport,no,no,no,no,yes,False
103096775,METROPOLITAN NASHVILLE POLICE DEPT,20210500113,Davidson,Nashville,9/23/2021 2:25:00 PM,2,0,0,36.202250,-86.758110,CHEROKEE AV,,,,0.00,,,JONES AV,,,,0.00,Y,T-Intersection, ,Non-Junction,None,,,         ,Ciara,Doherty,Clear,Angle,no,no,no,no,no,False
103096776,METROPOLITAN NASHVILLE POLICE DEPT,20210500117,Davidson,Nashville,9/23/2021 2:49:00 PM,2,1,0,36.067540,-86.665070,RICHARDS RD,,,,0.00,,,DEBRA DR,,,,0.00,Y,Four-Way,N,Intersection,None,,,         ,Brian,Sherman,Clear,HeadOn,no,no,no,no,no,False
103096805,METROPOLITAN NASHVILLE POLICE DEPT,20210500199,Davidson,Nashville,9/23/2021 3:10:00 PM,2,0,0,36.150180,-86.699970,ELM HILL PKE,,,,70.00,Feet,East,ACORN DR,,,,0.00,N,Not at Intersection, ,Non-Junction,None,,,         ,Reagan,Heath,Clear,Front to Rear,no,no,no,no,no,False
103096811,METROPOLITAN NASHVILLE POLICE DEPT,20210499994,Davidson,Nashville,9/23/2021 1:16:00 PM,2,1,0,36.149500,-86.767160,2ND AVS,,,,193.00,Feet,North,CRENSHAW ST,,,,0.00,N,Not at Intersection,N,Non-Junction,None,,,         ,Tyler,Heckaman,Clear,"Sideswipe, Same Direction",no,no,no,no,yes,False
103096819,METROPOLITAN NASHVILLE POLICE DEPT,20210500202,Davidson,Nashville,9/23/2021 3:27:00 PM,1,0,0,36.090310,-86.771520,FRANKLIN PKE,,,,33.00,Feet,South,N CURTISWOOD LN,,,,0.00,N,Not at Intersection,N,Non-Junction,None,,,         ,Brady,Reynolds,Clear,Not Collision with Motor Vehicle in Transport,no,no,no,no,no,False
103096820,METROPOLITAN NASHVILLE POLICE DEPT,20210500246,Davidson,Nashville,9/23/2021 1:35:00 PM,2,0,0,36.080930,-86.718090,JONQUIL DR,,,,0.00,,,WELCH RD,,,,0.00,Y,Four-Way,N,Intersection,None,,,         ,Joseph,Hurst,Clear,Front to Rear,no,no,no,no,no,False
103096844,METROPOLITAN NASHVILLE POLICE DEPT,20210500255,Davidson,Nashville,9/23/2021 3:57:00 PM,2,1,0,36.143960,-86.722580,ELM HILL PKE,,,,2.00,Feet,West,SPENCE LN,,,,0.00,N,Not at Intersection,N,Non-Junction,None,,,         ,Brandon,Chapman,Clear,"Sideswipe, Opposite Direction",no,no,no,no,no,False
103096850,METROPOLITAN NASHVILLE POLICE DEPT,20210500256,Davidson,Nashville,9/23/2021 2:55:00 PM,3,0,0,36.187320,-86.798450,ROSA L PARKS BLVD,,,,215.00,Feet,South,DOMINICAN DR,,,,0.00,N,Not at Intersection, ,Non-Junction,None,,,         ,Rachel,Susee,Clear,Angle,no,no,no,no,no,False
103096862,METROPOLITAN NASHVILLE POLICE DEPT,20210500356,Davidson,Nashville,9/23/2021 4:51:00 PM,2,1,0,36.049380,-86.626040,MT VIEW RD,,,,62.00,Feet,North,SANTI LN,,,,0.00,N,Not at Intersection,N,Non-Junction,None,,,         ,Joseph,Hurst,Clear,Front to Rear,no,no,no,no,yes,False
103096867,METROPOLITAN NASHVILLE POLICE DEPT,20210500316,Davidson,Nashville,9/23/2021 4:35:00 PM,2,0,0,36.173910,-86.647640,LEBANON PKE,,,,0.00,Feet,East,YMCA CNCTR,,,,0.00,N,Not at Intersection, ,Non-Junction,None,,,         ,Douglas,Mann,Clear,Front to Rear,no,no,no,no,no,False
103096870,METROPOLITAN NASHVILLE POLICE DEPT,20210500295,Davidson,Nashville,9/23/2021 4:15:00 PM,2,1,0,36.115320,-86.694810,MURFREESBORO PKE,,,,193.00,Feet,West,PINEWAY DR,,,,0.00,N,Not at Intersection,N,Non-Junction,None,,,         ,Charles,Agius,Clear,Angle,no,no,no,no,no,False
103096879,METROPOLITAN NASHVILLE POLICE DEPT,20210500343,Davidson,Nashville,9/23/2021 4:47:00 PM,2,1,0,36.133260,-86.726890,I24E,,,,72.00,Feet,East,I24 W EXT RAMP,,,,0.00,N,Not at Intersection,N,Entrance/Exit Ramp Related,None,,,         ,Garrett,Latham,Clear,Front to Rear,no,no,no,no,no,False
103096901,METROPOLITAN NASHVILLE POLICE DEPT,20210500373,Davidson,Nashville,9/23/2021 12:00:00 AM,2,1,0,36.185430,-86.636060,LEBANON PKE,,,,139.00,Feet,East,JACKSON DOWNS BLVD,,,,0.00,N,Not at Intersection,N,Non-Junction,None,,,         ,Keenan,McCann,Clear,Front to Rear,no,no,no,no,no,False
103096914,METROPOLITAN NASHVILLE POLICE DEPT,20210500285,Davidson,Nashville,9/23/2021 4:15:00 PM,2,1,0,36.119000,-86.772960,I65 N ENT RAMP,,,,0.00,Feet,East,I 65,,,,0.00,N,Not at Intersection,Y,Entrance/Exit Ramp Related,None,,,         ,Alex,Gibson,Clear,Angle,no,no,no,no,no,False
103096918,VANDERBILT UNIVERSITY POLICE,20210500102,Davidson,Nashville,9/23/2021 3:23:00 PM,2,0,0,36.137950,-86.804170,BLAKEMORE AV,,,,262.00,Feet,East,24TH AVS,,,,0.00,N,Not at Intersection, ,Non-Junction,None,,,         ,Joseph,Bishop,Clear,Unknown,no,no,no,yes,no,Campus
103096919,METROPOLITAN NASHVILLE POLICE DEPT,20210500334,Davidson,Nashville,9/23/2021 4:32:00 PM,2,0,0,36.201740,-86.739480,GALLATIN PIKE,,,,102.00,Feet,South,DOZIER PL,,,,0.00,N,Not at Intersection,N,Non-Junction,None,,,         ,Jamel,Griffin,Clear,Angle,no,no,no,no,no,False
103096921,METROPOLITAN NASHVILLE POLICE DEPT,20210500400,Davidson,Nashville,9/23/2021 4:45:00 PM,2,0,0,36.064710,-86.771160,I 65,,,,0.00,,,,,,,76.60,N,Not at Intersection, ,Non-Junction,None,,,         ,Dylan,Chambers,Clear,Front to Rear,no,no,no,no,no,False
103096924,METROPOLITAN NASHVILLE POLICE DEPT,20210500339,Davidson,Not in City Limit,9/23/2021 4:20:00 PM,2,0,0,36.258940,-86.787670,I 24,,,,0.00,,,,,,,41.95,N,Not at Intersection, ,,None,,,         ,Sean,Herman,,,no,no,no,no,no,False
103096930,METROPOLITAN NASHVILLE POLICE DEPT,20210500431,Davidson,Nashville,9/23/2021 5:42:00 PM,2,0,0,36.125580,-86.730760,I24 E ENT RAMP,,,,0.00,,,I 440,,,,0.00,Y,Y-Intersection,N,Non-Junction,None,,,         ,Joseph,Hurst,Clear,Front to Rear,no,no,no,no,no,False
103096936,METROPOLITAN NASHVILLE POLICE DEPT,20210500451,Davidson,Nashville,9/23/2021 4:45:00 PM,2,0,0,36.134280,-86.780570,WEDGEWOOD AV,,,,0.00,,,BEECH AV,,,,0.00,Y,Four-Way, ,Intersection,None,,,         ,Douglas,Sykes,Clear,Angle,no,no,no,no,no,False
103096941,METROPOLITAN NASHVILLE POLICE DEPT,20210500411,Davidson,Nashville,9/23/2021 12:00:00 AM,2,0,0,36.239650,-86.772590,BRILEY PKWYE,,,,133.00,Feet,East,BRILEY PKWYW,,,,0.00,N,Not at Intersection, ,,None,,,         ,Philip,Claibourne,,,no,no,no,no,no,False
103096947,METROPOLITAN NASHVILLE POLICE DEPT,20210500412,Davidson,Nashville,9/23/2021 4:41:00 PM,2,0,0,36.158320,-86.799340,CHARLOTTE AV,,,,95.00,Feet,West,FISK ST,,,,0.00,N,Not at Intersection, ,Non-Junction,None,,,         ,Nicholas,Hoffmann,Clear,Angle,no,no,no,no,no,False
103096961,METROPOLITAN NASHVILLE POLICE DEPT,20210500453,Davidson,Nashville,9/23/2021 6:02:00 PM,2,2,0,36.187070,-86.820020,CLARKSVILLE PKE,,,,446.00,Feet,West,26TH AVN,,,,0.00,N,Not at Intersection,N,Non-Junction,None,,,         ,Alec,Pellissier,Clear,Angle,no,no,no,no,no,False
103096970,METROPOLITAN NASHVILLE POLICE DEPT,20210500526,Davidson,Nashville,9/23/2021 6:53:00 PM,2,0,0,36.082900,-86.709780,HARDING PL,,,,227.00,Feet,East,TAMPA DR,,,,0.00,N,Not at Intersection,N,Non-Junction,None,,,         ,Joseph,Hurst,Clear,Front to Rear,no,no,no,no,no,False
103096978,METROPOLITAN NASHVILLE POLICE DEPT,20210500419,Davidson,Nashville,9/23/2021 12:00:00 AM,2,0,0,36.240050,-86.769520,BRILEY PKWYE,,,,1047.00,Feet,East,MOOREWOOD DR,,,,0.00,N,Not at Intersection, ,Non-Junction,None,,,         ,Thomas,Denenea,Clear,Front to Rear,no,no,no,no,no,False
103096989,METROPOLITAN NASHVILLE POLICE DEPT,20210500374,Davidson,Nashville,9/23/2021 5:04:00 PM,2,1,0,36.161020,-86.777200,BROADWAY,,,,0.00,,,4TH AVN,,,,0.00,Y,Four-Way,N,Non-Junction,None,,,         ,Trevor,Taylor,Clear,"Sideswipe, Same Direction",no,no,no,no,no,False
103097001,METROPOLITAN NASHVILLE POLICE DEPT,20210500539,Davidson,Nashville,9/23/2021 7:00:00 PM,2,1,0,36.145950,-86.666600,ROYAL PKWY,,,,0.00,,,DONELSON PKE,,,,0.00,Y,Four-Way,N,Non-Junction,None,,,         ,Brandon,Chapman,Clear,Front to Rear,no,no,no,no,no,False
103097003,METROPOLITAN NASHVILLE POLICE DEPT,20210500522,Davidson,Nashville,9/23/2021 6:34:00 PM,2,0,0,36.169230,-86.766380,I 24,,,,0.00,,,,,,,48.75,N,Not at Intersection, ,Non-Junction,None,,,         ,Tyler,Lewis,Clear,Angle,no,no,no,no,no,False
103097010,METROPOLITAN NASHVILLE POLICE DEPT,20210500538,Davidson,Nashville,9/23/2021 5:35:00 PM,2,0,0,36.078690,-86.772920,FRANKLIN PKE,,,,36.00,Feet,North,LAMBERT DR,,,,0.00,N,Not at Intersection, ,,None,,,         ,Dylan,Chambers,,,no,no,no,no,no,False
103097017,METROPOLITAN NASHVILLE POLICE DEPT,20210500593,Davidson,Nashville,9/23/2021 7:35:00 PM,2,0,0,36.145600,-86.696340,I40 W ENT RAMP,,,,0.00,Feet,East,BRILEY PKWY S EXT RAMP,,,,0.00,N,Not at Intersection, ,Non-Junction,None,,,         ,Reagan,Heath,Clear,Unknown,no,no,no,no,no,False
103097019,METROPOLITAN NASHVILLE POLICE DEPT,20210500515,Davidson,Nashville,9/23/2021 6:35:00 PM,3,0,0,36.170400,-86.768450,INTERSTATE DR,,,,0.00,Feet,,WOODLAND ST,,,,0.00,Y,Four-Way,N,Intersection,None,,,         ,Charles,Agius,Clear,Angle,no,no,no,no,no,False
103097027,METROPOLITAN NASHVILLE POLICE DEPT,20210500553,Davidson,Nashville,9/23/2021 7:00:00 PM,2,0,0,36.177140,-86.745990,WOODLAND ST,,,,64.00,Feet,West,S 14TH ST,,,,0.00,N,Not at Intersection, ,Non-Junction,None,,,         ,Kyle,Kinsman,Clear,Angle,no,no,no,no,no,False
103097048,METROPOLITAN NASHVILLE POLICE DEPT,20210500556,Davidson,Nashville,9/23/2021 5:20:00 PM,2,0,0,36.195870,-86.752350,ELLINGTON PKWYN,,,,305.00,Feet,South,BLUE RIDGE DR,,,,0.00,N,Not at Intersection,N,Non-Junction,None,,,         ,Cooper,HIll,Clear,Front to Rear,no,no,no,no,yes,False
103097056,METROPOLITAN NASHVILLE POLICE DEPT,20210500647,Davidson,Nashville,9/23/2021 7:52:00 PM,2,0,0,36.053750,-86.714340,BREWER DR,,,,174.00,Feet,West,RAYWOOD LN,,,,0.00,N,Not at Intersection,N,Non-Junction,None,,,         ,Joseph,Hurst,Clear,Angle,no,no,no,no,yes,False
103097072,METROPOLITAN NASHVILLE POLICE DEPT,20210500563,Davidson,Not in City Limit,9/23/2021 7:14:00 PM,2,0,0,36.321980,-86.906460,DOUGLAS RD,,,,2.00,Feet,North,CLARKSVILLE PKE,,,,0.00,N,Not at Intersection,N,Non-Junction,None,,,         ,Michael,Suagua,Clear,Front to Rear,no,no,no,no,no,False
103097096,METROPOLITAN NASHVILLE POLICE DEPT,20210500572,Davidson,Nashville,9/23/2021 7:00:00 PM,2,1,0,36.159380,-86.780990,7TH AVS,,,,0.00,,,BROADWAY,,,,0.00,Y,Four-Way,N,Non-Junction,None,,,         ,Michael,Foster,Clear,Angle,no,no,no,no,no,False
103097103,METROPOLITAN NASHVILLE POLICE DEPT,20210500599,Davidson,Nashville,9/23/2021 7:42:00 PM,2,0,0,36.195970,-86.619620,OLD HICKORY BLVD,,,,136.00,Feet,North,LEBANON PKE EB EXT RAMP,,,,0.00,N,Not at Intersection, ,Non-Junction,None,,,         ,Jeffrey,Palomino-Gonzalez,Clear,"Sideswipe, Same Direction",no,no,no,no,no,False
103097110,METROPOLITAN NASHVILLE POLICE DEPT,20210500732,Davidson,Nashville,9/23/2021 8:32:00 PM,2,0,0,36.090960,-86.701420,METROPLEX DR,,,,278.00,Feet,North,PARAGON MILLS RD,,,,0.00,N,Not at Intersection,N,Non-Junction,None,,,         ,Joseph,Hurst,Clear,Front to Rear,no,no,no,no,yes,False
103097111,METROPOLITAN NASHVILLE POLICE DEPT,20210500764,Davidson,Nashville,9/23/2021 8:57:00 PM,2,0,0,36.144150,-86.692040,I40 W EXT RAMP,,,,0.00,Feet,East,I 40,,,,0.00,N,Not at Intersection,N,Non-Junction,None,,,         ,Brandon,Chapman,Clear,"Sideswipe, Same Direction",no,no,no,no,no,False