master_record_number,agency,agency_tracking_number,county,city,collision_date,vehicles_involved,number_injured,number_dead,latitude,longitude,roadway_name,roadway_suffix,roadway_number,roadway_local_id,distance_from_reference,miles-feet_indicator,direction_from_reference,intersection_road_name,intersection_road_name_suffix,intersection_road_number,intersection_local_id,mile_marker,intersection_indicator,intersect_type,interchange_related_indicator,relation_to_junction,work_zone_type,construction_maintenance_zone,construction_maintenance_zone_location,fatal_case_number,officer_first_name,officer_last_name,weather_condition(s),manner_of_crash,pedestrian,bicycle,scooter,parking,hitrun,mou
103097114,METROPOLITAN NASHVILLE POLICE DEPT,20210500693,Davidson,Nashville,9/23/2021 7:05:00 PM,2,1,0,36.134340,-86.776340,I65 S EXT RAMP,,,,0.00,Feet,,WEDGEWOOD AV,,,,0.00,Y,T-Intersection,N,Entrance/Exit Ramp Related,Work Zone,Work On Shoulder Or Median,Activity Area,         ,Alex,Gibson,Clear,Front to Rear,no,no,no,no,yes,False
103097119,METROPOLITAN NASHVILLE POLICE DEPT,20210500655,Davidson,Nashville,9/23/2021 8:20:00 PM,2,0,0,36.163320,-86.824760,32ND AVN,,,,60.00,Feet,South,ALBION ST,,,,0.00,N,Not at Intersection,N,Non-Junction,None,,,         ,Michael,Intrieri,Clear,Other,no,no,no,no,no,False
103097121,METROPOLITAN NASHVILLE POLICE DEPT,20210500787,Davidson,Nashville,9/23/2021 8:40:00 PM,1,0,0,36.118960,-86.740460,JAY ST,,,,133.00,Feet,East,MILLER ST,,,,0.00,N,Not at Intersection,N,Non-Junction,None,,,         ,Garrett,Latham,Clear,Not Collision with Motor Vehicle in Transport,no,no,no,no,yes,False
103097122,METROPOLITAN NASHVILLE POLICE DEPT,20210500712,Davidson,Nashville,9/23/2021 8:55:00 PM,2,1,0,36.205020,-86.756280,E TRINITY LN,,,,397.00,Feet,East,JONES AV,,,,0.00,N,Not at Intersection,N,Non-Junction,None,,,         ,Cooper,HIll,Clear,Angle,no,no,no,no,no,False
103097201,METROPOLITAN NASHVILLE POLICE DEPT,20210500662,Davidson,Nashville,9/23/2021 8:25:00 PM,2,1,0,36.155010,-86.627110,STEWARTS FERRY PKE,,,,0.00,Feet,,I40 E ENT RAMP,,,,0.00,Y,T-Intersection,N,Intersection,None,,,         ,Mary,Robinson,,Angle,no,no,no,no,yes,False
103097235,METROPOLITAN NASHVILLE POLICE DEPT,20210500850,Davidson,Nashville,9/23/2021 9:31:00 PM,1,0,0,36.228550,-86.772720,I 65,,,,0.00,,,,,,,88.85,N,Not at Intersection, ,Non-Junction,None,,,         ,Derrick,Toney,Clear,Not Collision with Motor Vehicle in Transport,no,no,no,no,no,False
103097244,METROPOLITAN NASHVILLE POLICE DEPT,20210500905,Davidson,Nashville,9/23/2021 11:15:00 PM,2,0,0,36.145950,-86.666600,ROYAL PKWY,,,,0.00,Feet,,DONELSON PKE,,,,0.00,Y,Four-Way,N,Intersection,None,,,         ,Bryson,Wilkins,,Angle,no,no,no,no,no,False
103097252,METROPOLITAN NASHVILLE POLICE DEPT,20210500833,Davidson,Nashville,9/23/2021 10:38:00 PM,1,1,0,36.112270,-86.713780,DRUMMOND DR,,,,40.00,Feet,East,CARLYLE PL,,,,0.00,N,Not at Intersection,N,Non-Junction,None,,,         ,Garrett,Latham,Clear,Not Collision with Motor Vehicle in Transport,no,no,no,no,no,False
103097265,METROPOLITAN NASHVILLE POLICE DEPT,20210500889,Davidson,Nashville,9/23/2021 11:07:00 PM,2,2,0,36.148660,-86.775480,I 40,,,,0.00,,,,,,,210.00,N,Not at Intersection,Y,Non-Junction,None,,,         ,Jacob,Robbins,Clear,Front to Rear,no,no,no,no,no,False
103097266,METROPOLITAN NASHVILLE POLICE DEPT,20210500432,Davidson,Nashville,9/23/2021 5:46:00 PM,3,3,0,36.239400,-86.753480,I65 N EXT RAMP,,,,0.00,Feet,East,I 65,,,,0.00,N,Not at Intersection,N,Non-Junction,None,,,         ,Reginald,Pierre-Paul,Clear,Front to Rear,no,no,no,no,no,False
103097270,METROPOLITAN NASHVILLE POLICE DEPT,20210501155,Davidson,Nashville,9/24/2021 1:45:00 AM,2,1,0,36.092370,-86.705220,I 24,,,,0.00,,,,,,,55.20,N,Not at Intersection,N,Non-Junction,None,,,         ,Eric,Laury,Clear,Front to Rear,no,no,no,no,yes,False
103097286,METROPOLITAN NASHVILLE POLICE DEPT,20210501260,Davidson,Nashville,9/24/2021 2:14:00 AM,2,0,0,36.139330,-86.761230,CARNEY ST,,,,85.00,Feet,West,2ND AVS,,,,0.00,N,Not at Intersection, ,OtherLocation,None,,,         ,Garrett,Reingardt,Clear,"Sideswipe, Same Direction",no,no,no,no,no,False
103097289,METROPOLITAN NASHVILLE POLICE DEPT,20210501245,Davidson,Nashville,9/24/2021 2:59:00 AM,2,1,0,36.096100,-86.763160,I 65,,,,0.00,,,,,,,78.80,N,Not at Intersection,N,Non-Junction,None,,,         ,Thomas,Vasquez,Clear,Front to Rear,no,no,no,no,no,False
103097290,METROPOLITAN NASHVILLE POLICE DEPT,20210501136,Davidson,Nashville,9/23/2021 11:57:00 PM,2,0,0,36.071640,-86.654130,JOHNSON PASS DR,,,,107.00,Feet,North,PEBBLE CREEK DR,,,,0.00,N,Not at Intersection, ,Non-Junction,None,,,         ,Rico,Hunt,Clear,"Sideswipe, Opposite Direction",no,no,no,no,no,False
103097297,METROPOLITAN NASHVILLE POLICE DEPT,20210501247,Davidson,Nashville,9/24/2021 2:47:00 AM,1,1,0,36.070300,-86.702130,HAYWOOD LN,,,,154.00,Feet,West,HAYWOOD CT,,,,0.00,N,Not at Intersection,N,Non-Junction,None,,,         ,Eric,Laury,Clear,Not Collision with Motor Vehicle in Transport,no,no,no,no,no,False
103097391,METROPOLITAN NASHVILLE POLICE DEPT,20210501512,Davidson,Antioch,9/24/2021 7:27:00 AM,2,1,0,36.047840,-86.612050,MURFREESBORO PKE,,,,0.00,,,MOUNTAIN SPRINGS RD,,,,0.00,Y,Four-Way,N,Non-Junction,None,,,         ,Steven,Williams,Clear,Front to Rear,no,no,no,no,yes,False
103097402,METROPOLITAN NASHVILLE POLICE DEPT,20210501497,Davidson,Nashville,9/24/2021 7:11:00 AM,2,3,0,36.153630,-86.753610,HERMITAGE AV,,,,0.00,,,DECATUR AV,,,,0.00,Y,T-Intersection,N,Intersection,None,,,         ,Jason,Kedzierski,Clear,Angle,no,no,no,no,no,False
103097431,METROPOLITAN NASHVILLE POLICE DEPT,20210501542,Davidson,Nashville,9/24/2021 7:48:00 AM,3,0,0,36.255810,-86.709600,NEELYS BEND RD,,,,0.00,,,WALNUT ST,,,,0.00,Y,T-Intersection, ,Intersection,None,,,         ,Christopher,Littles,Fog,Angle,no,no,no,no,no,False
103097432,METROPOLITAN NASHVILLE POLICE DEPT,20210501593,Davidson,Nashville,9/24/2021 8:26:00 AM,2,0,0,36.233360,-86.770730,SKYLINE VILLAGE PVTDR,,,,385.00,Feet,North,CREEKWOOD DR,,,,0.00,N,Not at Intersection, ,OtherLocation,None,,,         ,Christopher,Littles,Clear,Rear to Rear,no,no,no,yes,no,False
103097454,METROPOLITAN NASHVILLE POLICE DEPT,20210499924,Davidson,Not in City Limit,9/23/2021 12:30:00 PM,2,0,0,36.023130,-86.649310,OHARA DR,,,,72.00,Feet,South,HEARTHSIDE WAY,,,,0.00,N,Not at Intersection,N,Non-Junction,None,,,         ,Zacarias,Brito Jr.,Clear,"Sideswipe, Same Direction",no,no,no,no,yes,False
103097455,METROPOLITAN NASHVILLE POLICE DEPT,20210501460,Davidson,Not in City Limit,9/24/2021 6:38:00 AM,2,1,0,36.328110,-86.893550,I 24,,,,0.00,,,,,,,33.55,N,Not at Intersection,N,Non-Junction,None,,,         ,Jeanine,Sarno,Clear,"Sideswipe, Same Direction",no,no,no,no,yes,False
103097457,METROPOLITAN NASHVILLE POLICE DEPT,20210501618,Davidson,Nashville,9/24/2021 8:42:00 AM,2,0,0,36.148640,-86.799080,BROADWAY,,,,0.00,,,DIVISION ST,,,,0.00,Y,T-Intersection, ,,None,,,         ,Earl,Davis,,,no,no,no,no,no,Campus
103097460,METROPOLITAN NASHVILLE POLICE DEPT,20210501521,Davidson,Nashville,9/24/2021 7:34:00 AM,2,0,0,36.186350,-86.582390,N NEW HOPE RD,,,,795.00,Feet,South,LANDINGS WAY,,,,0.00,N,Not at Intersection, ,,None,,,         ,John,Chambers,,,no,no,no,no,no,False
103097463,METROPOLITAN NASHVILLE POLICE DEPT,20210501664,Davidson,Nashville,9/24/2021 8:36:00 AM,2,0,0,36.168740,-86.783760,JAMES ROBERTSON PKWY,,,,0.00,Feet,,5TH AVN,,,,0.00,Y,Four-Way,N,Intersection-Related,None,,,         ,Benny,Pittman,Clear,Angle,no,no,no,no,yes,False
103097471,METROPOLITAN NASHVILLE POLICE DEPT,20210501550,Davidson,Nashville,9/24/2021 7:57:00 AM,6,0,0,36.209280,-86.776160,I65 S EXT RAMP,,,,0.00,Feet,East,I 65,,,,0.00,N,Not at Intersection, ,Non-Junction,None,,,         ,Paxton,Montgomery,Clear,Front to Rear,no,no,no,no,yes,False
103097472,Nashville Airport Police,2021-03632,Davidson,Nashville,9/23/2021 12:47:00 PM,2,0,0,36.133400,-86.665080,TERMINAL DR,,,,75.00,Feet,South,BNA DR,,,,0.00,N,Not at Intersection, ,Non-Junction,None,,,         ,Nathan,Holt,Clear,"Sideswipe, Same Direction",no,no,no,no,no,False
103097506,METROPOLITAN NASHVILLE POLICE DEPT,20210501562,Davidson,Nashville,9/24/2021 8:02:00 AM,2,0,0,36.148440,-86.849720,52ND AVN,,,,0.00,Feet,South,NEVADA AV,,,,0.00,N,Not at Intersection,N,Non-Junction,None,,,         ,Robert,Allen,Clear,Angle,no,no,no,no,no,False
103097517,METROPOLITAN NASHVILLE POLICE DEPT,20210501653,Davidson,Nashville,9/24/2021 8:44:00 AM,2,0,0,36.152340,-86.793300,17TH AVS,,,,80.00,Feet,North,DIVISION ST,,,,0.00,N,Not at Intersection, ,,None,,,         ,Earl,Davis,,,no,no,no,no,no,False
103097520,METROPOLITAN NASHVILLE POLICE DEPT,20210499860,Davidson,Not in City Limit,9/23/2021 11:40:00 AM,1,0,0,36.021570,-86.649230,OHARA DR,,,,136.00,Feet,North,ANNALEE DR,,,,0.00,N,Not at Intersection,N,Non-Junction,None,,,         ,Zacarias,Brito Jr.,Clear,Not Collision with Motor Vehicle in Transport,no,no,no,no,yes,False
103097522,METROPOLITAN NASHVILLE POLICE DEPT,20210501600,Davidson,Nashville,9/24/2021 7:50:00 AM,2,0,0,36.118840,-86.719920,WIMPOLE DR,,,,379.00,Feet,West,EAST THOMPSON LN,,,,0.00,N,Not at Intersection,N,Non-Junction,None,,,         ,Dillon,Deleacaes,Clear,"Sideswipe, Opposite Direction",no,no,no,no,yes,False
103097527,METROPOLITAN NASHVILLE POLICE DEPT,20210501686,Davidson,Nashville,9/24/2021 9:00:00 AM,2,0,0,36.139480,-86.722950,SPENCE LN,,,,132.00,Feet,South,CORNELIA CT,,,,0.00,N,Not at Intersection, ,Non-Junction,None,,,         ,Todd,Watson,Clear,Front to Rear,no,no,no,no,no,False
103097531,METROPOLITAN NASHVILLE POLICE DEPT,20210501766,Davidson,Nashville,9/24/2021 10:06:00 AM,1,1,0,36.153790,-86.794410,WEST END AV,,,,0.00,,,17TH AVS,,,,0.00,Y,Four-Way,N,Intersection-Related,None,,,         ,Earl,Davis,Clear,Not Collision with Motor Vehicle in Transport,no,no,no,no,yes,False
103097539,METROPOLITAN NASHVILLE POLICE DEPT,20210501547,Davidson,Nashville,9/24/2021 7:54:00 AM,1,0,0,36.038140,-86.658270,CANE RIDGE RD,,,,408.00,Feet,South,MOUNTAINHIGH DR,,,,0.00,N,Not at Intersection, ,,Construction Zone,,,         ,Robert,Higgins,,,no,no,no,no,no,False
103097541,METROPOLITAN NASHVILLE POLICE DEPT,20210501456,Davidson,Nashville,9/24/2021 6:39:00 AM,2,0,0,36.159000,-86.760460,I 24,,,,0.00,,,,,,,49.70,N,Not at Intersection, ,Non-Junction,None,,,         ,Michael,Overberg,Clear,Front to Rear,no,no,no,no,yes,False
103097547,METROPOLITAN NASHVILLE POLICE DEPT,20210499818,Davidson,Nashville,9/23/2021 10:53:00 AM,3,0,0,36.199820,-86.619090,LEBANON PKE,,,,134.00,Feet,North,LEBANON PKE WB EXT RAMP,,,,0.00,N,Not at Intersection,N,Non-Junction,None,,,         ,James,McGill,Clear,Front to Rear,no,no,no,no,no,False
103097580,VANDERBILT UNIVERSITY POLICE,20210501588,Davidson,Nashville,9/24/2021 6:45:00 AM,1,0,0,36.110620,-86.762970,THOMPSON LN,,,,0.00,,,,,,,0.00,,Not at Intersection, ,Non-Junction,None,,,         ,Austin,Worrell,Fog,Not Collision with Motor Vehicle in Transport,no,no,no,yes,no,False
103097591,METROPOLITAN NASHVILLE POLICE DEPT,20210501802,Davidson,Nashville,9/24/2021 10:05:00 AM,2,0,0,36.134280,-86.779090,WEDGEWOOD AV,,,,0.00,Feet,,8TH AVS,,,,0.00,Y,Four-Way,N,Intersection-Related,None,,,         ,Jonathan,Hadley,Clear,"Sideswipe, Same Direction",no,no,no,no,yes,False
103097592,METROPOLITAN NASHVILLE POLICE DEPT,20210501862,Davidson,Nashville,9/24/2021 9:34:00 AM,2,0,0,36.193220,-86.750580,DOUGLAS AV,,,,298.00,Feet,East,CLINE AV,,,,0.00,N,Not at Intersection, ,,None,,,         ,Joseph,Progar,,,no,no,no,no,no,False
103097626,METROPOLITAN NASHVILLE POLICE DEPT,20210501885,Davidson,Nashville,9/24/2021 11:13:00 AM,2,0,0,36.219880,-86.774340,I 65,,,,0.00,,,,,,,88.25,N,Not at Intersection,N,Non-Junction,None,,,         ,Steven,Meador,Clear,Front to Rear,no,no,no,no,no,False
103097632,METROPOLITAN NASHVILLE POLICE DEPT,20210501986,Davidson,Not in City Limit,9/24/2021 12:00:00 PM,2,1,0,36.027780,-87.009050,HIGHWAY 100,,,,419.00,Feet,East,OLD HARDING PKE,,,,0.00,N,Not at Intersection,N,Non-Junction,None,,,         ,Wesley,Tilley,Clear,Front to Rear,no,no,no,no,no,False
103097634,METROPOLITAN NASHVILLE POLICE DEPT,20210501809,Davidson,Nashville,9/24/2021 10:20:00 AM,2,0,0,36.123940,-86.846670,WOODMONT BLVD,,,,0.00,Feet,,ROYAL OAKS CONDOS PVTDR,,,,0.00,Y,Four-Way,N,Non-Junction,None,,,         ,laina,herod,Clear,Angle,no,no,no,no,yes,False
103097659,METROPOLITAN NASHVILLE POLICE DEPT,20210501999,Davidson,Nashville,9/24/2021 12:16:00 PM,2,0,0,36.106540,-86.764560,POWELL AV,,,,0.00,,,POWELL PL,,,,0.00,Y,Four-Way,N,Intersection,None,,,         ,Cecelia,Brown,Clear,Angle,no,no,no,no,no,False
103097685,METROPOLITAN NASHVILLE POLICE DEPT,20210501946,Davidson,Nashville,9/24/2021 11:47:00 AM,2,0,0,36.211230,-86.775880,I 65,,,,0.00,,,,,,,87.65,N,Not at Intersection,N,Non-Junction,None,,,         ,James,Wray,Clear,Front to Rear,no,no,no,no,no,False
103097694,METROPOLITAN NASHVILLE POLICE DEPT,20210501976,Davidson,Nashville,9/24/2021 12:00:00 PM,3,1,0,36.108250,-86.827730,ABBOTT MARTIN RD,,,,0.00,,,SUGARTREE PL,,,,0.00,Y,Four-Way,N,Intersection-Related,None,,,         ,Douglas,Atwood,Clear,Front to Rear,no,no,no,no,no,False
103097711,METROPOLITAN NASHVILLE POLICE DEPT,20210501787,Davidson,Nashville,9/24/2021 12:00:00 AM,1,1,0,36.205560,-86.763350,SULTANA AV,,,,13.00,Feet,North,E TRINITY LN,,,,0.00,N,Not at Intersection,N,Non-Junction,None,,,         ,Matthew,Herod,Clear,Not Collision with Motor Vehicle in Transport,yes,no,no,no,no,False
103097721,METROPOLITAN NASHVILLE POLICE DEPT,20210502131,Davidson,Nashville,9/24/2021 12:00:00 PM,2,0,0,36.154260,-86.833310,I 40,,,,0.00,,,,,,,205.25,N,Not at Intersection,N,Non-Junction,Unknown,,,         ,Earl,Davis,Unknown,"Sideswipe, Same Direction",no,no,no,no,yes,False
103097726,METROPOLITAN NASHVILLE POLICE DEPT,20210502095,Davidson,Nashville,9/24/2021 1:20:00 PM,2,0,0,36.194340,-86.687250,BRILEY PKWYN,,,,337.00,Feet,South,BRILEY PKWYS,,,,0.00,N,Not at Intersection, ,Non-Junction,None,,,         ,Patrick,Lancaster,Clear,Not Collision with Motor Vehicle in Transport,no,no,no,no,no,False
103097735,METROPOLITAN NASHVILLE POLICE DEPT,20210502123,Davidson,Nashville,9/24/2021 1:35:00 PM,2,0,0,36.117160,-86.725730,I 24,,,,0.00,,,,,,,53.10,N,Not at Intersection, ,Non-Junction,None,,,         ,Robert,Higgins,Clear,Front to Rear,no,no,no,no,no,False
103097737,METROPOLITAN NASHVILLE POLICE DEPT,20210501949,Davidson,Nashville,9/24/2021 11:45:00 AM,2,1,0,36.111060,-86.742950,FOSTER AV,,,,100.00,Feet,North,THOMPSON LN,,,,0.00,N,Not at Intersection,N,Non-Junction,None,,,         ,Dillon,Deleacaes,Clear,Angle,no,no,no,no,no,False
103097747,METROPOLITAN NASHVILLE POLICE DEPT,20210502085,Davidson,Old Hickory,9/24/2021 1:10:00 PM,2,0,0,36.255580,-86.653620,ROBINSON RD,,,,4.00,Feet,West,MERRITT ST,,,,0.00,N,Not at Intersection, ,Non-Junction,None,,,         ,Kaytlin,huyler,Clear,Front to Rear,no,no,no,no,no,False
103097767,METROPOLITAN NASHVILLE POLICE DEPT,20210502154,Davidson,Nashville,9/24/2021 1:45:00 PM,2,0,0,36.191870,-86.780970,I 65,,,,0.00,,,,,,,86.25,N,Not at Intersection,Y,Entrance/Exit Ramp Related,None,,,         ,Jaren,Breece,Clear,Front to Rear,no,no,no,no,no,False
103097790,METROPOLITAN NASHVILLE POLICE DEPT,20210502170,Davidson,Nashville,9/24/2021 1:50:00 PM,2,0,0,36.141380,-86.716230,I 40,,,,0.00,,,,,,,213.15,N,Not at Intersection, ,Non-Junction,None,,,         ,Todd,Watson,Clear,"Sideswipe, Same Direction",no,no,no,no,no,False
103097802,METROPOLITAN NASHVILLE POLICE DEPT,20210502218,Davidson,OTHER,9/24/2021 2:43:00 PM,2,0,0,36.050060,-86.606150,PIN HOOK RD,,,,0.00,,,GROVEDALE TRC,,,,0.00,Y,T-Intersection,N,Intersection,None,,,         ,Joseph,Hurst,Clear,Angle,no,no,no,no,no,False
103097812,METROPOLITAN NASHVILLE POLICE DEPT,20210502219,Davidson,Nashville,9/24/2021 2:27:00 PM,2,0,0,36.241960,-86.757080,DICKERSON PKE,,,,0.00,,,DICKERSON PKE ENT RAMP,,,,0.00,Y,Four-Way,N,Non-Junction,None,,,         ,Kyle,Eicholtz,,Angle,no,no,no,no,no,False
103097845,METROPOLITAN NASHVILLE POLICE DEPT,20210502271,Davidson,Nashville,9/24/2021 3:04:00 PM,3,0,0,36.145890,-86.777000,I 65,,,,0.00,,,,,,,82.25,N,Not at Intersection,N,Non-Junction,None,,,         ,Dakota,Davis,Clear,Front to Rear,no,no,no,no,no,False
103097850,METROPOLITAN NASHVILLE POLICE DEPT,20210502253,Davidson,Nashville,9/24/2021 1:49:00 PM,3,0,0,36.142650,-86.666870,DONELSON PKE,,,,0.00,,,,,,,0.00,,,N,Non-Junction,None,,,         ,Joseph,Simon,Clear,Rear to Rear,no,no,no,yes,yes,False
103097880,METROPOLITAN NASHVILLE POLICE DEPT,20210502318,Davidson,Nashville,9/24/2021 3:40:00 PM,2,0,0,36.148470,-86.866550,CHARLOTTE PKE,,,,280.00,Feet,East,EASTBORO DR,,,,0.00,N,Not at Intersection,N,Non-Junction,None,,,         ,Heather,Fox,Clear,Angle,no,no,no,no,yes,False
103097889,METROPOLITAN NASHVILLE POLICE DEPT,20210502304,Davidson,Nashville,9/24/2021 12:00:00 AM,2,1,0,36.228150,-86.759510,DICKERSON PKE,,,,453.00,Feet,South,BROADMOOR DR,,,,0.00,N,Not at Intersection,N,Non-Junction,None,,,         ,Esther,Poysti,Clear,Angle,no,no,no,yes,no,False
103097901,METROPOLITAN NASHVILLE POLICE DEPT,20210502324,Davidson,Nashville,9/24/2021 3:43:00 PM,2,1,0,36.045830,-86.684700,BELL RD,,,,265.00,Feet,South,BRENTRIDGE DR,,,,0.00,N,Not at Intersection,N,Non-Junction,None,,,         ,Matthew,Swindell,Clear,Front to Rear,no,no,no,no,no,False
103097929,METROPOLITAN NASHVILLE POLICE DEPT,20210502334,Davidson,Nashville,9/24/2021 3:30:00 PM,2,2,0,36.136390,-86.760590,NOLENSVILLE PKE,,,,0.00,,,MOORE AV,,,,0.00,Y,Four-Way,Y,Intersection,None,,,         ,Samuel,Sundra,Clear,Angle,no,no,no,no,no,False
103097935,GOODLETTSVILLE POLICE DEPT,21-26908,Davidson,Goodlettsville,9/24/2021 4:01:00 PM,2,1,0,36.308390,-86.704400,I 65,,,,0.00,,,,,,,95.85,N,Not at Intersection,N,Non-Junction,None,,,         ,Rico,Jones,Clear,"Sideswipe, Same Direction",no,no,no,no,no,False
103097942,METROPOLITAN NASHVILLE POLICE DEPT,20210502345,Davidson,Nashville,9/24/2021 4:03:00 PM,1,1,0,36.144820,-86.750690,MURFREESBORO PKE,,,,0.00,,,,,,,0.00,,,N,Non-Junction,None,,,         ,Joseph,Hurst,Clear,Not Collision with Motor Vehicle in Transport,no,no,no,no,no,False
103097956,GOODLETTSVILLE POLICE DEPT,21-26909,Davidson,Goodlettsville,9/24/2021 3:55:00 PM,2,0,0,36.326420,-86.700410,LONG HOLLOW PKE,,,,88.00,Feet,North,NORTHCREEK BLVD,,,,0.00,N,Not at Intersection,N,Non-Junction,None,,,         ,Hannah,Poole,Clear,Angle,no,no,no,no,no,False
103097966,METROPOLITAN NASHVILLE POLICE DEPT,20210502394,Davidson,Nashville,9/24/2021 4:40:00 PM,2,2,0,36.193660,-86.831220,CLARKSVILLE PKE,,,,0.00,Feet,,BUENA VISTA PKE,,,,0.00,Y,Four-Way,N,Intersection-Related,None,,,         ,Jackson,Sanders,Clear,Front to Rear,no,no,no,no,no,False
103097979,VANDERBILT UNIVERSITY POLICE,20210500280,Davidson,Nashville,9/24/2021 2:35:00 PM,2,0,0,36.141200,-86.800890,DIXIE PL,,,,0.00,,,,,,,0.00,,, ,,None,,,         ,James,McDaniel,,,no,no,no,yes,no,Campus
103097980,METROPOLITAN NASHVILLE POLICE DEPT,20210502328,Davidson,Not in City Limit,9/24/2021 3:47:00 PM,2,1,0,36.266000,-86.741390,PORT DR,,,,0.00,,,NESBITT LN,,,,0.00,Y,T-Intersection,N,Intersection,None,,,         ,Sean,Herman,,Angle,no,no,no,no,yes,False
103097985,GOODLETTSVILLE POLICE DEPT,21-26914,Davidson,Goodlettsville,9/24/2021 5:01:00 PM,2,0,0,36.319110,-86.702520,I 65,,,,0.00,,,,,,,96.60,N,Not at Intersection, ,Non-Junction,None,,,         ,Daniel,Knalls,Clear,"Sideswipe, Same Direction",no,no,no,no,yes,False
103097988,METROPOLITAN NASHVILLE POLICE DEPT,20210502397,Davidson,Nashville,9/24/2021 4:05:00 PM,2,0,0,36.133030,-86.726760,I 24,,,,0.00,,,,,,,52.10,N,Not at Intersection, ,,None,,,         ,Joseph,Hurst,,,no,no,no,no,no,False
103097996,METROPOLITAN NASHVILLE POLICE DEPT,20210502459,Davidson,Nashville,9/24/2021 5:23:00 PM,1,1,0,36.035460,-86.644300,I 24,,,,0.00,,,,,,,60.45,N,Not at Intersection,N,Non-Junction,None,,,         ,Joseph,Hurst,Clear,Not Collision with Motor Vehicle in Transport,no,no,no,no,no,False
103098018,METROPOLITAN NASHVILLE POLICE DEPT,20210502434,Davidson,Nashville,9/24/2021 5:05:00 PM,3,2,0,36.241650,-86.723290,GALLATIN PKES,,,,947.00,Feet,North,GALLATIN PKE,,,,0.00,N,Not at Intersection,N,Non-Junction,None,,,         ,Philip,Claibourne,Clear,Front to Rear,no,no,no,no,yes,False
103098026,METROPOLITAN NASHVILLE POLICE DEPT,20210502375,Davidson,Nashville,9/24/2021 4:29:00 PM,2,0,0,36.142570,-86.708240,I 40,,,,0.00,,,,,,,214.30,N,Not at Intersection,N,Non-Junction,None,,,         ,Rami,Rouhi,Clear,"Sideswipe, Same Direction",no,no,no,no,no,False
103098028,METROPOLITAN NASHVILLE POLICE DEPT,20210502478,Davidson,Nashville,9/24/2021 1:00:00 PM,2,0,0,36.165570,-86.825290,32ND AVN,,,,222.00,Feet,North,ALAMEDA ST,,,,0.00,N,Not at Intersection, ,Non-Junction,None,,,         ,Tre,Marlowe,Clear,Unknown,no,no,no,yes,yes,False
103098031,METROPOLITAN NASHVILLE POLICE DEPT,20210502420,Davidson,Not in City Limit,9/24/2021 4:15:00 PM,2,0,0,36.266310,-86.756800,DICKERSON PKE,,,,231.00,Feet,South,DARBYTOWN DR,,,,0.00,N,Not at Intersection,N,Non-Junction,None,,,         ,David,Harms,,Angle,no,no,no,no,no,False
103098035,METROPOLITAN NASHVILLE POLICE DEPT,20210502435,Davidson,Not in City Limit,9/24/2021 12:00:00 AM,2,0,0,36.078870,-86.948680,BELLEVUE CTR PVTDR,,,,0.00,Feet,East,HIGHWAY 70S,,,,0.00,N,Not at Intersection,N,Non-Junction,None,,,         ,Maria,Reynolds,Clear,Angle,no,no,no,yes,no,False
103098037,METROPOLITAN NASHVILLE POLICE DEPT,20210502442,Davidson,Madison,9/24/2021 3:45:00 PM,1,0,0,36.272830,-86.709990,GALLATIN PKEN,,,,0.00,,,,,,,0.00,,,N,Non-Junction,None,,,         ,Forrest,Punke,,Not Collision with Motor Vehicle in Transport,no,no,no,no,yes,False
103098038,METROPOLITAN NASHVILLE POLICE DEPT,20210502525,Davidson,Nashville,9/24/2021 6:25:00 PM,2,0,0,36.193270,-86.830590,CLARKSVILLE PKE,,,,232.00,Feet,East,BUENA VISTA PKE,,,,0.00,N,Not at Intersection,N,Non-Junction,None,,,         ,Michael,Intrieri,Clear,Other,no,no,no,no,no,False
103098043,METROPOLITAN NASHVILLE POLICE DEPT,20210502441,Davidson,Goodlettsville,9/24/2021 4:34:00 PM,3,0,0,36.293150,-86.702340,GALLATIN PKEN,,,,3.00,Feet,North,ALTA LOMA RD,,,,0.00,N,Not at Intersection,N,Non-Junction,None,,,         ,Austin,Bowles,,Front to Rear,no,no,no,no,no,False
103098059,METROPOLITAN NASHVILLE POLICE DEPT,20210502558,Davidson,Nashville,9/24/2021 2:16:00 PM,2,0,0,36.226310,-86.603190,SHUTE LN,,,,0.00,,,SAUNDERSVILLE RD,,,,0.00,Y,T-Intersection,N,Intersection,None,,,         ,Mary,Robinson,Clear,Angle,no,no,no,no,yes,False
103098064,METROPOLITAN NASHVILLE POLICE DEPT,20210502581,Davidson,Nashville,9/24/2021 4:30:00 PM,2,0,0,36.124110,-86.846820,WOODMONT BLVD,,,,76.00,Feet,North,ROYAL OAKS CONDOS PVTDR,,,,0.00,N,Not at Intersection,N,Non-Junction,None,,,         ,Heather,Fox,Clear,Angle,no,no,no,no,no,False