master_record_number,agency,agency_tracking_number,county,city,collision_date,vehicles_involved,number_injured,number_dead,latitude,longitude,roadway_name,roadway_suffix,roadway_number,roadway_local_id,distance_from_reference,miles-feet_indicator,direction_from_reference,intersection_road_name,intersection_road_name_suffix,intersection_road_number,intersection_local_id,mile_marker,intersection_indicator,intersect_type,interchange_related_indicator,relation_to_junction,work_zone_type,construction_maintenance_zone,construction_maintenance_zone_location,fatal_case_number,officer_first_name,officer_last_name,weather_condition(s),manner_of_crash,pedestrian,bicycle,scooter,parking,hitrun,mou
103100102,METROPOLITAN NASHVILLE POLICE DEPT,20210506516,Davidson,Not in City Limit,9/27/2021 8:12:00 AM,2,0,0,36.291570,-86.742510,OLD DICKERSON PKE,,,,679.00,Feet,South,CAMPBELL RD,,,,0.00,N,Not at Intersection,N,Non-Junction,None,,,         ,James,Gilliam,Clear,Angle,no,no,no,no,no,False
103100107,METROPOLITAN NASHVILLE POLICE DEPT,20210506385,Davidson,Nashville,9/27/2021 6:41:00 AM,2,0,0,36.149740,-86.747670,I 40,,,,0.00,,,,,,,211.75,N,Not at Intersection, ,Non-Junction,None,,,         ,Erik,Wagner,Clear,"Sideswipe, Same Direction",no,no,no,no,no,False
103100115,METROPOLITAN NASHVILLE POLICE DEPT,20210506353,Davidson,Nashville,9/27/2021 5:00:00 AM,1,1,0,36.229380,-86.597080,SAUNDERSVILLE RD,,,,0.00,,,,,,,0.00,,,N,Non-Junction,None,,,         ,Nelson,Hemingway,Clear,Not Collision with Motor Vehicle in Transport,no,no,no,no,no,False
103100147,METROPOLITAN NASHVILLE POLICE DEPT,20210502838,Davidson,Nashville,9/23/2021 8:45:00 PM,2,0,0,36.155020,-86.779450,8TH AVS,,,,100.00,Feet,West,KOREAN VETERANS BLVD,,,,0.00,N,Not at Intersection, ,OtherLocation,None,,,         ,Wesley,Henderson,Clear,Angle,no,no,no,no,no,False
103100149,METROPOLITAN NASHVILLE POLICE DEPT,20210505521,Davidson,Nashville,9/26/2021 3:25:00 PM,2,0,0,36.167600,-86.773700,RUSSELL ST,,,,0.00,,,,,,,0.00,,,N,OtherLocation,None,,,         ,Donald,Davidson,Clear,Angle,no,no,no,yes,no,False
103100155,METROPOLITAN NASHVILLE POLICE DEPT,20210506474,Davidson,Nashville,9/27/2021 7:47:00 AM,2,1,0,36.134320,-86.759160,NOLENSVILLE PKE,,,,127.00,Feet,North,CRAIGHEAD ST,,,,0.00,N,Not at Intersection,N,Non-Junction,None,,,         ,Charles,Wakefield,Clear,Front to Rear,no,no,no,no,no,False
103100185,METROPOLITAN NASHVILLE POLICE DEPT,20210506815,Davidson,Nashville,9/27/2021 12:00:00 AM,2,0,0,36.123510,-86.754070,KLINE AV,,,,520.00,Feet,South,ROSEDALE AV,,,,0.00,N,Not at Intersection,N,Non-Junction,None,,,         ,Earl,Davis,Unknown,"Sideswipe, Same Direction",no,no,no,no,yes,False
103100186,METROPOLITAN NASHVILLE POLICE DEPT,20210506630,Davidson,Nashville,9/27/2021 9:00:00 AM,2,0,0,36.148400,-86.745430,I 40,,,,0.00,,,,,,,211.90,N,Not at Intersection,N,Entrance/Exit Ramp Related,None,,,         ,Greg,Lyons,Clear,"Sideswipe, Same Direction",no,no,no,no,yes,False
103100188,GOODLETTSVILLE POLICE DEPT,21-27173,Davidson,Goodlettsville,9/27/2021 9:25:00 AM,1,0,0,36.324360,-86.708890,E CEDAR ST,,,,565.00,Feet,South,CARTWRIGHT ST,,,,0.00,N,Not at Intersection, ,Non-Junction,None,,,         ,Alexander,Bardill,Clear,Not Collision with Motor Vehicle in Transport,no,no,no,no,no,False
103100194,METROPOLITAN NASHVILLE POLICE DEPT,20210506833,Davidson,Not in City Limit,9/27/2021 11:29:00 AM,2,2,0,36.266530,-86.690110,N DUPONT AV,,,,0.00,,,MYATT DR,,,,0.00,Y,Four-Way,N,Intersection,None,,,         ,Christopher,Littles,Clear,HeadOn,no,no,no,no,no,False
103100217,METROPOLITAN NASHVILLE POLICE DEPT,20210506608,Davidson,Nashville,9/27/2021 8:07:00 AM,2,0,0,36.060150,-86.715890,STRASSER DR,,,,132.00,Feet,East,US HWY 31 ALT,,,,0.00,N,Not at Intersection,N,Non-Junction,None,,,         ,Nicholas,Carter,Clear,Angle,no,no,no,no,no,False
103100259,METROPOLITAN NASHVILLE POLICE DEPT,20210506966,Davidson,Nashville,9/27/2021 12:47:00 PM,2,1,0,36.156730,-86.803330,20TH AVN,,,,0.00,,,ARENA PL,,,,0.00,Y,T-Intersection,N,Intersection,None,,,         ,Earl,Davis,Clear,"Sideswipe, Same Direction",no,no,no,no,no,False
103100262,VANDERBILT UNIVERSITY POLICE,210506866,Davidson,Nashville,9/27/2021 11:00:00 AM,2,0,0,36.138940,-86.803720,CHILDRENS WAY,,,,168.00,Feet,West,23RD AVS,,,,0.00,N,Not at Intersection, ,Non-Junction,None,,,         ,Eric,Carter,Clear,"Sideswipe, Same Direction",no,no,no,yes,no,Campus
103100284,METROPOLITAN NASHVILLE POLICE DEPT,20210507016,Davidson,Nashville,9/27/2021 1:11:00 PM,3,4,0,36.100190,-86.739730,NOLENSVILLE PKE,,,,144.00,Feet,South,CHILTON ST,,,,0.00,N,Not at Intersection,N,Non-Junction,None,,,         ,Robert,Higgins,Clear,Front to Rear,no,no,no,no,no,False
103100285,TENNESSEE STATE UNIVERSITY ,21-TSU-34703,Davidson,Nashville,9/27/2021 12:01:00 PM,1,0,0,36.168020,-86.832590,37TH AVN,,,,0.00,Feet,East,TIGERBELLE DR,,,,0.00,N,Not at Intersection, ,Non-Junction,None,,,         ,Inice,Wagner,Clear,Not Collision with Motor Vehicle in Transport,no,no,no,yes,no,False
103100286,METROPOLITAN NASHVILLE POLICE DEPT,20210506984,Davidson,Nashville,9/27/2021 12:35:00 PM,2,0,0,36.149260,-86.773600,I 40,,,,0.00,,,,,,,210.15,N,Not at Intersection, ,,None,,,         ,Jackson,Smythe,,,no,no,no,no,no,False
103100290,METROPOLITAN NASHVILLE POLICE DEPT,20210507024,Davidson,Not in City Limit,9/27/2021 12:00:00 AM,1,0,0,36.021680,-86.628880,I 24,,,,0.00,,,,,,,61.90,N,Not at Intersection, ,Non-Junction,None,,,         ,Darrin,Hardin,Clear,Not Collision with Motor Vehicle in Transport,no,no,no,no,no,False
103100304,METROPOLITAN NASHVILLE POLICE DEPT,20210506955,Davidson,Nashville,9/27/2021 12:42:00 PM,3,0,0,36.077710,-86.642220,MURFREESBORO PKE,,,,306.00,Feet,West,LAKEVILLA DR,,,,0.00,N,Not at Intersection,N,Non-Junction,None,,,         ,Michael,Brooks,Clear,Angle,no,no,no,no,no,False
103100324,METROPOLITAN NASHVILLE POLICE DEPT,20210507009,Davidson,Nashville,9/27/2021 1:02:00 PM,2,0,0,36.080930,-86.645950,MURFREESBORO PKE,,,,244.00,Feet,South,SCOTT VALLEY DR,,,,0.00,N,Not at Intersection,N,Non-Junction,None,,,         ,Marcus,Darden,Clear,"Sideswipe, Same Direction",no,no,no,no,no,False
103100372,METROPOLITAN NASHVILLE POLICE DEPT,20210507172,Davidson,Nashville,9/27/2021 1:07:00 PM,2,0,0,36.187040,-86.631110,CENTRAL PKE,,,,0.00,,,LEBANON PKE,,,,0.00,Y,T-Intersection, ,Intersection,None,,,         ,Joseph,Simon,Clear,Front to Rear,no,no,no,no,no,False
103100383,METROPOLITAN NASHVILLE POLICE DEPT,20210506953,Davidson,Nashville,9/27/2021 12:15:00 PM,2,0,0,36.147240,-86.743650,I 40,,,,0.00,,,,,,,212.00,N,Not at Intersection,N,Non-Junction,None,,,         ,Reagan,Heath,Clear,Angle,no,no,no,no,no,False
103100386,METROPOLITAN NASHVILLE POLICE DEPT,20210506937,Davidson,Nashville,9/27/2021 11:50:00 AM,2,1,0,36.086550,-86.698400,HARDING PL,,,,90.00,Feet,East,I24 W EXT RAMP,,,,0.00,N,Not at Intersection,N,Non-Junction,None,,,         ,Jason,Hees,Clear,Front to Rear,no,no,no,no,yes,False
103100387,METROPOLITAN NASHVILLE POLICE DEPT,20210506940,Davidson,Nashville,9/27/2021 11:30:00 AM,2,0,0,36.080450,-86.717640,HARDING PL,,,,87.00,Feet,East,JONQUIL DR,,,,0.00,N,Not at Intersection,N,Non-Junction,None,,,         ,Jason,Hees,Clear,Front to Rear,no,no,no,no,yes,False
103100388,METROPOLITAN NASHVILLE POLICE DEPT,20210506862,Davidson,Nashville,9/27/2021 11:50:00 AM,2,2,0,36.079540,-86.719090,WALLACE RD,,,,0.00,,,,,,,0.00,,,N,Non-Junction,None,,,         ,Jason,Hees,Clear,Angle,no,no,no,yes,no,False
103100420,METROPOLITAN NASHVILLE POLICE DEPT,20210505775,Davidson,Nashville,9/26/2021 7:21:00 PM,2,0,0,36.061300,-86.716680,NOLENSVILLE PKE,,,,0.00,Feet,,MCMURRAY DR,,,,0.00,Y,T-Intersection,N,Intersection-Related,None,,,         ,Dylan,Motes,Clear,Angle,no,no,no,no,yes,False
103100445,METROPOLITAN NASHVILLE POLICE DEPT,20210507127,Davidson,Nashville,9/27/2021 2:27:00 PM,2,1,0,36.044960,-86.666440,BELL RD,,,,199.00,Feet,East,CEDAR POINTE PKWY,,,,0.00,N,Not at Intersection,N,Non-Junction,None,,,         ,Andrew,Brazee,Clear,Angle,no,no,no,no,no,False
103100449,METROPOLITAN NASHVILLE POLICE DEPT,20210507270,Davidson,Nashville,9/27/2021 3:59:00 PM,2,0,0,36.072760,-86.635890,BELL RD,,,,0.00,,,,,,,0.00,,, ,Non-Junction,None,,,         ,Joseph,Hurst,Clear,Angle,no,no,no,no,no,False
103100473,METROPOLITAN NASHVILLE POLICE DEPT,20210507158,Davidson,Not in City Limit,9/27/2021 2:51:00 PM,2,0,0,36.263070,-86.711920,STATE RT 45,,,,0.00,Feet,West,GALLATIN PKEN,,,,0.00,N,Not at Intersection, ,Non-Junction,None,,,         ,Austin,Bowles,Clear,Front to Rear,no,no,no,no,yes,False
103100479,METROPOLITAN NASHVILLE POLICE DEPT,20210505946,Davidson,Not in City Limit,9/26/2021 8:32:00 PM,2,0,0,36.264070,-86.690290,STATE RT 45,,,,0.00,,,MYATT DR,,,,0.00,Y,Four-Way, ,Non-Junction,None,,,         ,Kaitlyn,Qualls,Clear,"Sideswipe, Same Direction",no,no,no,no,yes,False
103100488,METROPOLITAN NASHVILLE POLICE DEPT,20210507355,Davidson,Nashville,9/27/2021 4:53:00 PM,2,1,0,36.142370,-86.709500,I 40,,,,0.00,,,,,,,214.20,N,Not at Intersection,N,Non-Junction,None,,,         ,Joseph,Simon,,Front to Rear,no,no,no,no,no,False
103100489,METROPOLITAN NASHVILLE POLICE DEPT,20210507329,Davidson,Nashville,9/27/2021 4:36:00 PM,2,0,0,36.171740,-86.754940,S 9TH ST,,,,0.00,,,BOSCOBEL ST,,,,0.00,Y,Four-Way, ,Intersection-Related,None,,,         ,Jason,Milyaro Lucas,Clear,Angle,no,no,no,no,no,False
103100496,METROPOLITAN NASHVILLE POLICE DEPT,20210507334,Davidson,Nashville,9/27/2021 3:53:00 PM,2,0,0,36.056940,-86.700010,TUSCULUM RD,,,,0.00,,,COLEMONT DR,,,,0.00,Y,Four-Way, ,Intersection,None,,,         ,Laura,Williams,Clear,Angle,no,no,no,no,no,False
103100497,METROPOLITAN NASHVILLE POLICE DEPT,20210507299,Davidson,Nashville,9/27/2021 4:13:00 PM,2,0,0,36.117420,-86.719060,EAST THOMPSON LN,,,,0.00,,,OLD GLENROSE AV,,,,0.00,Y,T-Intersection, ,,None,,,         ,Joseph,Hurst,,,no,no,no,no,no,False
103100506,METROPOLITAN NASHVILLE POLICE DEPT,20210507286,Davidson,Nashville,9/27/2021 3:30:00 PM,2,0,0,36.176390,-86.769730,I24 W EXT RAMP,,,,0.00,Feet,East,SPRING ST,,,,0.00,N,Not at Intersection, ,Non-Junction,None,,,         ,Kyle,Kinsman,Clear,Angle,no,no,no,no,no,False
103100507,METROPOLITAN NASHVILLE POLICE DEPT,20210507274,Davidson,Nashville,9/27/2021 3:25:00 PM,2,1,0,36.111630,-86.773400,FRANKLIN PKE,,,,0.00,,,FRANKLIN PKE SB ENT RAMP,,,,0.00,Y,Four-Way,N,Intersection,None,,,         ,Tyler,Shanks,Clear,Angle,no,no,no,no,no,False
103100513,METROPOLITAN NASHVILLE POLICE DEPT,20210507357,Davidson,Nashville,9/27/2021 4:50:00 PM,3,0,0,36.246600,-86.783890,I 24,,,,0.00,,,,,,,42.80,N,Not at Intersection,N,Non-Junction,None,,,         ,Thomas,Denenea,Clear,Front to Rear,no,no,no,no,no,False
103100516,METROPOLITAN NASHVILLE POLICE DEPT,20210507414,Davidson,Nashville,9/27/2021 5:30:00 PM,1,1,0,36.109300,-86.728150,SOUTHLAKE DR,,,,62.00,Feet,South,BRILEY PKWYN,,,,0.00,N,Not at Intersection,N,Non-Junction,None,,,         ,John,Walden,Clear,Not Collision with Motor Vehicle in Transport,no,yes,no,no,no,False
103100517,METROPOLITAN NASHVILLE POLICE DEPT,20210505831,Davidson,Nashville,9/26/2021 8:18:00 PM,1,0,0,36.058530,-86.719280,TUSCULUM RD,,,,0.00,,,HASTY DR,,,,0.00,Y,Four-Way,N,Intersection-Related,None,,,         ,Dylan,Motes,Clear,Not Collision with Motor Vehicle in Transport,no,no,no,no,no,False
103100518,METROPOLITAN NASHVILLE POLICE DEPT,20210507265,Davidson,Nashville,9/27/2021 3:52:00 PM,2,1,0,36.077580,-86.732190,HARDING PL,,,,191.00,Feet,West,MILNER DR,,,,0.00,N,Not at Intersection,N,Non-Junction,None,,,         ,Matthew,Hogan,Clear,"Sideswipe, Same Direction",no,no,no,no,no,False
103100529,METROPOLITAN NASHVILLE POLICE DEPT,20210507397,Davidson,Nashville,9/27/2021 5:21:00 PM,2,1,0,36.082480,-86.627690,MOSSDALE DR,,,,316.00,Feet,East,BELL RD,,,,0.00,N,Not at Intersection,N,Non-Junction,None,,,         ,Dontaveous,Eubanks,,Rear to Side,no,no,no,no,no,False
103100532,METROPOLITAN NASHVILLE POLICE DEPT,20210507424,Davidson,Nashville,9/27/2021 4:50:00 PM,2,0,0,36.170170,-86.807360,I 40,,,,0.00,,,,,,,207.25,N,Not at Intersection, ,Non-Junction,None,,,         ,Jarrett,Messick,Clear,Front to Rear,no,no,no,no,no,False
103100533,METROPOLITAN NASHVILLE POLICE DEPT,20210507180,Davidson,Nashville,9/27/2021 3:05:00 PM,2,1,0,36.209040,-86.865360,ASHLAND CITY HWY,,,,0.00,,,CATO RD,,,,0.00,Y,Four-Way,Y,Intersection,None,,,         ,Tristen,Mayfield,Clear,Angle,no,no,no,no,no,False
103100534,METROPOLITAN NASHVILLE POLICE DEPT,20210507368,Davidson,Nashville,9/27/2021 5:05:00 PM,2,1,0,36.211000,-86.838930,NORTHSIDE STATION PVTDR,,,,0.00,,,CLARKSVILLE PKE,,,,0.00,Y,Four-Way,Y,Intersection,Construction Zone,Work On Shoulder Or Median,Activity Area,         ,Tristen,Mayfield,Clear,Angle,no,no,no,no,yes,False
103100536,METROPOLITAN NASHVILLE POLICE DEPT,20210507476,Davidson,Nashville,9/27/2021 4:00:00 PM,2,0,0,36.134280,-86.779090,WEDGEWOOD AV,,,,0.00,,,8TH AVS,,,,0.00,Y,Four-Way,Y,Intersection,None,,,         ,Chase,Harriman,Clear,Angle,no,no,no,no,yes,False
103100539,METROPOLITAN NASHVILLE POLICE DEPT,20210507288,Davidson,Nashville,9/27/2021 3:24:00 PM,2,0,0,36.082640,-86.764770,HARDING PL,,,,103.00,Feet,East,I65 S ENT RAMP,,,,0.00,N,Not at Intersection,N,Non-Junction,None,,,         ,Dylan,Motes,Clear,"Sideswipe, Same Direction",no,no,no,no,yes,False
103100541,METROPOLITAN NASHVILLE POLICE DEPT,20210507458,Davidson,Nashville,9/27/2021 5:47:00 PM,2,1,0,36.071760,-86.665160,APOLLO DR,,,,0.00,,,,,,,0.00,,,N,Non-Junction,None,,,         ,Joseph,Hurst,Clear,Rear to Side,no,no,no,no,yes,False
103100565,METROPOLITAN NASHVILLE POLICE DEPT,20210507521,Davidson,Nashville,9/27/2021 6:53:00 PM,3,0,0,36.097210,-86.709150,I 24,,,,0.00,,,,,,,54.80,N,Not at Intersection,N,Non-Junction,None,,,         ,Joseph,Hurst,Clear,Front to Rear,no,no,no,no,yes,False
103100566,METROPOLITAN NASHVILLE POLICE DEPT,20210507462,Davidson,Nashville,9/27/2021 6:09:00 PM,2,1,0,36.153710,-86.721560,SPENCE LN,,,,0.00,,,LEBANON PKE,,,,0.00,Y,Four-Way,N,Intersection,None,,,         ,Reagan,Heath,,Angle,no,no,no,no,yes,False
103100580,METROPOLITAN NASHVILLE POLICE DEPT,20210507590,Davidson,Nashville,9/27/2021 7:45:00 PM,2,0,0,36.099480,-86.710960,I 24,,,,0.00,,,,,,,54.60,N,Not at Intersection, ,,None,,,         ,Joseph,Hurst,,,no,no,no,no,no,False
103100589,METROPOLITAN NASHVILLE POLICE DEPT,20210507614,Davidson,Nashville,9/27/2021 8:00:00 PM,2,1,0,36.229780,-86.761480,EWING DR,,,,657.00,Feet,South,DICKERSON PKE,,,,0.00,N,Not at Intersection,N,Non-Junction,None,,,         ,Adam,Warren,Clear,Front to Rear,no,no,no,no,no,False
103100602,METROPOLITAN NASHVILLE POLICE DEPT,20210507576,Davidson,Nashville,9/27/2021 7:35:00 PM,1,1,0,36.173570,-86.790090,JEFFERSON ST,,,,0.00,,,7TH AVN,,,,0.00,Y,Four-Way,N,Intersection,None,,,         ,Jarrett,Messick,Clear,Not Collision with Motor Vehicle in Transport,no,yes,no,no,no,False
103100672,METROPOLITAN NASHVILLE POLICE DEPT,20210507589,Davidson,Nashville,9/27/2021 7:29:00 PM,2,0,0,36.060300,-86.714270,RAYWOOD LN,,,,0.00,,,STRASSER DR,,,,0.00,Y,Four-Way,N,Intersection,None,,,         ,Joseph,Hurst,Clear,Angle,no,no,no,no,no,False
103100697,METROPOLITAN NASHVILLE POLICE DEPT,20210507806,Davidson,Not in City Limit,9/27/2021 9:25:00 PM,2,0,0,36.263620,-86.717340,OLD HICKORY BLVDW,,,,130.00,Feet,East,GIBSON DR,,,,0.00,N,Not at Intersection,N,Non-Junction,None,,,         ,Jonathon,Sheppard,Clear,Front to Rear,no,no,no,no,yes,False
103100699,METROPOLITAN NASHVILLE POLICE DEPT,20210507748,Davidson,Nashville,9/27/2021 9:40:00 PM,1,1,0,36.149340,-86.743160,FESSLERS LN,,,,75.00,Feet,North,FESSLERS PKWY,,,,0.00,N,Not at Intersection,N,Non-Junction,None,,,         ,Reagan,Heath,Clear,Not Collision with Motor Vehicle in Transport,yes,no,no,no,no,False
103100707,METROPOLITAN NASHVILLE POLICE DEPT,20210507262,Davidson,Nashville,9/27/2021 3:50:00 PM,2,1,0,36.105730,-86.672050,MURFREESBORO PKE,,,,83.00,Feet,West,EZELL PKE,,,,0.00,N,Not at Intersection,N,Non-Junction,None,,,         ,Crockett,Bruce,,Front to Rear,no,no,no,no,no,False
103100720,METROPOLITAN NASHVILLE POLICE DEPT,20210507838,Davidson,Nashville,9/27/2021 8:51:00 PM,2,0,0,36.185850,-86.798000,I65 S EXT RAMP,,,,0.00,Feet,East,I 65,,,,0.00,N,Not at Intersection,N,Non-Junction,None,,,         ,Christopher,Cantrell,Clear,Front to Rear,no,no,no,no,yes,False
103100721,METROPOLITAN NASHVILLE POLICE DEPT,20210507868,Davidson,Goodlettsville,9/27/2021 10:50:00 PM,2,1,0,36.296370,-86.715210,I 65,,,,0.00,,,,,,,94.80,N,Not at Intersection,N,Non-Junction,None,,,         ,Jonathon,Sheppard,Clear,"Sideswipe, Same Direction",no,no,no,no,yes,False
103100730,METROPOLITAN NASHVILLE POLICE DEPT,20210507199,Davidson,Not in City Limit,9/27/2021 3:14:00 PM,2,1,0,36.134000,-86.927580,RIVER ROAD,,,,0.00,Feet,,RIVER VIEW DR,,,,0.00,Y,T-Intersection,N,Intersection-Related,None,,,         ,Jeremy,Huffine,Clear,Angle,no,no,no,no,no,False
103100735,GOODLETTSVILLE POLICE DEPT,21-27220,Davidson,Goodlettsville,9/27/2021 8:50:00 PM,1,0,0,36.311120,-86.706070,MOSS TRL,,,,116.00,Feet,South,RIVERGATE PKWY,,,,0.00,N,Not at Intersection, ,Non-Junction,None,,,         ,Matt,Shoesmith,Clear,Not Collision with Motor Vehicle in Transport,no,no,no,no,no,False
103100763,METROPOLITAN NASHVILLE POLICE DEPT,20210507908,Davidson,Nashville,9/27/2021 10:25:00 PM,2,0,0,36.143310,-86.686360,I 40,,,,0.00,,,,,,,215.50,N,Not at Intersection, ,Non-Junction,None,,,         ,William,Sutherland,,Not Collision with Motor Vehicle in Transport,no,no,no,no,no,False
103100764,METROPOLITAN NASHVILLE POLICE DEPT,20210508023,Davidson,Nashville,9/28/2021 1:02:00 AM,2,2,0,36.106210,-86.673060,MURFREESBORO PKE,,,,0.00,,,DONELSON PKE,,,,0.00,Y,Four-Way,N,Intersection,None,,,         ,Torry,Hill,,HeadOn,no,no,no,no,no,False
103100765,Nashville Airport Police,2021-03640,Davidson,Nashville,9/23/2021 11:59:00 PM,2,3,0,36.129140,-86.665380,DONELSON PKE,,,,0.00,,,DONELSON PKE S ENT RAMP,,,,0.00,Y,OTHER,N,Crossover-Related,None,,,         ,Gabriel,Angel,Clear,HeadOn,no,no,no,no,no,False
103100768,METROPOLITAN NASHVILLE POLICE DEPT,20210508082,Davidson,Nashville,9/28/2021 1:40:00 AM,2,0,0,36.134270,-86.778660,WEDGEWOOD AV,,,,128.00,Feet,East,8TH AVS,,,,0.00,N,Not at Intersection,N,Non-Junction,None,,,         ,Sean,Fitzmaurice,Clear,Angle,no,no,no,no,yes,False
103100806,METROPOLITAN NASHVILLE POLICE DEPT,20210507805,Davidson,Nashville,9/27/2021 9:59:00 PM,2,0,0,36.045370,-86.713260,OLD HICKORY BLVD,,,,0.00,,,NOLENSVILLE PKE,,,,0.00,Y,Four-Way,N,Intersection-Related,None,,,         ,Sierra,Walker,Clear,Angle,no,no,no,no,no,False
103100829,METROPOLITAN NASHVILLE POLICE DEPT,20210508322,Davidson,Nashville,9/27/2021 11:30:00 PM,1,1,0,36.026790,-86.665580,PETTUS RD,,,,599.00,Feet,West,LIGHTWOOD DR,,,,0.00,N,Not at Intersection,N,Non-Junction,None,,,         ,Douglas,Meringer,Clear,Not Collision with Motor Vehicle in Transport,no,no,no,no,no,False
103100836,METROPOLITAN NASHVILLE POLICE DEPT,20210508377,Davidson,Madison,9/28/2021 5:30:00 AM,2,0,0,36.300770,-86.694820,SHEPHERD HILLS DR,,,,0.00,,,RIVERGATE MALL PVTDR,,,,0.00,Y,Four-Way,N,Intersection,None,,,         ,Ian,Wilson,Clear,Angle,no,no,no,no,yes,False
103100885,METROPOLITAN NASHVILLE POLICE DEPT,20210508430,Davidson,Nashville,9/28/2021 7:30:00 AM,1,1,0,36.049450,-86.673180,BLUE HOLE RD,,,,477.00,Feet,South,TIMBERLAKE CIR,,,,0.00,N,Not at Intersection,N,Non-Junction,None,,,         ,Stanley,Collins,Clear,Not Collision with Motor Vehicle in Transport,no,no,no,no,no,False
103100894,METROPOLITAN NASHVILLE POLICE DEPT,20210507519,Davidson,Not in City Limit,9/27/2021 12:00:00 AM,1,0,0,36.015460,-86.665810,MOONGLOW CT,,,,0.00,,,SUNDOWN DR,,,,0.00,Y,T-Intersection, ,Non-Junction,None,,,         ,Steven,Williams,Clear,Not Collision with Motor Vehicle in Transport,no,no,no,no,yes,False
103100898,METROPOLITAN NASHVILLE POLICE DEPT,20210508419,Davidson,Nashville,9/28/2021 7:23:00 AM,2,0,0,36.214040,-86.764960,ROCK ST,,,,170.00,Feet,West,DICKERSON PKE,,,,0.00,N,Not at Intersection,N,Non-Junction,None,,,         ,Jarret,Sonnenberg,Clear,Front to Rear,no,no,no,no,no,False
103100899,METROPOLITAN NASHVILLE POLICE DEPT,20210508478,Davidson,Nashville,9/28/2021 7:50:00 AM,2,0,0,36.218500,-86.837030,KINGS LN,,,,0.00,,,CLARKSVILLE PKE,,,,0.00,Y,Four-Way, ,Intersection-Related,None,,,         ,Michael,Richardson,Clear,Other,no,no,no,no,no,False
103100908,METROPOLITAN NASHVILLE POLICE DEPT,20210508401,Davidson,Nashville,9/28/2021 7:10:00 AM,2,1,0,36.225930,-86.777470,I65 S ENT RAMP,,,,0.00,Feet,,I 65,,,,0.00,Y,OTHER,Y,Entrance/Exit Ramp Related,None,,,         ,Jeanine,Sarno,Clear,Front to Rear,no,no,no,no,no,False
103100911,METROPOLITAN NASHVILLE POLICE DEPT,20210508513,Davidson,Nashville,9/28/2021 8:10:00 AM,2,0,0,36.158130,-86.771760,HERMITAGE AV,,,,71.00,Feet,South,KOREAN VETERANS BLVD,,,,0.00,N,Not at Intersection, ,,None,,,         ,Jerrod,Kalinsky,,,no,no,no,no,no,False
103100918,METROPOLITAN NASHVILLE POLICE DEPT,20210508544,Davidson,Nashville,9/28/2021 8:38:00 AM,2,0,0,36.140250,-86.666310,I40 E EXT RAMP,,,,0.00,,,DONELSON PKE,,,,0.00,Y,OTHER, ,Entrance/Exit Ramp Related,None,,,         ,Dylan,Colquhoun,Clear,Front to Rear,no,no,no,no,no,False
103100919,METROPOLITAN NASHVILLE POLICE DEPT,20210507316,Davidson,Nashville,9/27/2021 4:28:00 PM,2,0,0,36.130510,-86.802840,BLAIR BLVD,,,,266.00,Feet,West,US HWY 431,,,,0.00,N,Not at Intersection, ,Non-Junction,None,,,         ,Sekou,Samassi,Clear,Angle,no,no,no,no,no,False
103100924,METROPOLITAN NASHVILLE POLICE DEPT,20210508434,Davidson,Nashville,9/28/2021 7:30:00 AM,2,0,0,36.147880,-86.642140,I 40,,,,0.00,,,,,,,218.10,N,Not at Intersection, ,Non-Junction,None,,,         ,Eric,Cunningham,Clear,Front to Rear,no,no,no,no,no,False
103100929,METROPOLITAN NASHVILLE POLICE DEPT,20210508538,Davidson,Nashville,9/28/2021 8:36:00 AM,2,0,0,36.123720,-86.811140,I440 E EXT RAMP,,,,0.00,Feet,East,I 440,,,,0.00,N,Not at Intersection,N,Non-Junction,None,,,         ,Darren,Key,Clear,Front to Rear,no,no,no,no,no,False
103100936,METROPOLITAN NASHVILLE POLICE DEPT,20210508610,Davidson,Nashville,9/28/2021 9:00:00 AM,2,0,0,36.165580,-86.794630,I 40,,,,0.00,,,,,,,208.60,N,Not at Intersection, ,Non-Junction,None,,,         ,Earl,Davis,Clear,Front to Rear,no,no,no,no,no,False
103100943,METROPOLITAN NASHVILLE POLICE DEPT,20210508599,Davidson,Nashville,9/28/2021 9:20:00 AM,1,0,0,36.190340,-86.790480,I 65,,,,0.00,,,,,,,85.70,N,Not at Intersection, ,,None,,,         ,Jean,McCormack,,,no,no,no,no,no,False
103100953,METROPOLITAN NASHVILLE POLICE DEPT,20210508373,Davidson,Antioch,9/28/2021 6:40:00 AM,2,0,0,36.032660,-86.611920,PRESERVE BLVD,,,,0.00,,,OLD HICKORY BLVD,,,,0.00,Y,T-Intersection, ,Non-Junction,None,,,         ,Gregory,Dixon,Clear,Front to Rear,no,no,no,no,no,False
103100968,METROPOLITAN NASHVILLE POLICE DEPT,20210508368,Davidson,Nashville,9/28/2021 6:15:00 AM,3,0,0,36.225930,-86.777470,I65 S ENT RAMP,,,,0.00,Feet,East,I 65,,,,0.00,N,Not at Intersection,Y,Entrance/Exit Ramp Related,None,,,         ,Jeanine,Sarno,Clear,Front to Rear,no,no,no,no,no,False